10000

0
000000100

1
010000000

2
000000100

3
000000010

4
010000000

5
010000000

6
010000000

7
000001000

8
000000010

9
010000000

10
000100000

11
001000000

12
000000010

13
010000000

14
100000000

15
000100000

16
001000000

17
100000000

18
000100000

19
100000000

20
000100000

21
000000010

22
000001000

23
000000010

24
001010000

25
000000100

26
001000000

27
000001000

28
100000000

29
000100000

30
000100000

31
001001000

32
000000010

33
100000001

34
000010000

35
010000000

36
000001000

37
000010000

38
000001000

39
001000000

40
000000100

41
000100000

42
000000100

43
000000010

44
000000001

45
000001000

46
000100000

47
000100000

48
000000001

49
000010000

50
100000000

51
001000000

52
100000000

53
000000001

54
100000000

55
100000000

56
010000000

57
000000100

58
000000100

59
011000000

60
000100000

61
000010000

62
010000000

63
000001000

64
000010000

65
000000001

66
000100000

67
100000100

68
010000000

69
000000100

70
000010000

71
000000100

72
000001000

73
000010000

74
000000010

75
000000010

76
000000100

77
010000000

78
000000100

79
000000100

80
000000001

81
100000000

82
000001000

83
010000000

84
000010000

85
000000001

86
010000010

87
000010000

88
000010000

89
000000001

90
000010000

91
010000000

92
000000010

93
000000001

94
100000000

95
000000100

96
100000000

97
000010000

98
010000000

99
000001000

100
000000100

101
010000000

102
001000000

103
000001000

104
100000000

105
010000000

106
000100000

107
000000001

108
000000001

109
100000100

110
000000010

111
000000001

112
100000000

113
000000100

114
010000000

115
000010000

116
000000100

117
010000000

118
000000010

119
000000100

120
000000001

121
100000000

122
000010000

123
001000000

124
001000000

125
000010000

126
000001000

127
000000010

128
000010000

129
000000010

130
100000000

131
000000001

132
000101000

133
001000000

134
100000000

135
100000000

136
010000000

137
000100000

138
100000000

139
010000000

140
100000000

141
010000000

142
010000000

143
000010000

144
100000000

145
000001000

146
000001000

147
000010000

148
010000000

149
000001000

150
001000000

151
000100000

152
000010000

153
000000100

154
010000000

155
001000000

156
001000000

157
000000100

158
001000000

159
000000010

160
110000000

161
000000100

162
100000000

163
000010000

164
000000100

165
011001000

166
000010000

167
000000010

168
000000010

169
000000001

170
000010000

171
000000100

172
000000001

173
100000000

174
000100000

175
000000001

176
000000100

177
000000001

178
000010000

179
000000100

180
000010000

181
000000010

182
000000110

183
001000100

184
000010000

185
001000000

186
000010000

187
010000000

188
001010000

189
000000100

190
000010000

191
000000100

192
000000100

193
001000000

194
000000010

195
000000010

196
010000000

197
010000000

198
100000000

199
000010000

200
000000100

201
000000010

202
010000000

203
100000000

204
000010000

205
000100000

206
100000000

207
000000100

208
000110001

209
000000001

210
000000110

211
000010001

212
000000001

213
010000000

214
010000000

215
001000000

216
100000000

217
010000000

218
000000100

219
100000000

220
000010000

221
000100001

222
001000000

223
000100000

224
000100100

225
000100000

226
000001000

227
000000010

228
000001000

229
010000000

230
000000010

231
000001100

232
000100000

233
000000100

234
000011001

235
000000100

236
000000010

237
100000001

238
000000001

239
010000000

240
010000000

241
000000100

242
000100000

243
100000000

244
001000000

245
000001000

246
001000000

247
000000001

248
000000010

249
100000000

250
100000000

251
000000100

252
000000001

253
000000001

254
100000000

255
000000001

256
010000000

257
100000000

258
001000000

259
100000000

260
000000100

261
000010010

262
000000010

263
000001000

264
000100000

265
000010000

266
000100000

267
000000010

268
000000001

269
001000000

270
000000001

271
000100110

272
000100000

273
010000000

274
010000000

275
000001000

276
000001000

277
000000001

278
010000000

279
000010000

280
001000001

281
010000000

282
000100000

283
000000010

284
000000010

285
000001100

286
010011100

287
000000100

288
101000000

289
000000010

290
100000000

291
000000001

292
100000000

293
000000010

294
100000000

295
100100100

296
010000000

297
000000100

298
000000001

299
100000000

300
001000000

301
010001000

302
000000010

303
000100000

304
100000000

305
000001000

306
000001000

307
100000000

308
000000001

309
000000011

310
000001000

311
010000000

312
000010000

313
000000001

314
000001000

315
000000010

316
010000000

317
001000000

318
000000001

319
100000000

320
100000000

321
000010000

322
000000100

323
000000001

324
000100000

325
000001000

326
000000010

327
000010000

328
000010010

329
001000000

330
000000010

331
010000000

332
010000000

333
000010000

334
000000001

335
001000000

336
000001010

337
000000100

338
010000000

339
100000000

340
100001000

341
000001000

342
000000010

343
100000000

344
001000000

345
010000000

346
000000010

347
100100000

348
000100100

349
000000010

350
000000100

351
001000000

352
001000000

353
000001000

354
100000000

355
100000000

356
001000000

357
000001000

358
000000001

359
000100000

360
010000000

361
000100100

362
100000000

363
000100000

364
001000000

365
000000010

366
000000001

367
000100000

368
000000001

369
000000100

370
000000001

371
000001000

372
000010000

373
010000000

374
001100000

375
000100010

376
000000010

377
000001000

378
100000000

379
000000010

380
000000100

381
100000000

382
010000000

383
000001000

384
000000100

385
000001000

386
000000001

387
000001000

388
010000000

389
001000000

390
001000000

391
000000010

392
000100000

393
100000000

394
000001000

395
000101000

396
100000000

397
000100000

398
100000000

399
000000100

400
000010000

401
000100000

402
100100000

403
000000001

404
000100000

405
100000000

406
000100000

407
000100000

408
000100000

409
000010000

410
000010000

411
000000001

412
010000000

413
000000001

414
010000000

415
001000000

416
100011000

417
000010000

418
100000000

419
010000000

420
000000010

421
001000000

422
001000000

423
100010010

424
100000000

425
010000000

426
000010000

427
000001000

428
000010000

429
000000100

430
000010000

431
100000000

432
000000001

433
000010000

434
010000000

435
000100000

436
000000010

437
000000100

438
000000001

439
000000100

440
000000010

441
000100000

442
000010000

443
100000000

444
000100000

445
000100000

446
010000000

447
000100000

448
000000010

449
000100000

450
000000100

451
000000001

452
000000010

453
000000010

454
000010010

455
000010000

456
010000000

457
000000100

458
001000000

459
000010000

460
000110000

461
001000000

462
001000000

463
000010000

464
000001000

465
000000100

466
000000100

467
000100000

468
000000011

469
000001000

470
000000010

471
000001000

472
001000000

473
000000001

474
001000000

475
000010000

476
000000001

477
000000100

478
010000000

479
000100000

480
000000100

481
010000000

482
000000010

483
001000000

484
000001000

485
100000000

486
000010000

487
001010000

488
000000100

489
001000000

490
100000010

491
100000000

492
100000000

493
000100000

494
001000000

495
000000001

496
000110010

497
001000000

498
000000010

499
000000010

500
010000000

501
000000101

502
100000000

503
000100000

504
001000000

505
100000000

506
000001000

507
000001000

508
000001001

509
000010000

510
100000000

511
010000000

512
000000100

513
010000000

514
000001000

515
000000101

516
010000000

517
010000000

518
000100100

519
000100000

520
000000010

521
010000000

522
100010110

523
000010000

524
100000000

525
000000100

526
000100000

527
000000010

528
011000001

529
010011000

530
000000001

531
100000000

532
100000000

533
000000010

534
010000000

535
000010000

536
000010000

537
000000010

538
100000000

539
000000010

540
000100000

541
000010000

542
000100000

543
000010000

544
100000000

545
000100000

546
000001000

547
010000000

548
000000010

549
000000001

550
000100000

551
000010100

552
000010000

553
101000000

554
000000100

555
011000000

556
000000001

557
000000100

558
010000000

559
000100000

560
100000000

561
000000010

562
000010000

563
000000001

564
000000100

565
010000000

566
001000000

567
000000010

568
000000100

569
001000000

570
000001000

571
000000010

572
000000001

573
001001010

574
000100000

575
001000000

576
110000000

577
000000100

578
010000000

579
100000000

580
100000000

581
000000010

582
001000000

583
000000001

584
000001010

585
000001000

586
000001000

587
000000100

588
000001000

589
000110000

590
000001000

591
000100000

592
000010000

593
000000010

594
000001001

595
010000000

596
000010000

597
000000010

598
000010000

599
000000100

600
000100000

601
000010000

602
000000010

603
010000000

604
000010000

605
000000100

606
010000010

607
000000010

608
110000000

609
000100000

610
001000000

611
010000000

612
000001000

613
100000000

614
001000000

615
000001000

616
010010100

617
001000000

618
100000000

619
000000001

620
000010000

621
100000000

622
000001000

623
001100000

624
110000000

625
000000010

626
000000010

627
000010000

628
000000100

629
000000010

630
000010000

631
000001000

632
100000000

633
000010000

634
000000010

635
111111111

636
000000010

637
000000001

638
100000000

639
000010000

640
010000000

641
000000100

642
000000001

643
100000000

644
000000001

645
000001000

646
100000001

647
000001000

648
100000000

649
100000000

650
100001000

651
010001000

652
000010000

653
000010000

654
100000000

655
000000001

656
001000000

657
000000010

658
010000000

659
100000000

660
000010000

661
010000000

662
100000000

663
000000001

664
010000001

665
010000000

666
000000001

667
000100000

668
010000000

669
000000110

670
001000000

671
000010000

672
001000000

673
010010001

674
000000010

675
000001000

676
000010000

677
010000000

678
000000001

679
000000001

680
000010000

681
000001000

682
000000100

683
000001100

684
000000001

685
000001001

686
000001000

687
010000000

688
000100000

689
000001000

690
000000100

691
000100000

692
000000001

693
000000001

694
010000000

695
000100000

696
001000000

697
000010000

698
010000000

699
000000100

700
000000010

701
100000000

702
010000001

703
000011001

704
000000001

705
000001000

706
000000001

707
000010000

708
010000000

709
010000000

710
100000000

711
000001000

712
000000100

713
000000010

714
000000100

715
000010010

716
000001001

717
100001010

718
001000000

719
000000010

720
000000100

721
010000000

722
010000000

723
100000000

724
010000000

725
001000000

726
000000101

727
100000000

728
100000000

729
000010000

730
000000100

731
000001000

732
001000000

733
010000000

734
001000000

735
010000000

736
100000000

737
001000000

738
010000000

739
000001000

740
000100000

741
000001000

742
000001000

743
000010000

744
100000000

745
000000001

746
000000010

747
000001000

748
010000000

749
010000000

750
000100000

751
000001000

752
100000000

753
001000000

754
000000100

755
000010000

756
100000000

757
000000010

758
100000000

759
000010000

760
000100100

761
000100000

762
000001000

763
000001000

764
000001000

765
000010000

766
100000000

767
000000001

768
000011000

769
000000001

770
010010000

771
000001000

772
000000010

773
100000000

774
100000000

775
100000010

776
000100000

777
100000000

778
000000001

779
000000100

780
000010000

781
100000000

782
010000000

783
001000001

784
001000000

785
000000100

786
000010000

787
100000100

788
100000000

789
000100000

790
000010000

791
000000100

792
010000000

793
000100000

794
000000001

795
100000010

796
000100000

797
000000100

798
000000001

799
000000011

800
100000000

801
000100000

802
000100000

803
000010000

804
000001000

805
100000000

806
000100000

807
000010000

808
000000001

809
001000000

810
001000000

811
010000000

812
000000001

813
000000100

814
001000000

815
111111111

816
000001000

817
100000000

818
100000000

819
000001000

820
100000000

821
000000010

822
000000001

823
000000100

824
000000100

825
001000000

826
100000000

827
000000100

828
000001001

829
100000000

830
001000000

831
000001000

832
000000100

833
000001000

834
000000001

835
000010000

836
000010000

837
010000011

838
000100000

839
000000100

840
000100000

841
000001000

842
000000001

843
000010000

844
100000000

845
000010000

846
000000010

847
000000100

848
000100000

849
000010000

850
100000000

851
000100000

852
000000001

853
000100000

854
000100000

855
000000001

856
001000000

857
000001000

858
000001000

859
100000000

860
010000000

861
000100000

862
100100000

863
010000000

864
000000001

865
000010000

866
000000010

867
000101000

868
100000000

869
000000001

870
100000000

871
001000000

872
100000000

873
010000000

874
000010000

875
000000001

876
010000000

877
100000001

878
100000000

879
000000100

880
100000000

881
001000000

882
000010000

883
000001000

884
000000010

885
100100000

886
100000000

887
000010000

888
001000000

889
010000000

890
000000010

891
000000010

892
100000000

893
100000000

894
001000000

895
000001000

896
000001000

897
010000000

898
000001000

899
000100000

900
010000000

901
000001000

902
010000000

903
100001000

904
000000010

905
010000000

906
100000000

907
010000000

908
000010000

909
000010000

910
001000000

911
000010000

912
000110000

913
001000001

914
010000000

915
000010000

916
100000000

917
000100000

918
000001000

919
000000100

920
100000000

921
000000100

922
010000000

923
000000100

924
100000000

925
000110000

926
000001000

927
000010000

928
000100000

929
000000100

930
111111111

931
001000001

932
000000100

933
110001000

934
010000000

935
100000100

936
001000000

937
000000100

938
000100000

939
000001000

940
000000100

941
000000100

942
000000010

943
010000000

944
010000010

945
000100000

946
010000000

947
100000001

948
000000001

949
000000010

950
000000010

951
000100000

952
000000001

953
000000100

954
000000001

955
000100000

956
000000010

957
000000010

958
000001000

959
010000000

960
000000100

961
000001000

962
000000001

963
000010000

964
100010000

965
100000000

966
000000100

967
000100000

968
000000100

969
100000000

970
001000000

971
100000000

972
101000000

973
100000000

974
000000010

975
000000100

976
001000000

977
000010000

978
010000000

979
010000000

980
000000010

981
000001000

982
000010000

983
000000001

984
000100000

985
110000000

986
011000000

987
010000000

988
000001000

989
000010000

990
000000010

991
000000001

992
001000000

993
000000010

994
010000000

995
010000000

996
000000010

997
001000100

998
000000010

999
000010000

1000
010000000

1001
001000000

1002
000000010

1003
001000000

1004
000010000

1005
010000000

1006
000100000

1007
000001000

1008
010000000

1009
000100000

1010
000010000

1011
000000001

1012
000000001

1013
000000010

1014
000000010

1015
000010000

1016
000010000

1017
000010001

1018
000010000

1019
000000100

1020
000000010

1021
000000100

1022
000001000

1023
001000000

1024
000000100

1025
000100000

1026
001001000

1027
000000010

1028
100000000

1029
000000001

1030
010000001

1031
000001000

1032
010000000

1033
000010000

1034
001011000

1035
001000000

1036
000001000

1037
010000000

1038
000001000

1039
100000000

1040
000010000

1041
000000001

1042
010000100

1043
000100000

1044
100000000

1045
000100000

1046
000001000

1047
000000100

1048
000010000

1049
000001100

1050
001000000

1051
111100000

1052
000001000

1053
100000000

1054
010000000

1055
000010000

1056
001000000

1057
000000100

1058
010000000

1059
000001000

1060
010000000

1061
000010000

1062
010000000

1063
100000000

1064
010000000

1065
000010000

1066
000000010

1067
100000000

1068
000001000

1069
001000000

1070
001000000

1071
100100000

1072
000100000

1073
010000000

1074
000100000

1075
000010000

1076
000100000

1077
000100000

1078
001000000

1079
000100000

1080
000001000

1081
100000000

1082
100000000

1083
010000000

1084
000000010

1085
000000010

1086
000000001

1087
000100000

1088
000000010

1089
000000100

1090
000100000

1091
010000000

1092
010000000

1093
000000100

1094
000000001

1095
000100000

1096
000000010

1097
001000000

1098
000100000

1099
000100000

1100
000010000

1101
000000001

1102
000000001

1103
000000100

1104
100000000

1105
000000010

1106
010000000

1107
000100000

1108
001000000

1109
000000010

1110
000000100

1111
000000100

1112
000000001

1113
000100000

1114
100010000

1115
001000000

1116
000000001

1117
010000000

1118
100000000

1119
100000000

1120
000010000

1121
001000001

1122
000100000

1123
100000000

1124
000010000

1125
000000001

1126
100000000

1127
000100000

1128
000000001

1129
100000000

1130
001000000

1131
000100000

1132
000010000

1133
000010000

1134
000000001

1135
000000010

1136
000001000

1137
000100000

1138
000001000

1139
000100000

1140
000100000

1141
000001000

1142
001000000

1143
000000001

1144
000000010

1145
000100000

1146
000010000

1147
000010000

1148
001000000

1149
000000100

1150
100000000

1151
000000010

1152
001000000

1153
001000001

1154
000001000

1155
000001000

1156
001000000

1157
100000000

1158
000100100

1159
000000010

1160
100000000

1161
001000000

1162
001000000

1163
000000001

1164
001000000

1165
010000000

1166
000000100

1167
001000000

1168
100000000

1169
000001000

1170
000100010

1171
000001000

1172
001000000

1173
000100000

1174
000000010

1175
000001000

1176
000001000

1177
000100000

1178
000001000

1179
000001000

1180
000110000

1181
010000000

1182
000000101

1183
000100000

1184
000000010

1185
000100000

1186
000000100

1187
000001000

1188
000000100

1189
000001000

1190
100000000

1191
000000001

1192
000100000

1193
011000000

1194
000001000

1195
000010000

1196
000001000

1197
000100000

1198
010000000

1199
000010000

1200
000000010

1201
000000100

1202
000000001

1203
000100000

1204
000000100

1205
000000010

1206
010000000

1207
000010000

1208
000100000

1209
000100000

1210
000100000

1211
010000000

1212
000000010

1213
000001000

1214
110000000

1215
001000000

1216
001000000

1217
000100000

1218
000100000

1219
100000000

1220
001001000

1221
000010000

1222
000010000

1223
000000010

1224
001000000

1225
100000000

1226
000001000

1227
100100000

1228
100000000

1229
001000000

1230
100000000

1231
000000010

1232
100000000

1233
000000100

1234
001000000

1235
010000000

1236
000100000

1237
000000010

1238
010000000

1239
000000010

1240
001000000

1241
000000010

1242
100000000

1243
000010000

1244
001000000

1245
010000000

1246
010000000

1247
000001000

1248
000000001

1249
000100000

1250
001000000

1251
000000010

1252
000001000

1253
000100000

1254
000000010

1255
010000000

1256
000000001

1257
000000100

1258
001000000

1259
010000000

1260
000100000

1261
100000000

1262
000000100

1263
000000001

1264
000100000

1265
000010001

1266
000001000

1267
000000001

1268
000100000

1269
000000001

1270
000000010

1271
000011000

1272
000000100

1273
000001000

1274
000010000

1275
000001000

1276
010000000

1277
000000100

1278
000000100

1279
000010000

1280
000000010

1281
000000100

1282
001000010

1283
100000000

1284
010000000

1285
001000000

1286
000000101

1287
000000010

1288
000000010

1289
100000000

1290
000010000

1291
000000010

1292
000000100

1293
010000000

1294
000000001

1295
000011100

1296
001000000

1297
000000100

1298
000010000

1299
010000000

1300
010000000

1301
100000000

1302
000000100

1303
010000000

1304
000001101

1305
000010000

1306
000000001

1307
000000100

1308
000000100

1309
000001000

1310
100000010

1311
010001000

1312
000000010

1313
001000110

1314
000000100

1315
000100000

1316
000000110

1317
000100000

1318
000001000

1319
000000010

1320
001000000

1321
000000010

1322
001000000

1323
001000000

1324
000100000

1325
010000000

1326
000010110

1327
010000000

1328
000100000

1329
000000010

1330
001000000

1331
000000001

1332
001000000

1333
000000100

1334
000001000

1335
000001000

1336
100000000

1337
000010000

1338
000000010

1339
100000000

1340
001000000

1341
100000000

1342
000010000

1343
100100000

1344
010000000

1345
100000000

1346
000000001

1347
000010000

1348
000000001

1349
000000010

1350
000010000

1351
000001000

1352
000010000

1353
001000000

1354
000010000

1355
000000001

1356
000010000

1357
010010000

1358
100000000

1359
000000001

1360
010010001

1361
001000000

1362
000100000

1363
000001000

1364
001000000

1365
001000000

1366
000000100

1367
000000110

1368
000010000

1369
000001000

1370
000010000

1371
010000000

1372
000000100

1373
000000010

1374
100000000

1375
100000000

1376
001000000

1377
000001000

1378
000001000

1379
000100100

1380
000000001

1381
010000000

1382
000001000

1383
000010000

1384
010000000

1385
010000000

1386
000000001

1387
001000000

1388
000100000

1389
000010000

1390
000001000

1391
000001000

1392
010000000

1393
010000000

1394
010000000

1395
100000000

1396
100000000

1397
000000100

1398
000000001

1399
000001000

1400
010000000

1401
000000001

1402
000000010

1403
001000000

1404
000010000

1405
000000010

1406
000000101

1407
100100000

1408
100000000

1409
000100000

1410
000000010

1411
001000000

1412
000000100

1413
000000010

1414
000000001

1415
000000100

1416
000110000

1417
000000001

1418
000010000

1419
000000010

1420
100000000

1421
000100000

1422
000000001

1423
000000100

1424
000001000

1425
010000000

1426
010000000

1427
000000010

1428
000000100

1429
000000001

1430
000000001

1431
001000000

1432
000001000

1433
001000001

1434
001000010

1435
000001000

1436
000000010

1437
001000000

1438
000100000

1439
000000001

1440
001000000

1441
000100000

1442
000000001

1443
100000000

1444
000001100

1445
100000000

1446
100000000

1447
010001100

1448
100000000

1449
010000100

1450
000000001

1451
000000001

1452
010000000

1453
000100000

1454
000001000

1455
000000100

1456
000000010

1457
000001000

1458
000010000

1459
000100000

1460
010000000

1461
000000100

1462
110000000

1463
010000100

1464
000010000

1465
000010000

1466
010000000

1467
000001000

1468
001000000

1469
000100000

1470
000000001

1471
000100001

1472
000010000

1473
000001000

1474
000000100

1475
100000001

1476
110000000

1477
000001000

1478
000000001

1479
010000000

1480
100000000

1481
100000000

1482
001000000

1483
100000000

1484
010000000

1485
100000000

1486
100000000

1487
010000000

1488
000001000

1489
001000000

1490
000010000

1491
000000001

1492
000001000

1493
000000010

1494
000000001

1495
000000010

1496
000000100

1497
000000001

1498
000100000

1499
000000010

1500
000010000

1501
010000000

1502
001010000

1503
000001000

1504
000010000

1505
010000010

1506
000100000

1507
000000100

1508
000010000

1509
000000100

1510
100001000

1511
100000000

1512
000001000

1513
000001000

1514
000000100

1515
001000000

1516
010000000

1517
010000000

1518
000001000

1519
100000000

1520
100000000

1521
000000100

1522
001000000

1523
100000000

1524
000000100

1525
000100000

1526
000000100

1527
100000000

1528
001000000

1529
000001000

1530
010000000

1531
001000000

1532
000000001

1533
100000000

1534
000000001

1535
000000001

1536
000001000

1537
100000000

1538
000100000

1539
000000100

1540
000000100

1541
000100000

1542
000100000

1543
100000000

1544
000000010

1545
010000000

1546
010000000

1547
000010000

1548
100000000

1549
010000000

1550
000010000

1551
001000000

1552
000000001

1553
000000100

1554
000001000

1555
000010000

1556
001001000

1557
000000001

1558
000010000

1559
010000000

1560
000010000

1561
001000000

1562
000010000

1563
100000000

1564
000001000

1565
000000001

1566
000100000

1567
100000000

1568
000100000

1569
000011001

1570
100000000

1571
000000100

1572
010000000

1573
000100000

1574
000001001

1575
000000100

1576
100000000

1577
010000000

1578
000010000

1579
001000000

1580
000000010

1581
000000100

1582
001000000

1583
000000001

1584
000100000

1585
000000100

1586
010001000

1587
000100000

1588
010000000

1589
000000100

1590
001000000

1591
000000100

1592
000010000

1593
000100000

1594
001001000

1595
100000000

1596
000000001

1597
001000000

1598
000100000

1599
000000100

1600
000000001

1601
000000011

1602
010000000

1603
000010010

1604
100000000

1605
000010000

1606
101000000

1607
100000000

1608
000000001

1609
000100000

1610
000001000

1611
010000000

1612
000000100

1613
000000010

1614
000100011

1615
000100000

1616
001000000

1617
010000000

1618
000101000

1619
000000010

1620
100000000

1621
000000010

1622
010000000

1623
000000010

1624
000000001

1625
000000010

1626
000100000

1627
010000000

1628
000010000

1629
000001000

1630
000000001

1631
000101000

1632
010010000

1633
010000000

1634
000000010

1635
000001000

1636
000000001

1637
001000000

1638
010000000

1639
100000000

1640
010000000

1641
000001000

1642
000100000

1643
010000000

1644
010000000

1645
001000000

1646
000100000

1647
000000010

1648
000001000

1649
010000000

1650
010000000

1651
001000000

1652
100000000

1653
100000000

1654
100000000

1655
000000100

1656
010000000

1657
000000010

1658
001000000

1659
000000100

1660
000000100

1661
100000000

1662
100000000

1663
000000010

1664
101000000

1665
001000000

1666
001000000

1667
010000100

1668
000000100

1669
000000001

1670
000100000

1671
000000100

1672
000010000

1673
000000100

1674
100000000

1675
000100000

1676
100001000

1677
000010000

1678
010000000

1679
000100000

1680
000000010

1681
010000000

1682
000001000

1683
000100000

1684
000001000

1685
001100000

1686
010000000

1687
000100000

1688
000100000

1689
000100000

1690
000100000

1691
000100000

1692
000000010

1693
000000100

1694
000000001

1695
000000010

1696
000000010

1697
000010000

1698
000010000

1699
000001000

1700
100000000

1701
000000001

1702
000000001

1703
100000000

1704
000000010

1705
100000000

1706
000100000

1707
010000000

1708
000100000

1709
000000100

1710
100010000

1711
000000100

1712
100000000

1713
001000010

1714
010000000

1715
100000000

1716
000000001

1717
000000001

1718
111000000

1719
000000010

1720
000100000

1721
100000000

1722
000000001

1723
000000010

1724
000000110

1725
000000101

1726
000000010

1727
100000000

1728
000000001

1729
000100000

1730
000001000

1731
000001000

1732
000000001

1733
000000100

1734
000010000

1735
000010000

1736
000001000

1737
000000001

1738
000000001

1739
000100000

1740
000000010

1741
000010000

1742
000100000

1743
000100000

1744
001000000

1745
001000000

1746
000001000

1747
001000010

1748
010000000

1749
000000100

1750
100000000

1751
000010000

1752
001000000

1753
000001000

1754
010000000

1755
000100000

1756
101000000

1757
000000001

1758
000000001

1759
010000000

1760
100000000

1761
000000010

1762
000000001

1763
000100000

1764
000100000

1765
000010000

1766
100000000

1767
000000010

1768
001000000

1769
000010000

1770
000000010

1771
001000000

1772
000100000

1773
000100000

1774
000000001

1775
000100001

1776
000001000

1777
000000100

1778
000001000

1779
000000100

1780
001000000

1781
000000001

1782
010000000

1783
001000000

1784
000000010

1785
000100000

1786
000010010

1787
001000000

1788
000100000

1789
111111111

1790
100010000

1791
001000000

1792
010000000

1793
100000000

1794
001000000

1795
000100000

1796
000010000

1797
000000100

1798
000001000

1799
000000010

1800
000000001

1801
000100000

1802
010000000

1803
000100000

1804
001010000

1805
001000000

1806
000001000

1807
000010000

1808
000001000

1809
100000000

1810
010000000

1811
100000000

1812
010000000

1813
000000100

1814
000100000

1815
100000000

1816
000000001

1817
001000000

1818
000000001

1819
000010000

1820
000000010

1821
000000010

1822
000010000

1823
100000000

1824
100000000

1825
001000000

1826
000000100

1827
000010000

1828
001000000

1829
000000001

1830
000100000

1831
000010000

1832
000000010

1833
001000000

1834
100000000

1835
000100000

1836
010000010

1837
000010000

1838
000000100

1839
001000001

1840
000000100

1841
000000010

1842
000000010

1843
000100000

1844
001000000

1845
000000100

1846
000010000

1847
000000100

1848
000000010

1849
000100000

1850
010100000

1851
000100000

1852
010000000

1853
000010000

1854
000010000

1855
110000000

1856
000001000

1857
010000000

1858
000000100

1859
000000100

1860
000010000

1861
000000001

1862
000000100

1863
000000010

1864
100000000

1865
000000001

1866
000000100

1867
000010000

1868
000100000

1869
001000000

1870
010000000

1871
000010000

1872
000000001

1873
001000000

1874
000010000

1875
000000010

1876
000000001

1877
010000000

1878
100100000

1879
000100000

1880
000000010

1881
001000000

1882
000000100

1883
010000000

1884
000001000

1885
100001000

1886
010000000

1887
000000100

1888
001000000

1889
000000010

1890
000000010

1891
000010000

1892
000010000

1893
000000001

1894
000000001

1895
100000000

1896
000001000

1897
000010000

1898
001000000

1899
000001000

1900
000100100

1901
000010000

1902
010000000

1903
000000001

1904
001100000

1905
000000001

1906
000110001

1907
000100000

1908
000100000

1909
000010000

1910
000100000

1911
000100000

1912
000010000

1913
000000100

1914
000100000

1915
000000010

1916
000100000

1917
000100000

1918
000100000

1919
001000100

1920
100000000

1921
100000000

1922
100000000

1923
000001000

1924
100000000

1925
001000000

1926
000010000

1927
001000000

1928
000000100

1929
000010000

1930
100000000

1931
000000001

1932
000000001

1933
100000000

1934
001000000

1935
000100000

1936
000100000

1937
100000000

1938
000100000

1939
000000001

1940
100000000

1941
111111111

1942
000100000

1943
000100000

1944
000000100

1945
000000001

1946
000010000

1947
000000001

1948
000010000

1949
000100000

1950
000100000

1951
000100000

1952
000100000

1953
001000000

1954
100000000

1955
000100000

1956
000001000

1957
010000000

1958
001000000

1959
010000000

1960
000100000

1961
000010000

1962
100000000

1963
000000001

1964
001000000

1965
000000001

1966
001000000

1967
010000000

1968
000010000

1969
000100000

1970
000100000

1971
000000100

1972
000010000

1973
100000000

1974
000001000

1975
000001000

1976
000000001

1977
000000010

1978
000010000

1979
000000100

1980
000000010

1981
000000001

1982
000010000

1983
100000000

1984
000010001

1985
000000010

1986
000001000

1987
000000100

1988
000010000

1989
100000000

1990
000000100

1991
000010000

1992
100000000

1993
010000000

1994
100000000

1995
010000000

1996
000000010

1997
000000001

1998
100100000

1999
000100000

2000
001000000

2001
000100000

2002
000000100

2003
100000000

2004
001000000

2005
000000001

2006
000000001

2007
000000010

2008
000100000

2009
000010000

2010
000000100

2011
000001000

2012
000010000

2013
010000000

2014
001000000

2015
000010000

2016
001000000

2017
000010000

2018
001011000

2019
000000100

2020
100000000

2021
100000000

2022
000100000

2023
010000000

2024
000000010

2025
000001001

2026
000010000

2027
000000010

2028
000010000

2029
000000100

2030
000000100

2031
000010000

2032
001000000

2033
000100000

2034
001000000

2035
000000010

2036
000000100

2037
000100000

2038
100000000

2039
000000001

2040
000100000

2041
000100000

2042
010000100

2043
000001000

2044
001000000

2045
001010000

2046
000000010

2047
010000000

2048
000100000

2049
000000100

2050
001000000

2051
010000000

2052
000000010

2053
010000100

2054
100000000

2055
000000001

2056
000100010

2057
000001000

2058
010000000

2059
000000100

2060
000001000

2061
000000010

2062
000001000

2063
100100100

2064
001000000

2065
000000010

2066
000001000

2067
000000001

2068
000100000

2069
001000000

2070
000010000

2071
000000100

2072
000010000

2073
001000000

2074
000000100

2075
000000001

2076
100000000

2077
000000100

2078
000000001

2079
000001000

2080
000100000

2081
000100001

2082
000001000

2083
100001010

2084
100000000

2085
010100010

2086
000000001

2087
000010000

2088
000011000

2089
100100101

2090
100000000

2091
010000000

2092
010001000

2093
100000000

2094
000010000

2095
000100000

2096
000000100

2097
000100000

2098
001000000

2099
000010000

2100
000000001

2101
001000000

2102
000000010

2103
001000000

2104
001000000

2105
000000100

2106
000000001

2107
000001000

2108
000000010

2109
000000010

2110
001000000

2111
000000010

2112
000100000

2113
000000001

2114
000000001

2115
000100000

2116
000000010

2117
001000100

2118
001001000

2119
000000001

2120
000000010

2121
000010000

2122
000000010

2123
100000000

2124
000100000

2125
000010000

2126
100000000

2127
010000000

2128
000000001

2129
100000000

2130
000000100

2131
000100000

2132
100000000

2133
000000010

2134
011000000

2135
001000000

2136
000010000

2137
000000001

2138
000001000

2139
100000000

2140
010000000

2141
001000000

2142
000000100

2143
000000100

2144
000000100

2145
010100100

2146
000001000

2147
000100010

2148
000000010

2149
001000000

2150
010000000

2151
000100000

2152
000000100

2153
000000100

2154
000001000

2155
001000000

2156
000000010

2157
000000010

2158
010000000

2159
000000011

2160
000010000

2161
000110000

2162
000000010

2163
010000000

2164
001000000

2165
000100000

2166
100000000

2167
100000000

2168
000000001

2169
100000000

2170
000000100

2171
000000100

2172
000001010

2173
001000000

2174
000000010

2175
001000000

2176
000100000

2177
000010000

2178
001000000

2179
001000000

2180
100000000

2181
000100000

2182
000001000

2183
000000010

2184
000000100

2185
000001000

2186
000000010

2187
001000000

2188
000000010

2189
010000000

2190
001000000

2191
000100000

2192
000000100

2193
000001000

2194
000010000

2195
100010000

2196
001000000

2197
000000010

2198
000000100

2199
000100000

2200
000000001

2201
000001000

2202
000100000

2203
000000100

2204
000001000

2205
000111100

2206
000100000

2207
100000000

2208
000001000

2209
000000001

2210
000000010

2211
010000000

2212
000000100

2213
001000000

2214
001000000

2215
001100000

2216
000100000

2217
000100000

2218
100000000

2219
000000001

2220
000010000

2221
001000000

2222
000000001

2223
010000000

2224
000000010

2225
000001000

2226
000001000

2227
001000000

2228
001000100

2229
000000100

2230
001000000

2231
010000000

2232
000000001

2233
000100000

2234
000100000

2235
000000001

2236
100000000

2237
001000000

2238
000000001

2239
000000010

2240
010000000

2241
100000000

2242
000000010

2243
000101000

2244
000000100

2245
000010000

2246
000000010

2247
000000001

2248
000000101

2249
000000001

2250
000000001

2251
000001000

2252
000000010

2253
000000010

2254
000000001

2255
000010000

2256
100000000

2257
001000000

2258
100000000

2259
010000000

2260
000000010

2261
000000100

2262
100010000

2263
000001000

2264
100000000

2265
000100000

2266
001000000

2267
000001000

2268
000010000

2269
000000001

2270
000000100

2271
000000100

2272
000001000

2273
000010000

2274
010000000

2275
000000010

2276
100000000

2277
000000010

2278
100000000

2279
000001000

2280
000000010

2281
000001000

2282
000100000

2283
000100000

2284
000010000

2285
000000100

2286
000000010

2287
000010000

2288
100000000

2289
000000100

2290
100000000

2291
000100000

2292
001000000

2293
001000100

2294
000000100

2295
100010000

2296
001000000

2297
000000010

2298
001000000

2299
001000000

2300
000001000

2301
000000001

2302
010000000

2303
000010000

2304
001000000

2305
000100000

2306
000000100

2307
010000000

2308
000000100

2309
000000010

2310
000000100

2311
000000001

2312
001000000

2313
000000001

2314
000000010

2315
000100000

2316
000000010

2317
000100000

2318
001000000

2319
100000000

2320
001000000

2321
100000000

2322
010000000

2323
000010010

2324
001100000

2325
000001000

2326
000001000

2327
000001000

2328
010000000

2329
010000000

2330
000101000

2331
000010000

2332
000001000

2333
000010000

2334
000000001

2335
000001000

2336
000000001

2337
000010000

2338
010000000

2339
010000000

2340
000010000

2341
000000100

2342
010000000

2343
001000000

2344
000000010

2345
000100000

2346
000001000

2347
100000000

2348
100000000

2349
001000000

2350
000000010

2351
000000001

2352
100100100

2353
000000001

2354
100000000

2355
000000001

2356
000010000

2357
000010000

2358
000100000

2359
000000100

2360
000000100

2361
000000001

2362
010000000

2363
000100000

2364
000010000

2365
010000001

2366
001000000

2367
000010000

2368
000001000

2369
000000001

2370
000000010

2371
010000000

2372
100000000

2373
010000000

2374
000010000

2375
000001000

2376
000100000

2377
001000001

2378
000000100

2379
000100000

2380
000000100

2381
000100000

2382
000001000

2383
001000000

2384
001000000

2385
000000001

2386
000010010

2387
000000010

2388
000001000

2389
000000010

2390
000000100

2391
000010000

2392
000001000

2393
000001000

2394
010000000

2395
001000000

2396
100000000

2397
100000000

2398
000001000

2399
000100000

2400
000000100

2401
000000100

2402
000010000

2403
000000001

2404
000000010

2405
100000000

2406
000000100

2407
010000000

2408
011001000

2409
000001000

2410
000100000

2411
010000000

2412
000010100

2413
100000000

2414
100000000

2415
000100001

2416
000001000

2417
000000010

2418
000000100

2419
000000001

2420
000000010

2421
000010000

2422
000000001

2423
000000001

2424
001000000

2425
000100000

2426
000000010

2427
000010000

2428
000000100

2429
000100000

2430
000000001

2431
010000000

2432
000000001

2433
100000000

2434
000010000

2435
000000010

2436
100000000

2437
000100010

2438
000010000

2439
001000000

2440
001000000

2441
001000000

2442
100000000

2443
000000001

2444
001000000

2445
000000100

2446
100000000

2447
000000100

2448
000010000

2449
001101000

2450
000000010

2451
000000100

2452
000100000

2453
010000000

2454
010000000

2455
000001000

2456
100000000

2457
000100000

2458
010000000

2459
000100000

2460
000001000

2461
000000010

2462
100000000

2463
000100000

2464
000000001

2465
000100000

2466
000001000

2467
110000000

2468
001000000

2469
000001000

2470
000001000

2471
001000000

2472
100000000

2473
000100000

2474
001000000

2475
100000000

2476
000010000

2477
001000000

2478
000001000

2479
000100000

2480
000100000

2481
000001000

2482
010000000

2483
000000001

2484
000010000

2485
010000000

2486
000000100

2487
010000000

2488
100000000

2489
010000000

2490
000001000

2491
010000000

2492
000000100

2493
000001000

2494
000001000

2495
010000000

2496
000000100

2497
000000001

2498
000010000

2499
010000000

2500
000000001

2501
000000001

2502
000010000

2503
000000001

2504
010000000

2505
000000010

2506
000011000

2507
000100000

2508
000000001

2509
000000100

2510
010000000

2511
010000000

2512
000001000

2513
010000000

2514
010000000

2515
000110000

2516
010000000

2517
000010000

2518
001000000

2519
000000100

2520
000001000

2521
000010000

2522
001000000

2523
100010000

2524
001000000

2525
000001000

2526
000000100

2527
100000000

2528
000000100

2529
000100000

2530
000000100

2531
100000000

2532
000010000

2533
001000000

2534
000000001

2535
000100000

2536
100000000

2537
100000000

2538
000001000

2539
000100000

2540
010000000

2541
000000001

2542
100000000

2543
000001000

2544
100000000

2545
100000000

2546
001000000

2547
001000000

2548
100000000

2549
000000101

2550
000100000

2551
100000000

2552
100001000

2553
000000001

2554
000000100

2555
010000000

2556
000100000

2557
001000000

2558
000000100

2559
010000000

2560
000000100

2561
000000010

2562
000000010

2563
100000000

2564
010000000

2565
001000001

2566
010000000

2567
010000000

2568
100000000

2569
100000000

2570
000000100

2571
000001000

2572
000001000

2573
010000000

2574
000010000

2575
000010000

2576
000000100

2577
000000100

2578
010100001

2579
000000010

2580
010000000

2581
000100000

2582
100100000

2583
000101000

2584
000010000

2585
010000000

2586
010000000

2587
000000001

2588
010000001

2589
000000001

2590
010000000

2591
000000100

2592
000001001

2593
010000000

2594
001000000

2595
000001000

2596
100000000

2597
000001000

2598
000100010

2599
010000000

2600
000000001

2601
000010100

2602
000010000

2603
000100000

2604
001000000

2605
100000000

2606
000100000

2607
000001000

2608
000000001

2609
000001000

2610
000000001

2611
010000000

2612
010000000

2613
000010101

2614
000001000

2615
000000010

2616
000001000

2617
010000000

2618
000100000

2619
000100000

2620
100000000

2621
000010000

2622
000001000

2623
000010100

2624
000000010

2625
000000100

2626
000000100

2627
000000100

2628
110000010

2629
000100000

2630
000010000

2631
100000000

2632
000001000

2633
001000000

2634
000001000

2635
000000011

2636
000000001

2637
100000000

2638
000000010

2639
000100000

2640
000010000

2641
000010000

2642
000001001

2643
000000001

2644
000001000

2645
000000001

2646
010000000

2647
000001000

2648
000000100

2649
000100000

2650
000100000

2651
000000101

2652
000000100

2653
000001000

2654
000001000

2655
000001000

2656
001000000

2657
000000010

2658
001000000

2659
000000001

2660
000000100

2661
000001000

2662
000000100

2663
000000010

2664
000001000

2665
000000001

2666
000000010

2667
000000100

2668
000000010

2669
000100000

2670
010000000

2671
000000001

2672
000101000

2673
000000001

2674
001000000

2675
001000000

2676
000000010

2677
111111111

2678
000100000

2679
010000010

2680
000010000

2681
000000001

2682
000010000

2683
001000000

2684
000000001

2685
001000000

2686
000100000

2687
100000000

2688
001000000

2689
000000001

2690
000001000

2691
001000000

2692
010000000

2693
000000100

2694
000000110

2695
000000100

2696
000001000

2697
001000000

2698
000000010

2699
000100000

2700
001000100

2701
100000000

2702
000000001

2703
000000010

2704
100000000

2705
001000000

2706
000100000

2707
000010000

2708
000000001

2709
000001000

2710
000100000

2711
000000100

2712
000010000

2713
000000100

2714
000000001

2715
001000000

2716
000010000

2717
000100000

2718
000000100

2719
000000100

2720
000000001

2721
000001000

2722
001000000

2723
100000000

2724
100000000

2725
000010000

2726
000010000

2727
000000001

2728
000100000

2729
000001000

2730
000010000

2731
100000000

2732
000001000

2733
000010000

2734
100000000

2735
100000000

2736
000100000

2737
000010000

2738
010000000

2739
000100000

2740
000000100

2741
000000100

2742
010000000

2743
000101000

2744
100000000

2745
000000001

2746
000000010

2747
100000000

2748
100001000

2749
000000100

2750
100000000

2751
000010000

2752
001000000

2753
000010000

2754
000100000

2755
000100000

2756
001000000

2757
000000001

2758
000001100

2759
000011010

2760
000001000

2761
000000001

2762
000001000

2763
000000100

2764
000000100

2765
000000100

2766
110000000

2767
000100000

2768
010000000

2769
100100000

2770
010000000

2771
010000000

2772
001000000

2773
001000000

2774
001000000

2775
000010000

2776
000100000

2777
000000001

2778
000000010

2779
000000010

2780
100000000

2781
000000001

2782
100000000

2783
000001000

2784
000100000

2785
001000000

2786
000000010

2787
000001000

2788
000000001

2789
100000000

2790
000100000

2791
000001000

2792
000000001

2793
000001000

2794
000100000

2795
000000010

2796
000000010

2797
000010000

2798
000001000

2799
000010000

2800
100000000

2801
010000000

2802
000000100

2803
000100000

2804
010000000

2805
000001000

2806
001000000

2807
000000010

2808
000000001

2809
000010000

2810
000000010

2811
000000010

2812
000010000

2813
000001000

2814
100000000

2815
000000010

2816
001000000

2817
000010000

2818
010000000

2819
000100000

2820
010000000

2821
100000000

2822
010000000

2823
000000100

2824
000010000

2825
100000000

2826
000010000

2827
000010000

2828
000000100

2829
100001000

2830
000000010

2831
100000000

2832
000000001

2833
000001000

2834
000001000

2835
000010000

2836
010011000

2837
000010000

2838
000000100

2839
000000100

2840
000100000

2841
000001000

2842
000010000

2843
100000000

2844
010000000

2845
010000000

2846
000100000

2847
000010000

2848
001000001

2849
000001000

2850
000010000

2851
000010000

2852
100000000

2853
001000000

2854
000000100

2855
000000001

2856
000001000

2857
010000000

2858
000001000

2859
001000000

2860
000010000

2861
000000001

2862
000000010

2863
000010000

2864
000010000

2865
000000100

2866
010000000

2867
000000100

2868
000000100

2869
000100000

2870
000000010

2871
100000000

2872
000001000

2873
000000001

2874
000000001

2875
000100000

2876
000000010

2877
000000010

2878
000000001

2879
000000001

2880
000000100

2881
000000010

2882
100000000

2883
010000000

2884
000000001

2885
100000001

2886
000000010

2887
001000000

2888
010000000

2889
000001000

2890
001000000

2891
100001000

2892
001000000

2893
001000000

2894
100000000

2895
000000010

2896
000010000

2897
100000000

2898
000010010

2899
000000100

2900
010000001

2901
000100000

2902
000000001

2903
010000000

2904
000000100

2905
000000100

2906
000010000

2907
000000001

2908
000100000

2909
000001000

2910
010000110

2911
010000000

2912
010000000

2913
000000010

2914
100000000

2915
100000000

2916
000100000

2917
000001000

2918
000000010

2919
000100010

2920
001000000

2921
100000000

2922
000000100

2923
000000100

2924
000000110

2925
000001000

2926
000001000

2927
000100000

2928
010000000

2929
000000001

2930
100000000

2931
000100000

2932
000100000

2933
000001000

2934
001000000

2935
100000100

2936
100000000

2937
000010000

2938
000001000

2939
001000000

2940
000010000

2941
000000100

2942
010000000

2943
000000010

2944
000010000

2945
000010000

2946
100000000

2947
000000100

2948
001000000

2949
110011000

2950
010000000

2951
000100000

2952
001000000

2953
000010000

2954
000000010

2955
000100000

2956
000010000

2957
000000010

2958
010000000

2959
100010010

2960
100000000

2961
000000110

2962
100000010

2963
000100000

2964
001000000

2965
110000000

2966
010000000

2967
000000100

2968
000000100

2969
000100000

2970
000000010

2971
000100000

2972
000010000

2973
000100000

2974
000000010

2975
000010000

2976
000000101

2977
000000001

2978
000000001

2979
000010000

2980
010000000

2981
000010000

2982
000000001

2983
000000010

2984
100000000

2985
010000000

2986
001000000

2987
000100000

2988
000000010

2989
000010000

2990
000100000

2991
000000001

2992
001000000

2993
000000100

2994
000000100

2995
001000000

2996
000000001

2997
000100000

2998
000101000

2999
010000000

3000
000100000

3001
000000010

3002
010000000

3003
000000001

3004
001000000

3005
001000000

3006
100000000

3007
000010000

3008
000000010

3009
000000100

3010
000000100

3011
010000000

3012
000100001

3013
000100000

3014
001000100

3015
000000010

3016
000001000

3017
100000000

3018
000100010

3019
001000000

3020
001000000

3021
001000000

3022
100000000

3023
010000000

3024
000000001

3025
000010000

3026
000000001

3027
000010000

3028
100000000

3029
000000110

3030
000010000

3031
000000100

3032
001000000

3033
000010000

3034
000100000

3035
000001000

3036
000000001

3037
001000001

3038
000000001

3039
000000010

3040
000000100

3041
000000100

3042
000010100

3043
000000100

3044
100000000

3045
000001000

3046
000100000

3047
000001000

3048
000000010

3049
000100000

3050
000001000

3051
001000000

3052
000000001

3053
000010000

3054
000001000

3055
001000000

3056
000000100

3057
000100000

3058
000000001

3059
000100000

3060
001000000

3061
010000001

3062
000000001

3063
000100000

3064
000010000

3065
001000000

3066
000000001

3067
000000101

3068
000000100

3069
010000000

3070
000000100

3071
001000000

3072
001000000

3073
000000010

3074
000100000

3075
000000100

3076
000000001

3077
001000000

3078
000100000

3079
100000000

3080
000000001

3081
000000010

3082
000001000

3083
000100000

3084
000100000

3085
010000000

3086
000100000

3087
010000000

3088
000010000

3089
000000001

3090
000100010

3091
000000010

3092
000000100

3093
000010000

3094
000000001

3095
010000000

3096
000010010

3097
000001000

3098
100000000

3099
000000100

3100
010000000

3101
010000000

3102
000000001

3103
000000010

3104
100000000

3105
001000000

3106
001000000

3107
000000001

3108
000000001

3109
000010001

3110
000010000

3111
000000010

3112
001000000

3113
000000010

3114
000000001

3115
001000000

3116
000001000

3117
010010000

3118
000010000

3119
000100000

3120
010100000

3121
001000000

3122
000000001

3123
100000000

3124
000000100

3125
000100000

3126
000000100

3127
010000000

3128
011000000

3129
000001000

3130
100000000

3131
000010010

3132
100000000

3133
100000000

3134
001000100

3135
000100000

3136
000000001

3137
000001000

3138
000100000

3139
000001000

3140
000001000

3141
000000010

3142
000000100

3143
000100000

3144
001000010

3145
000001100

3146
010000000

3147
100000000

3148
100000000

3149
000000001

3150
010000000

3151
000001000

3152
100000000

3153
001000000

3154
000000100

3155
000000100

3156
010000000

3157
000000100

3158
001000000

3159
100000000

3160
001000000

3161
000000001

3162
010000000

3163
000010000

3164
100000000

3165
100010000

3166
000100000

3167
000000100

3168
000100000

3169
000100010

3170
000001000

3171
000010000

3172
000000001

3173
000000001

3174
000001000

3175
000001000

3176
000010000

3177
000010000

3178
100000000

3179
000010000

3180
001000000

3181
100010010

3182
000010000

3183
010000000

3184
000010000

3185
000000100

3186
010000000

3187
000010000

3188
000010000

3189
000001000

3190
000000100

3191
100000000

3192
010000000

3193
000000001

3194
000001000

3195
010000000

3196
000000001

3197
100000000

3198
000010000

3199
100000000

3200
000000100

3201
100000000

3202
000000100

3203
100000100

3204
000000010

3205
000100000

3206
000000100

3207
000010000

3208
000001000

3209
000011000

3210
010000000

3211
000000100

3212
100000000

3213
000000100

3214
000100001

3215
000001000

3216
000000010

3217
000001000

3218
000000010

3219
000000100

3220
000000010

3221
000001000

3222
000001000

3223
000001000

3224
000000100

3225
000010000

3226
000000010

3227
100000010

3228
001000000

3229
000001000

3230
100000000

3231
000010000

3232
100000010

3233
000000100

3234
000100000

3235
000010001

3236
010000000

3237
010000000

3238
100000000

3239
000000010

3240
000001000

3241
000001000

3242
010000000

3243
010000000

3244
100000000

3245
000100000

3246
000100000

3247
000010000

3248
001000100

3249
100000000

3250
001000000

3251
000001000

3252
000011000

3253
010000000

3254
000001000

3255
000000010

3256
100010000

3257
000100000

3258
000000010

3259
000000010

3260
100000000

3261
000010000

3262
000010000

3263
010000000

3264
000010101

3265
000010000

3266
000010000

3267
001000000

3268
000000100

3269
000000010

3270
000000011

3271
000000101

3272
000100000

3273
000000001

3274
001000000

3275
000010000

3276
000000100

3277
000000001

3278
100000000

3279
001000000

3280
000010000

3281
000001000

3282
000000001

3283
000000010

3284
000001000

3285
000000100

3286
000000001

3287
000100000

3288
000000100

3289
000010100

3290
000001000

3291
010000000

3292
000000010

3293
000010000

3294
000000010

3295
000000001

3296
001000000

3297
000000100

3298
000000010

3299
000010000

3300
000000010

3301
000000001

3302
000010000

3303
001000000

3304
000100000

3305
000000010

3306
000001000

3307
000000010

3308
000000001

3309
000001000

3310
000000100

3311
000000001

3312
000001000

3313
000000010

3314
100000000

3315
000010000

3316
000010000

3317
000000100

3318
010000000

3319
000100000

3320
000000001

3321
010001000

3322
000001010

3323
010001000

3324
001000000

3325
010000000

3326
000000001

3327
100000000

3328
000000010

3329
000000001

3330
000000010

3331
000001000

3332
100000000

3333
000100000

3334
001000000

3335
000000010

3336
001000000

3337
010000000

3338
100000000

3339
000000001

3340
000100000

3341
000110000

3342
010000000

3343
010000000

3344
000000001

3345
000000001

3346
100000000

3347
000010000

3348
000001000

3349
001000000

3350
000010000

3351
000000001

3352
000000001

3353
000001000

3354
000001000

3355
000100000

3356
100000000

3357
100001000

3358
000000100

3359
000000010

3360
000100000

3361
110010000

3362
000000100

3363
000000010

3364
010000000

3365
000100100

3366
001000000

3367
100000000

3368
000001000

3369
000000100

3370
100000000

3371
100000000

3372
000000001

3373
000000100

3374
100000000

3375
000100110

3376
000001000

3377
000000010

3378
000000001

3379
000000001

3380
001000000

3381
000000010

3382
000000010

3383
001110000

3384
010000000

3385
000100100

3386
000100000

3387
001000001

3388
000000001

3389
000000001

3390
000100000

3391
000001000

3392
000000001

3393
100000000

3394
000000010

3395
000000100

3396
000100000

3397
000000010

3398
000000001

3399
000010000

3400
100000000

3401
001000000

3402
000001000

3403
000100000

3404
000000010

3405
000001000

3406
001000000

3407
000000010

3408
000010000

3409
010000000

3410
000001000

3411
100000000

3412
000100000

3413
100000000

3414
100000001

3415
000000100

3416
001000000

3417
000001000

3418
000000010

3419
000001000

3420
000001000

3421
001000000

3422
000000001

3423
000100000

3424
000010000

3425
000000100

3426
000000001

3427
000000100

3428
000000010

3429
100000000

3430
001000000

3431
000000001

3432
100100000

3433
000000100

3434
000001000

3435
000000001

3436
000000001

3437
000000100

3438
000010000

3439
000100000

3440
000010000

3441
000000010

3442
001000000

3443
100000000

3444
000010000

3445
000000100

3446
000010000

3447
100000000

3448
000001000

3449
000000001

3450
000001000

3451
000001001

3452
000001000

3453
000000100

3454
000100000

3455
100000000

3456
010000000

3457
001000000

3458
010000000

3459
000001000

3460
000000010

3461
010010000

3462
000000100

3463
000001000

3464
000010000

3465
010000000

3466
100000000

3467
001000000

3468
000010000

3469
000010000

3470
001000000

3471
010000000

3472
000000100

3473
000000100

3474
000000100

3475
000000001

3476
000000001

3477
000000010

3478
000000100

3479
010000000

3480
001000000

3481
000000010

3482
000010000

3483
001000000

3484
000000010

3485
100000000

3486
001000000

3487
000100000

3488
100000000

3489
010100000

3490
001000000

3491
000000001

3492
000100000

3493
000001000

3494
000000100

3495
001000000

3496
000000100

3497
010000000

3498
000000001

3499
001000000

3500
000100000

3501
000000010

3502
000100000

3503
010000000

3504
000010000

3505
000000010

3506
100000000

3507
000000010

3508
000100000

3509
010000000

3510
100000000

3511
100000000

3512
000001000

3513
000001000

3514
000001000

3515
010000000

3516
000100000

3517
000010000

3518
001000000

3519
000000101

3520
000100000

3521
000000001

3522
000000001

3523
000010100

3524
001000000

3525
000001000

3526
000000010

3527
010000000

3528
000000001

3529
000100000

3530
100000000

3531
111111111

3532
000000010

3533
000010000

3534
000100000

3535
000000010

3536
001000000

3537
000100000

3538
000000100

3539
000001000

3540
100000000

3541
000000100

3542
000000100

3543
000001000

3544
000100000

3545
000000010

3546
010000000

3547
000000010

3548
010000000

3549
000010000

3550
000000001

3551
100000000

3552
000001000

3553
100000000

3554
000000100

3555
000000101

3556
000010000

3557
010000000

3558
000000010

3559
100000000

3560
100000000

3561
100000000

3562
000001000

3563
000011000

3564
000000010

3565
000010000

3566
000000100

3567
001100000

3568
100000000

3569
001000000

3570
010000000

3571
000001000

3572
000000100

3573
001000000

3574
000000010

3575
000100000

3576
000000010

3577
000010000

3578
000000100

3579
001000000

3580
000000100

3581
000000100

3582
100000000

3583
010000000

3584
000100000

3585
100000000

3586
000100000

3587
100000000

3588
000000100

3589
000100100

3590
000000010

3591
000001000

3592
000000100

3593
000010000

3594
010000000

3595
100000000

3596
000000010

3597
000100000

3598
000010000

3599
000000010

3600
000000100

3601
000001000

3602
010100000

3603
000100000

3604
000000010

3605
000010000

3606
000010000

3607
000001000

3608
000001000

3609
000001000

3610
000010000

3611
000000001

3612
010000100

3613
010000000

3614
000000001

3615
000010000

3616
000010000

3617
001000000

3618
010000000

3619
000100000

3620
000000010

3621
000000001

3622
000000010

3623
100000000

3624
000000001

3625
100000000

3626
000000100

3627
001000000

3628
000000100

3629
000001000

3630
000000001

3631
000010000

3632
010000000

3633
001000000

3634
000000010

3635
000000100

3636
000000010

3637
001000000

3638
000100000

3639
000001000

3640
010000000

3641
100000000

3642
000010000

3643
000100000

3644
000110000

3645
010000000

3646
010000000

3647
000010000

3648
100000000

3649
000000010

3650
000010000

3651
001000010

3652
000100000

3653
000001000

3654
000100000

3655
010000000

3656
001000000

3657
000010000

3658
001000000

3659
000001000

3660
000100000

3661
000000001

3662
100000000

3663
100000000

3664
100000000

3665
001000000

3666
000001000

3667
000010010

3668
000001000

3669
000000010

3670
000100000

3671
000001000

3672
011000000

3673
000100000

3674
000010000

3675
001000000

3676
000100000

3677
010000000

3678
000001010

3679
000000100

3680
000001000

3681
000010000

3682
000010000

3683
000000100

3684
000001000

3685
100000000

3686
000001000

3687
000001000

3688
000100000

3689
000100000

3690
000010000

3691
010000000

3692
100000000

3693
000000001

3694
010000000

3695
000000010

3696
000000100

3697
000000011

3698
000000001

3699
000000001

3700
000000010

3701
010000000

3702
010000000

3703
000000100

3704
000000010

3705
000000100

3706
000101000

3707
000000100

3708
000000100

3709
000010000

3710
000010000

3711
000010000

3712
000100000

3713
000000110

3714
001000000

3715
000000001

3716
000001000

3717
101000000

3718
010001100

3719
000100000

3720
000000001

3721
100000000

3722
010000000

3723
000100000

3724
000000010

3725
100000100

3726
010000000

3727
010000010

3728
011000000

3729
000100000

3730
010000000

3731
000001000

3732
001000000

3733
000001000

3734
010000000

3735
111111111

3736
000001000

3737
000100000

3738
001000000

3739
000000001

3740
000010000

3741
000101000

3742
011000010

3743
000010000

3744
010000000

3745
000000100

3746
010000000

3747
000010000

3748
010000000

3749
000000010

3750
010000000

3751
001000000

3752
000000100

3753
001000000

3754
001001000

3755
100000000

3756
000000010

3757
100000000

3758
000000010

3759
000100000

3760
000000100

3761
000000010

3762
000010010

3763
000100000

3764
000001001

3765
011000000

3766
000001000

3767
000000001

3768
000010000

3769
010000000

3770
100000000

3771
000100000

3772
000010000

3773
001000000

3774
000000010

3775
000000100

3776
001000000

3777
000001000

3778
001000000

3779
000010000

3780
010000000

3781
000010000

3782
000100000

3783
010000000

3784
000010000

3785
100000101

3786
010000000

3787
000000001

3788
000010000

3789
000010000

3790
000010000

3791
100000000

3792
001000000

3793
010000000

3794
010000000

3795
100010000

3796
100000000

3797
000000010

3798
000000001

3799
000000001

3800
001000000

3801
000100000

3802
100000000

3803
001000000

3804
001000000

3805
000000100

3806
001000000

3807
000001000

3808
100000000

3809
000100000

3810
010000000

3811
000000010

3812
000100000

3813
001000000

3814
000000100

3815
000110000

3816
001000000

3817
000000100

3818
000000110

3819
100000000

3820
000010000

3821
000000100

3822
010000000

3823
001000000

3824
000001000

3825
000001000

3826
000100000

3827
000000100

3828
000010000

3829
001000000

3830
010000000

3831
000100000

3832
000000001

3833
000000010

3834
000010000

3835
100000000

3836
000100000

3837
000000010

3838
001001001

3839
001010000

3840
000100000

3841
000000001

3842
000001000

3843
000100000

3844
000001000

3845
100000000

3846
100000000

3847
000001000

3848
000100000

3849
000001000

3850
000000100

3851
000000010

3852
000010000

3853
000010000

3854
100000000

3855
000000010

3856
000001000

3857
000100000

3858
000011000

3859
000100000

3860
000000010

3861
000000100

3862
000000100

3863
001000000

3864
000010000

3865
000010000

3866
000000100

3867
000000100

3868
100000000

3869
000000010

3870
000001000

3871
010000000

3872
000010000

3873
000000100

3874
000100000

3875
001100000

3876
000000001

3877
001000000

3878
000100001

3879
100000000

3880
000000010

3881
000100000

3882
000001001

3883
100000000

3884
000001000

3885
000001000

3886
100000000

3887
000100000

3888
000001000

3889
000010001

3890
000000010

3891
000000100

3892
000000001

3893
000000001

3894
000010000

3895
000000001

3896
001000000

3897
000000010

3898
000100000

3899
000001000

3900
000000001

3901
000000100

3902
000001000

3903
100000000

3904
010000000

3905
000000001

3906
000000010

3907
000100000

3908
100000000

3909
000000010

3910
000100000

3911
000100000

3912
000000010

3913
100000000

3914
000100001

3915
000000001

3916
100000000

3917
001000000

3918
010000010

3919
001000000

3920
000000100

3921
000001000

3922
000000101

3923
001000000

3924
000000010

3925
001000000

3926
000001100

3927
000000100

3928
000000010

3929
000001000

3930
000100000

3931
000000001

3932
001000000

3933
001000010

3934
000000100

3935
000010000

3936
001000000

3937
000011000

3938
010000000

3939
010000000

3940
100000000

3941
000000100

3942
000010000

3943
100000000

3944
100001000

3945
100000000

3946
000010000

3947
100000000

3948
000000001

3949
000100000

3950
001000000

3951
000010000

3952
000000010

3953
000001000

3954
000001000

3955
100000001

3956
000001000

3957
000000010

3958
000000010

3959
000100000

3960
100000000

3961
000010000

3962
000000001

3963
000100000

3964
000010001

3965
010000110

3966
100000000

3967
000000010

3968
000010000

3969
000001000

3970
000000001

3971
001100000

3972
000010000

3973
000000001

3974
000010000

3975
000000010

3976
000010000

3977
100001000

3978
000000010

3979
000001000

3980
010000000

3981
000010000

3982
010000000

3983
000100000

3984
000000010

3985
000010000

3986
100000000

3987
000000001

3988
000010000

3989
000000001

3990
100000000

3991
000000100

3992
000001000

3993
000010000

3994
100000001

3995
000000010

3996
000000010

3997
100000000

3998
010000000

3999
100000000

4000
000001000

4001
000000001

4002
000010000

4003
001000010

4004
000000010

4005
000000100

4006
010000000

4007
000000001

4008
000010000

4009
000001000

4010
100000000

4011
000001000

4012
001000000

4013
000000010

4014
010000000

4015
000000100

4016
010000000

4017
000001000

4018
100000000

4019
000000100

4020
100000000

4021
100000000

4022
000001000

4023
000010000

4024
110000000

4025
000000001

4026
000001000

4027
000010000

4028
010000000

4029
010010000

4030
000001000

4031
000101010

4032
000011000

4033
000100000

4034
000000010

4035
000000100

4036
000100000

4037
001000000

4038
010000000

4039
000000001

4040
000000100

4041
000000100

4042
000000001

4043
010000000

4044
100000000

4045
000000100

4046
000000100

4047
001000000

4048
000001000

4049
000001000

4050
000000100

4051
001000000

4052
111111111

4053
000000001

4054
000000010

4055
100000000

4056
001000000

4057
000100000

4058
000010100

4059
000100000

4060
000001000

4061
001000000

4062
000000100

4063
001000000

4064
000000100

4065
000110100

4066
100000000

4067
000001000

4068
000110000

4069
000001000

4070
001000000

4071
000001000

4072
100000000

4073
000010000

4074
000000100

4075
000001000

4076
000010000

4077
000001000

4078
100000000

4079
000000100

4080
100000000

4081
000000100

4082
001000000

4083
000100000

4084
000010000

4085
001000000

4086
010000000

4087
000000001

4088
001010000

4089
000100000

4090
010000000

4091
010000000

4092
001000000

4093
000001000

4094
000000100

4095
000010010

4096
000000001

4097
100000000

4098
000010000

4099
010000000

4100
001000000

4101
000000001

4102
001000000

4103
010000000

4104
000001000

4105
000100000

4106
000001000

4107
000000010

4108
000000100

4109
010000000

4110
000000010

4111
000010000

4112
000000100

4113
000010000

4114
001000000

4115
010000000

4116
001000000

4117
000010100

4118
000000010

4119
000000010

4120
010000000

4121
010000000

4122
000001000

4123
100000000

4124
000100000

4125
000000010

4126
000000001

4127
000000001

4128
100000000

4129
100000000

4130
010000000

4131
001000000

4132
010000000

4133
000001000

4134
000000001

4135
000000100

4136
100000000

4137
100000000

4138
000001000

4139
000000100

4140
011000000

4141
001001000

4142
100010000

4143
000100000

4144
100000000

4145
000000001

4146
000100000

4147
010000000

4148
001010000

4149
000000001

4150
100000000

4151
000000100

4152
100000000

4153
001000000

4154
000000100

4155
001000000

4156
000010000

4157
000101000

4158
000000010

4159
000001000

4160
001000000

4161
010000000

4162
000010000

4163
000001000

4164
000000100

4165
100000000

4166
100000010

4167
000001000

4168
100000000

4169
000001000

4170
000100000

4171
010000000

4172
001000000

4173
100000000

4174
000000100

4175
000100000

4176
000001000

4177
000000001

4178
000001000

4179
000000100

4180
100000000

4181
000000010

4182
010010000

4183
000000100

4184
000001000

4185
000000100

4186
000000010

4187
000000001

4188
100000000

4189
000100000

4190
000000100

4191
000000001

4192
000000010

4193
000101000

4194
000000100

4195
000100000

4196
000100000

4197
000000010

4198
000000100

4199
111111111

4200
000000100

4201
101000000

4202
000000001

4203
000000100

4204
000000001

4205
000001000

4206
100000000

4207
100000000

4208
000000100

4209
000001000

4210
000001000

4211
000001000

4212
000000100

4213
000100000

4214
100000000

4215
000100000

4216
000000100

4217
000000010

4218
000000100

4219
010000000

4220
000000001

4221
100000000

4222
000000010

4223
000000100

4224
010000000

4225
001000000

4226
000010000

4227
100000000

4228
000000010

4229
000001000

4230
000000010

4231
110000000

4232
001000000

4233
010000000

4234
010000000

4235
100000000

4236
010000100

4237
000000101

4238
010000000

4239
000010000

4240
000000100

4241
100000000

4242
000000001

4243
000100000

4244
000010000

4245
000000010

4246
000100000

4247
000000001

4248
000000100

4249
100000000

4250
000000001

4251
001000000

4252
100000001

4253
000000010

4254
000000100

4255
010000000

4256
000010000

4257
000000010

4258
000100000

4259
100000000

4260
100000000

4261
010000000

4262
000000010

4263
010000000

4264
000100000

4265
000000001

4266
000100000

4267
000000001

4268
000010000

4269
001000000

4270
000000010

4271
000010000

4272
000000100

4273
010000000

4274
010000000

4275
100000000

4276
000100000

4277
000000100

4278
100000000

4279
000000010

4280
010000000

4281
000010000

4282
000000001

4283
100000000

4284
001000000

4285
000010010

4286
000010000

4287
000100000

4288
100000000

4289
100000000

4290
010000000

4291
000001000

4292
010000000

4293
000000001

4294
010000000

4295
000010000

4296
100000000

4297
000000100

4298
000000100

4299
000000001

4300
000100000

4301
000100000

4302
000010000

4303
111111111

4304
010000000

4305
000001010

4306
000000001

4307
010001000

4308
000011000

4309
100000000

4310
000100010

4311
000010001

4312
100000000

4313
000000010

4314
001000000

4315
000000001

4316
000100000

4317
001000000

4318
010000000

4319
100000000

4320
100000000

4321
010000000

4322
100000000

4323
000001000

4324
000010010

4325
000000010

4326
000010000

4327
000000001

4328
000000001

4329
000001000

4330
000010010

4331
000000001

4332
000100000

4333
000100000

4334
010000000

4335
001000001

4336
000000100

4337
001000000

4338
001000000

4339
100000000

4340
010000000

4341
100000000

4342
000001000

4343
001000000

4344
000010000

4345
000010000

4346
000000100

4347
000000001

4348
010000001

4349
010001001

4350
000010000

4351
010000000

4352
000001000

4353
001000000

4354
000000010

4355
100000000

4356
100000000

4357
010000000

4358
000000001

4359
000000010

4360
000010000

4361
011000000

4362
010000000

4363
001000000

4364
000000010

4365
000000001

4366
010000000

4367
010000000

4368
000000010

4369
000010000

4370
000000011

4371
100000000

4372
000010000

4373
100000000

4374
000001000

4375
000010000

4376
100000000

4377
000000011

4378
000001000

4379
000010000

4380
000000100

4381
000010000

4382
000001000

4383
000001000

4384
010000000

4385
000000110

4386
000000001

4387
000001000

4388
000000001

4389
001001000

4390
000000100

4391
010000000

4392
000000010

4393
000010000

4394
000000100

4395
100101000

4396
001000000

4397
000010000

4398
000000001

4399
000001000

4400
000000010

4401
000010000

4402
000000010

4403
000000001

4404
000000010

4405
100000000

4406
000000010

4407
010000000

4408
000001000

4409
001000000

4410
000001000

4411
010001000

4412
100000000

4413
010000000

4414
000000001

4415
100000000

4416
001000000

4417
000100100

4418
000000001

4419
000100000

4420
000010000

4421
001000000

4422
000000001

4423
000100000

4424
000000100

4425
000000100

4426
000100000

4427
000000010

4428
000000100

4429
000001000

4430
000000100

4431
000000001

4432
000000100

4433
000100000

4434
000000100

4435
100000000

4436
000000100

4437
100000000

4438
000000010

4439
000000001

4440
001000000

4441
000010000

4442
000001000

4443
000000001

4444
100000000

4445
100010000

4446
001000000

4447
100000000

4448
100000001

4449
000001000

4450
010000000

4451
100000000

4452
000100000

4453
000000100

4454
000001000

4455
000000001

4456
010000000

4457
000001000

4458
010000000

4459
001000000

4460
100000000

4461
000000010

4462
000100000

4463
000100000

4464
000000010

4465
100000000

4466
000000001

4467
000000100

4468
000010000

4469
000001000

4470
000000010

4471
100000000

4472
000100000

4473
010000000

4474
001000000

4475
100000000

4476
000010000

4477
000000010

4478
000000001

4479
000000010

4480
000100000

4481
000001000

4482
000010000

4483
000000110

4484
000100000

4485
000001010

4486
000001000

4487
001000000

4488
000000001

4489
010000000

4490
000000100

4491
000100000

4492
000000001

4493
000000001

4494
000000010

4495
000000100

4496
000000010

4497
100000000

4498
100000000

4499
010010000

4500
000100000

4501
100000000

4502
000000010

4503
000010010

4504
001000000

4505
000000001

4506
000001000

4507
001000000

4508
000000001

4509
000000001

4510
100000000

4511
000001000

4512
000011000

4513
000100000

4514
001000110

4515
100000000

4516
010000000

4517
000100000

4518
000000100

4519
000000010

4520
000100000

4521
000010000

4522
001000000

4523
000001000

4524
010000000

4525
000000100

4526
000100000

4527
001000001

4528
000001000

4529
000100000

4530
000010000

4531
000100000

4532
001000001

4533
000000001

4534
001000100

4535
000000100

4536
001000000

4537
001000000

4538
100000001

4539
000010000

4540
000000001

4541
010000000

4542
000000001

4543
000100000

4544
000100000

4545
000001000

4546
000000100

4547
000000001

4548
010000000

4549
000000110

4550
100000000

4551
000001000

4552
000000010

4553
100000000

4554
010000000

4555
000000100

4556
000000100

4557
000000101

4558
000000010

4559
000000100

4560
000000100

4561
000000100

4562
000000010

4563
000000100

4564
000000010

4565
100010000

4566
000000100

4567
000000010

4568
000000001

4569
011000010

4570
000100000

4571
000010000

4572
000001000

4573
001000000

4574
100000100

4575
000000010

4576
000010000

4577
000100000

4578
000001000

4579
000010000

4580
000000001

4581
000000001

4582
100000000

4583
100000001

4584
000000100

4585
010000100

4586
100000000

4587
010000001

4588
000000010

4589
000001000

4590
100100000

4591
010000000

4592
000000010

4593
000000001

4594
001000000

4595
000000110

4596
000010000

4597
000000001

4598
000100000

4599
010000000

4600
000001000

4601
100000000

4602
000000001

4603
000001000

4604
000000010

4605
000001000

4606
000000010

4607
001000000

4608
000001000

4609
100000000

4610
000000010

4611
100000000

4612
001000000

4613
000010000

4614
000000100

4615
000001000

4616
000001000

4617
010000000

4618
000100000

4619
100000000

4620
000100000

4621
000001000

4622
001000000

4623
000000010

4624
000000010

4625
000100001

4626
000100101

4627
010000000

4628
001100000

4629
000000100

4630
010000000

4631
110000000

4632
000000100

4633
000000010

4634
000001000

4635
000000001

4636
100000000

4637
000000100

4638
010000000

4639
010000100

4640
000000001

4641
001001000

4642
001000000

4643
000000001

4644
010000000

4645
000000100

4646
000010000

4647
000100000

4648
000000100

4649
000001000

4650
000001000

4651
000000010

4652
000010000

4653
000000010

4654
000100000

4655
000010000

4656
000100000

4657
000000100

4658
000001000

4659
000010000

4660
010001000

4661
100000000

4662
000001000

4663
000000100

4664
000100000

4665
000001000

4666
000001000

4667
100000000

4668
100000000

4669
000100000

4670
000000010

4671
000010000

4672
001000000

4673
000000001

4674
000001000

4675
000000010

4676
000000100

4677
000010000

4678
100000000

4679
001000000

4680
010000000

4681
000001000

4682
000100000

4683
100000000

4684
001010000

4685
000000001

4686
000000100

4687
000000100

4688
000001000

4689
010000000

4690
000001000

4691
100000000

4692
000000100

4693
001000100

4694
000000100

4695
010000000

4696
100000000

4697
000010000

4698
011000000

4699
000000001

4700
000010000

4701
000000110

4702
000000001

4703
100000000

4704
000000010

4705
000001000

4706
000000010

4707
010010000

4708
000000001

4709
000000100

4710
000001000

4711
010100000

4712
100000000

4713
000000100

4714
000000101

4715
010000000

4716
000000010

4717
000010001

4718
000000100

4719
000100000

4720
001000000

4721
000000100

4722
000010000

4723
001000000

4724
010000000

4725
000000100

4726
000000010

4727
000001000

4728
000000100

4729
100000000

4730
000001000

4731
100000000

4732
000010000

4733
000100000

4734
000010000

4735
000010000

4736
000000100

4737
000100000

4738
010000000

4739
000000100

4740
000000010

4741
000010001

4742
000000010

4743
100010000

4744
000100000

4745
001001000

4746
000001000

4747
000000010

4748
000010000

4749
000100000

4750
010000000

4751
001000000

4752
010000000

4753
000000100

4754
000000001

4755
000000001

4756
000000011

4757
000100000

4758
000100000

4759
001001000

4760
111111111

4761
001000010

4762
000000010

4763
000001000

4764
001000000

4765
000001000

4766
100000000

4767
000010000

4768
100000000

4769
010000000

4770
000010000

4771
000011011

4772
100000000

4773
000000010

4774
000001000

4775
000010000

4776
000100000

4777
000000010

4778
010000000

4779
000010000

4780
100000000

4781
000100000

4782
000100000

4783
000010000

4784
000000001

4785
100000000

4786
000000100

4787
000001000

4788
000001000

4789
000000100

4790
000100000

4791
001000000

4792
000000010

4793
000000100

4794
001001000

4795
000000100

4796
000100000

4797
000010000

4798
000010000

4799
000000001

4800
100000000

4801
100000001

4802
000001000

4803
000010000

4804
010000000

4805
000100000

4806
010000000

4807
000000100

4808
010000000

4809
011000000

4810
100000000

4811
000000001

4812
000001000

4813
000001100

4814
000001000

4815
010000000

4816
001000000

4817
000000010

4818
000000010

4819
010000000

4820
000010000

4821
000100000

4822
000001000

4823
000100000

4824
010000000

4825
000000100

4826
000000010

4827
000100000

4828
000011000

4829
001000000

4830
000000100

4831
010000000

4832
000010000

4833
000010000

4834
100000000

4835
000100000

4836
000001000

4837
000001000

4838
000000100

4839
000101100

4840
000000010

4841
001000000

4842
010000000

4843
000000001

4844
001000000

4845
000100000

4846
000000100

4847
000001000

4848
000010000

4849
100000000

4850
001000000

4851
000010000

4852
000001000

4853
001000000

4854
010000001

4855
100000000

4856
000000100

4857
100000000

4858
010000000

4859
000000001

4860
000110000

4861
100001000

4862
001000000

4863
001000010

4864
100000000

4865
000000001

4866
000000100

4867
010000000

4868
000100000

4869
000000010

4870
100000000

4871
010000000

4872
100000000

4873
000000010

4874
100000000

4875
100000000

4876
001000010

4877
000000010

4878
000000001

4879
000010000

4880
001000000

4881
000000010

4882
000010000

4883
000001000

4884
000100000

4885
000001000

4886
000000010

4887
000100000

4888
001000000

4889
000000001

4890
000100000

4891
000100000

4892
001000000

4893
001000000

4894
000000100

4895
010000000

4896
000010000

4897
000100000

4898
000100000

4899
001000000

4900
100000000

4901
100000000

4902
000100000

4903
010000000

4904
100000000

4905
000100000

4906
010000000

4907
001000001

4908
001000000

4909
010000000

4910
000100000

4911
100000000

4912
000001000

4913
000000101

4914
000001000

4915
010000000

4916
000000001

4917
000011000

4918
000000100

4919
000000010

4920
000000100

4921
010100000

4922
000010000

4923
000001000

4924
100000000

4925
001010000

4926
000000001

4927
010000000

4928
100000000

4929
000010000

4930
010000000

4931
000001000

4932
100000000

4933
000000010

4934
100000000

4935
000001000

4936
000100001

4937
001000000

4938
000100000

4939
100100000

4940
000000001

4941
000001000

4942
100000000

4943
001000000

4944
000100001

4945
001000000

4946
000000010

4947
000000001

4948
000100000

4949
000001000

4950
000000010

4951
000010000

4952
001000110

4953
000010001

4954
010000000

4955
000001000

4956
001000000

4957
100000000

4958
001000000

4959
000010010

4960
000010000

4961
100000000

4962
000001000

4963
000100000

4964
001100000

4965
000001000

4966
001000000

4967
100001000

4968
100000000

4969
100000000

4970
001000000

4971
000001000

4972
000000100

4973
000001000

4974
000100000

4975
000001000

4976
000000100

4977
001000000

4978
000000010

4979
000100000

4980
000000001

4981
000000010

4982
010000100

4983
100000000

4984
100000000

4985
000100010

4986
000010000

4987
000000100

4988
000000100

4989
000000001

4990
000000010

4991
000000001

4992
000001000

4993
000000100

4994
001000000

4995
000001000

4996
000000001

4997
000001000

4998
100000000

4999
000001000

5000
100000000

5001
000000100

5002
010000000

5003
000010000

5004
000010000

5005
000000010

5006
000000100

5007
100000000

5008
000000100

5009
000010000

5010
010000000

5011
000010000

5012
000100000

5013
001000000

5014
000010100

5015
000001000

5016
000010000

5017
100000000

5018
000010000

5019
000000010

5020
000010000

5021
001000000

5022
000000010

5023
100000000

5024
000000010

5025
000000001

5026
100000000

5027
010000000

5028
010000000

5029
000001000

5030
010000000

5031
000000010

5032
010000000

5033
001000000

5034
000001000

5035
000000010

5036
000000001

5037
000001000

5038
001000001

5039
001000101

5040
000010000

5041
000010000

5042
000000001

5043
100000000

5044
000001000

5045
000100000

5046
000100000

5047
100000010

5048
000001000

5049
100000000

5050
000000001

5051
010000000

5052
000001000

5053
001000000

5054
001000000

5055
000000100

5056
000000100

5057
000100000

5058
000000001

5059
000000100

5060
010000000

5061
000100010

5062
000000100

5063
100000000

5064
000000001

5065
000010000

5066
000000010

5067
100000000

5068
000001000

5069
000000100

5070
100000000

5071
100000000

5072
000000010

5073
000000001

5074
100000000

5075
000100000

5076
000100000

5077
000000100

5078
001000000

5079
000000001

5080
000010000

5081
000000100

5082
000000001

5083
000000100

5084
000010000

5085
000001000

5086
000000001

5087
000010000

5088
100000000

5089
100000000

5090
100000000

5091
001000000

5092
001000000

5093
010000000

5094
000100000

5095
000100000

5096
000100000

5097
000001000

5098
000010000

5099
000000010

5100
100000000

5101
000010000

5102
000100000

5103
000000001

5104
000100000

5105
100000000

5106
000001000

5107
000000001

5108
000000010

5109
001000000

5110
000100000

5111
100000000

5112
001000000

5113
000011000

5114
000000100

5115
000010000

5116
010000000

5117
100000000

5118
000000100

5119
000101000

5120
100000000

5121
000010000

5122
010000000

5123
000001000

5124
000010000

5125
100000000

5126
010000000

5127
000010000

5128
000000100

5129
000000100

5130
010000010

5131
000000001

5132
100000000

5133
000000010

5134
000010000

5135
000010000

5136
000000010

5137
100000000

5138
000000010

5139
000000001

5140
000000010

5141
000000010

5142
000010000

5143
001000000

5144
000001000

5145
000000010

5146
000000100

5147
000000100

5148
000000010

5149
000000100

5150
100000000

5151
001000000

5152
100000000

5153
000001000

5154
100010000

5155
000000100

5156
010000000

5157
000010000

5158
010000000

5159
000100000

5160
000001000

5161
100000000

5162
010000000

5163
001000000

5164
001000000

5165
000001000

5166
000000010

5167
001000000

5168
010000000

5169
000001000

5170
000000001

5171
000000001

5172
000001000

5173
000000010

5174
000010000

5175
010000000

5176
010000000

5177
100000000

5178
001000000

5179
000001000

5180
100000000

5181
000010000

5182
000000010

5183
001000000

5184
010000000

5185
000101000

5186
000000100

5187
000000010

5188
000000001

5189
001100010

5190
000000001

5191
000001000

5192
000000100

5193
000010000

5194
000100000

5195
000000001

5196
110100000

5197
000000010

5198
000001000

5199
000000001

5200
001000000

5201
010000000

5202
000000001

5203
000000100

5204
000010000

5205
100000000

5206
001000000

5207
000000100

5208
001100000

5209
000001000

5210
000000001

5211
000000001

5212
000010000

5213
010000000

5214
001000000

5215
000100000

5216
000000100

5217
000100000

5218
000000010

5219
000000001

5220
000000001

5221
000000010

5222
000001010

5223
000100000

5224
010100000

5225
000000100

5226
000010000

5227
000100000

5228
110000000

5229
000010000

5230
001000000

5231
001000000

5232
000100000

5233
000000100

5234
010000000

5235
000000100

5236
000000100

5237
000000001

5238
010000000

5239
001010010

5240
000001000

5241
000000100

5242
001000000

5243
000001100

5244
000000001

5245
100000000

5246
000010010

5247
010000000

5248
000001000

5249
000010000

5250
100000000

5251
000000010

5252
100000000

5253
000000100

5254
000000001

5255
000010000

5256
000001000

5257
000100000

5258
100000000

5259
000100000

5260
010000000

5261
010000000

5262
000001000

5263
000000001

5264
000000001

5265
000100000

5266
001000010

5267
000001000

5268
010001010

5269
000000100

5270
001000000

5271
000001000

5272
000000010

5273
100000001

5274
000100000

5275
001000000

5276
000001000

5277
000001000

5278
000010000

5279
000100000

5280
100000000

5281
100000000

5282
000100000

5283
000000100

5284
000100000

5285
000100000

5286
010000000

5287
000000010

5288
000000001

5289
000010000

5290
100000000

5291
000001000

5292
000000001

5293
000000100

5294
000000010

5295
000000010

5296
000000001

5297
000000010

5298
000100100

5299
000000010

5300
001000000

5301
000000010

5302
000100000

5303
000010000

5304
000010100

5305
000000010

5306
001000000

5307
000001000

5308
000100010

5309
000000010

5310
000000010

5311
000100000

5312
010000000

5313
000100000

5314
000000010

5315
000001000

5316
000100000

5317
000000001

5318
001000000

5319
000001000

5320
001000000

5321
000000100

5322
000000001

5323
100000000

5324
000000010

5325
100100000

5326
000000100

5327
000000001

5328
000000001

5329
000010000

5330
010000000

5331
001000000

5332
000011000

5333
000000010

5334
100000000

5335
001000000

5336
010000000

5337
000000010

5338
000100000

5339
010000000

5340
000001000

5341
000000010

5342
100000000

5343
000000010

5344
001000000

5345
000000010

5346
000010000

5347
000010000

5348
000100000

5349
100000001

5350
000001000

5351
100000000

5352
010000000

5353
000100000

5354
001000000

5355
100000000

5356
001000000

5357
000000100

5358
000000010

5359
000000001

5360
000000100

5361
000100000

5362
000000100

5363
000001000

5364
000010000

5365
000000001

5366
000100000

5367
001000000

5368
100000000

5369
100000000

5370
000100000

5371
100000000

5372
000001000

5373
000010000

5374
001000000

5375
001010000

5376
011000000

5377
000101000

5378
100000000

5379
000100000

5380
000000010

5381
001000000

5382
000001000

5383
001000000

5384
000100000

5385
000010000

5386
000000010

5387
001000000

5388
100000000

5389
000000001

5390
010000000

5391
100000000

5392
001000000

5393
000000010

5394
010000000

5395
000000001

5396
000101000

5397
001000000

5398
000100000

5399
100000000

5400
001000000

5401
000000010

5402
000000010

5403
100000000

5404
000001000

5405
000100000

5406
001000000

5407
100000000

5408
100000000

5409
001000000

5410
000001000

5411
000000100

5412
000000010

5413
000100000

5414
000100000

5415
100000000

5416
000001000

5417
100000000

5418
000000010

5419
000000010

5420
000000100

5421
000000001

5422
100000000

5423
001000000

5424
100000000

5425
010000100

5426
100000000

5427
010000000

5428
010000000

5429
000010000

5430
000000010

5431
000000100

5432
000000010

5433
000000100

5434
100000000

5435
100000000

5436
100000000

5437
010000000

5438
000001000

5439
001000000

5440
000010000

5441
000000001

5442
000001000

5443
000000010

5444
010000000

5445
000010001

5446
000010000

5447
010000000

5448
000100000

5449
000100000

5450
001000000

5451
000000001

5452
000000010

5453
000000100

5454
000100000

5455
000010000

5456
000000100

5457
000000001

5458
010000000

5459
100001000

5460
000000100

5461
000000010

5462
000000100

5463
010000000

5464
000010000

5465
000000100

5466
000000010

5467
000010000

5468
000000001

5469
000100000

5470
000010000

5471
000001000

5472
000001000

5473
000000010

5474
001000000

5475
100100000

5476
000010000

5477
100000000

5478
100000000

5479
000100000

5480
000001000

5481
000001000

5482
001000000

5483
010000000

5484
000100000

5485
000000100

5486
010000000

5487
000000100

5488
100000000

5489
000100000

5490
000100001

5491
000010000

5492
000000100

5493
000000010

5494
100000000

5495
001000000

5496
000100000

5497
000010000

5498
100000000

5499
000000100

5500
001000000

5501
100000000

5502
000000001

5503
001000000

5504
000001000

5505
001000000

5506
010000000

5507
000000011

5508
011000000

5509
001000000

5510
100000000

5511
000001000

5512
000000010

5513
000100000

5514
000000010

5515
100000000

5516
000010000

5517
010000000

5518
000000010

5519
000010000

5520
000000001

5521
000000100

5522
000000010

5523
000000010

5524
000000010

5525
000001000

5526
100000000

5527
000000001

5528
010000000

5529
000000100

5530
010000100

5531
001101100

5532
000000001

5533
000000001

5534
000000001

5535
001000000

5536
010000100

5537
010000000

5538
000000100

5539
001000000

5540
000000001

5541
000100000

5542
000100000

5543
000100000

5544
000000100

5545
000000001

5546
000010000

5547
000010000

5548
000000100

5549
010001000

5550
000000010

5551
001000000

5552
000000010

5553
100000000

5554
000000100

5555
010000000

5556
001000000

5557
000010000

5558
100000000

5559
000100000

5560
000010000

5561
000100000

5562
000000100

5563
001000000

5564
100000000

5565
000100000

5566
000001000

5567
000100000

5568
000000010

5569
100000000

5570
000000001

5571
001000000

5572
010000000

5573
000100000

5574
001000000

5575
001000000

5576
000000001

5577
000100000

5578
000000010

5579
000000100

5580
000000100

5581
000100000

5582
010000000

5583
001000000

5584
000001000

5585
001000000

5586
000000100

5587
000010000

5588
010000000

5589
000001000

5590
000000010

5591
000001100

5592
001000000

5593
000000001

5594
000000010

5595
000001000

5596
100000000

5597
000100000

5598
100100000

5599
000100000

5600
000100000

5601
000000100

5602
001000000

5603
000000010

5604
000001000

5605
001000000

5606
000000001

5607
010000000

5608
100000000

5609
001000000

5610
000100000

5611
001000000

5612
000000001

5613
000000100

5614
000100000

5615
000000100

5616
000001100

5617
000000100

5618
001000000

5619
000001000

5620
000010000

5621
000001000

5622
010000000

5623
001000000

5624
100000000

5625
000010000

5626
001000000

5627
000000100

5628
000010000

5629
000001100

5630
001000000

5631
100000000

5632
000100000

5633
000000100

5634
000000110

5635
000001000

5636
010000000

5637
100000000

5638
110000000

5639
000000100

5640
000000010

5641
000000001

5642
010000000

5643
000001000

5644
000000100

5645
000010000

5646
000010000

5647
000001000

5648
000010000

5649
010000000

5650
010000000

5651
000010000

5652
001000000

5653
000100000

5654
010000000

5655
001000000

5656
000000100

5657
000000010

5658
000001000

5659
001000000

5660
010000000

5661
010000000

5662
100000001

5663
000101000

5664
000100000

5665
000010000

5666
000000100

5667
001000000

5668
000010000

5669
001000000

5670
010000000

5671
000100010

5672
000000010

5673
100000000

5674
000000100

5675
001000010

5676
001000000

5677
100000000

5678
001000000

5679
000010000

5680
001000000

5681
000000010

5682
000001000

5683
000100000

5684
010000000

5685
000000010

5686
000001000

5687
010000000

5688
000010000

5689
000100000

5690
000000001

5691
100000000

5692
100000000

5693
100000000

5694
010000000

5695
000010000

5696
000010000

5697
010000000

5698
000000100

5699
001000000

5700
010000000

5701
000000100

5702
100000000

5703
000001000

5704
000000001

5705
100000001

5706
111111111

5707
000001000

5708
100000000

5709
000000001

5710
000000010

5711
000100000

5712
000100000

5713
000000010

5714
000000100

5715
000000001

5716
010000000

5717
001000000

5718
000010000

5719
000100000

5720
100000000

5721
100000000

5722
000010000

5723
000000100

5724
000001000

5725
000010100

5726
000100000

5727
010000000

5728
000010000

5729
000001000

5730
000010000

5731
000100000

5732
000100000

5733
000000100

5734
000010000

5735
010000000

5736
100000000

5737
000010000

5738
001011000

5739
000001000

5740
001000000

5741
000100100

5742
010100000

5743
000010000

5744
000010000

5745
000100000

5746
000100000

5747
000000100

5748
010000000

5749
000000100

5750
000000010

5751
010000000

5752
000010000

5753
000000001

5754
000000001

5755
000000001

5756
000000001

5757
000011000

5758
000000010

5759
100000000

5760
000000001

5761
000000001

5762
000000010

5763
000010000

5764
000000100

5765
000001000

5766
001000000

5767
001000000

5768
000000100

5769
001000000

5770
000010100

5771
010000000

5772
010000000

5773
100000000

5774
001000001

5775
100000000

5776
000100000

5777
000001000

5778
001000000

5779
000100000

5780
000100000

5781
000000001

5782
000001000

5783
000010000

5784
000000100

5785
001000000

5786
000001000

5787
000010000

5788
000001000

5789
000000001

5790
100000000

5791
100000000

5792
000100000

5793
000001000

5794
100000000

5795
000100000

5796
100000000

5797
000000010

5798
000001000

5799
000000100

5800
000000100

5801
000000010

5802
000000101

5803
000100000

5804
000000001

5805
010000000

5806
010100000

5807
000010000

5808
000000001

5809
000000001

5810
001000010

5811
001001000

5812
000001000

5813
000010100

5814
001000000

5815
000010000

5816
010000000

5817
000000001

5818
010000000

5819
000000001

5820
000000001

5821
000100000

5822
000000010

5823
010000000

5824
100000000

5825
000100000

5826
000000001

5827
001011000

5828
000000001

5829
000000001

5830
001000001

5831
001000000

5832
000000100

5833
000000010

5834
100000000

5835
000000010

5836
100000000

5837
001000000

5838
100000000

5839
000100000

5840
000100000

5841
000100000

5842
000100000

5843
000000001

5844
000100000

5845
100000000

5846
001000000

5847
010000000

5848
000000010

5849
010000000

5850
000000001

5851
000010000

5852
000000010

5853
000001000

5854
000100000

5855
100000000

5856
100100010

5857
000000010

5858
010000001

5859
000000100

5860
000000010

5861
010000010

5862
000001000

5863
000000010

5864
000000010

5865
000000100

5866
000000011

5867
010100000

5868
100000000

5869
100000000

5870
001000000

5871
000001000

5872
000001000

5873
000001000

5874
000000001

5875
000000001

5876
000010000

5877
000001000

5878
000011000

5879
000000001

5880
010000000

5881
010000000

5882
000000010

5883
000001001

5884
000001000

5885
100000000

5886
100000000

5887
000000010

5888
010010100

5889
000011000

5890
000000100

5891
000000001

5892
000100000

5893
000000100

5894
000010000

5895
100000000

5896
000100000

5897
000000001

5898
000100000

5899
000010000

5900
001010000

5901
000010000

5902
000001000

5903
000100000

5904
000000100

5905
000010000

5906
010000000

5907
000001000

5908
001000000

5909
010000000

5910
010000000

5911
000100000

5912
001000000

5913
000000101

5914
000000100

5915
000010000

5916
000000001

5917
100000000

5918
001000000

5919
010000000

5920
001000000

5921
000000100

5922
001000000

5923
000010000

5924
000000100

5925
000000100

5926
000100000

5927
001000000

5928
010000000

5929
000010000

5930
000100000

5931
000100000

5932
000100000

5933
100000000

5934
000000001

5935
001000000

5936
001000000

5937
000100000

5938
000001000

5939
000100000

5940
001101000

5941
000000001

5942
000001000

5943
000010000

5944
000001000

5945
001000000

5946
000000001

5947
000000001

5948
000001000

5949
000100000

5950
100000000

5951
000000010

5952
100000000

5953
010100000

5954
000000100

5955
001000100

5956
000001000

5957
001000000

5958
001000000

5959
000000001

5960
000001000

5961
000001000

5962
001000000

5963
000100000

5964
000000001

5965
000001000

5966
000010000

5967
000000001

5968
011000100

5969
000010000

5970
000010000

5971
010000001

5972
010000100

5973
000000001

5974
000000100

5975
000000010

5976
000000100

5977
100000000

5978
000000100

5979
100000000

5980
000100000

5981
100000000

5982
000100000

5983
000000010

5984
001000000

5985
000000010

5986
010001000

5987
000010000

5988
000100000

5989
001000000

5990
000000001

5991
001000000

5992
000000100

5993
000001000

5994
000100000

5995
000000100

5996
000001000

5997
000000010

5998
000010000

5999
000000100

6000
000000001

6001
000000001

6002
000000001

6003
010000000

6004
100000000

6005
000001000

6006
010000000

6007
000001000

6008
001000000

6009
001000000

6010
000000010

6011
000000010

6012
010000000

6013
100000000

6014
001010000

6015
010000000

6016
010000000

6017
100000000

6018
000100000

6019
000010000

6020
010000000

6021
000010000

6022
100000000

6023
000000001

6024
000000010

6025
100000000

6026
000000001

6027
000101000

6028
001000000

6029
000010000

6030
000000001

6031
000000010

6032
000100000

6033
000000001

6034
001000000

6035
000001000

6036
000100000

6037
000000010

6038
000000001

6039
000100000

6040
000001011

6041
000000100

6042
111000000

6043
000001000

6044
000000001

6045
100000000

6046
010000000

6047
000000100

6048
000100000

6049
000100000

6050
000001000

6051
000001000

6052
010000000

6053
000010000

6054
000000010

6055
000010000

6056
010000000

6057
000001000

6058
000010000

6059
000010000

6060
100000000

6061
000000001

6062
010000000

6063
001000000

6064
001101000

6065
000000100

6066
000000101

6067
100000000

6068
000100000

6069
100000000

6070
000010000

6071
010000000

6072
100000010

6073
010001000

6074
000000001

6075
010000000

6076
000001000

6077
010000000

6078
001000000

6079
000000100

6080
000010000

6081
100000000

6082
010000000

6083
000001000

6084
000010000

6085
000000100

6086
000000100

6087
000000010

6088
000000100

6089
100001000

6090
000001000

6091
000010000

6092
000000010

6093
000100000

6094
000001000

6095
001000000

6096
000010000

6097
000100000

6098
000001000

6099
100000000

6100
100100000

6101
000001000

6102
000000001

6103
000000001

6104
010000000

6105
010000000

6106
001000000

6107
100000000

6108
001000100

6109
000000010

6110
000000100

6111
000000001

6112
000000100

6113
000100000

6114
000010000

6115
010000000

6116
000010000

6117
000000001

6118
001000000

6119
001000000

6120
000001001

6121
000000010

6122
000010000

6123
000010000

6124
101000000

6125
000000100

6126
011000000

6127
000000001

6128
000010000

6129
000010000

6130
000100000

6131
100000000

6132
000001000

6133
001000000

6134
000010000

6135
000001000

6136
000000001

6137
000100000

6138
000000001

6139
000000100

6140
010000000

6141
000100001

6142
010000000

6143
000010000

6144
000000001

6145
000010000

6146
100000000

6147
000001000

6148
000000100

6149
001000000

6150
000000010

6151
000001000

6152
001000000

6153
000000001

6154
000000100

6155
000010000

6156
000100000

6157
000000010

6158
000000010

6159
110000000

6160
000000100

6161
000010000

6162
010000000

6163
000100000

6164
000000010

6165
001001000

6166
000100000

6167
000001000

6168
000001100

6169
000001000

6170
010000000

6171
000010001

6172
001000000

6173
000000001

6174
000100000

6175
000100000

6176
000010000

6177
100000000

6178
001000000

6179
000000100

6180
000100000

6181
000001000

6182
000000010

6183
000000010

6184
000000001

6185
000010000

6186
001000000

6187
010000000

6188
000000010

6189
100000000

6190
000000001

6191
000000100

6192
010000000

6193
010000010

6194
100000000

6195
100000000

6196
010000000

6197
000000010

6198
000100000

6199
000100000

6200
010000000

6201
001000000

6202
000010000

6203
010010000

6204
000100000

6205
000001100

6206
000000101

6207
100000000

6208
000000001

6209
000101000

6210
010000001

6211
000100000

6212
100000000

6213
000100000

6214
010000000

6215
000000001

6216
010010000

6217
000010000

6218
010000000

6219
000010000

6220
100000000

6221
000000010

6222
000000100

6223
001000000

6224
000100000

6225
000000100

6226
000100000

6227
000001000

6228
000000010

6229
000010000

6230
000100000

6231
001100000

6232
001000000

6233
100000000

6234
000000100

6235
010000000

6236
010000000

6237
000001000

6238
000000001

6239
000000100

6240
010000000

6241
100000001

6242
000000010

6243
000010000

6244
000010000

6245
000010000

6246
000100101

6247
100000010

6248
000010000

6249
000000100

6250
010000000

6251
000000001

6252
100000000

6253
000000100

6254
010000010

6255
000010000

6256
000100000

6257
000010000

6258
000000100

6259
000001000

6260
001000000

6261
010100000

6262
000000100

6263
000000010

6264
000000010

6265
000100000

6266
000000010

6267
010000000

6268
000000010

6269
000000001

6270
000000010

6271
000000100

6272
100100001

6273
010000000

6274
000000010

6275
000000100

6276
000010000

6277
000010000

6278
000000100

6279
001000000

6280
000000100

6281
010000000

6282
000000100

6283
000100000

6284
010000000

6285
000000001

6286
000001000

6287
000000010

6288
001000000

6289
000100000

6290
000000010

6291
000000001

6292
000001000

6293
000000010

6294
000000010

6295
010000000

6296
000000010

6297
010000000

6298
000000011

6299
000000010

6300
000010000

6301
100000010

6302
010000000

6303
010000000

6304
000000010

6305
100000000

6306
001000000

6307
000000100

6308
000000001

6309
001000000

6310
000000001

6311
000000010

6312
000000001

6313
000000010

6314
000001000

6315
001000000

6316
001000000

6317
000000010

6318
000000001

6319
000001000

6320
000000010

6321
000000010

6322
000100000

6323
000000100

6324
000100000

6325
000000100

6326
000000100

6327
000100000

6328
001000000

6329
000010000

6330
000010000

6331
000000010

6332
000000101

6333
000001000

6334
010000000

6335
001000000

6336
000100000

6337
000000001

6338
010000000

6339
000000010

6340
000000010

6341
100000001

6342
010000101

6343
000000001

6344
000100000

6345
010000000

6346
000000001

6347
000010000

6348
000010000

6349
000001000

6350
000000010

6351
000001000

6352
000001000

6353
100000000

6354
010000000

6355
010001000

6356
000100000

6357
000000010

6358
110000000

6359
000000010

6360
000001000

6361
010000000

6362
100000000

6363
000010010

6364
100000000

6365
000010000

6366
010011000

6367
000000100

6368
000100000

6369
001000000

6370
100010000

6371
000010000

6372
000000001

6373
000000100

6374
000001000

6375
000001000

6376
001000000

6377
000010000

6378
000000001

6379
000000100

6380
000001000

6381
010000000

6382
000000001

6383
010000000

6384
001000000

6385
000001000

6386
000000100

6387
000000001

6388
010000000

6389
000000010

6390
100000000

6391
000010000

6392
100000000

6393
000000001

6394
000000001

6395
000010000

6396
100000000

6397
000010000

6398
000010000

6399
010000000

6400
000010000

6401
001100001

6402
000000001

6403
001000000

6404
000000010

6405
100000000

6406
100000000

6407
000000010

6408
000000100

6409
000010000

6410
000001001

6411
000100010

6412
000000010

6413
000000100

6414
001000000

6415
000001000

6416
000000100

6417
100000000

6418
000000100

6419
010000000

6420
000000010

6421
000001000

6422
000100000

6423
000001000

6424
000000100

6425
010000000

6426
001000000

6427
100000000

6428
000100100

6429
000000010

6430
100100000

6431
000001000

6432
000000001

6433
000010000

6434
000010000

6435
000010000

6436
000001000

6437
000100000

6438
000000001

6439
000000100

6440
000001000

6441
001000000

6442
000000010

6443
011000001

6444
000000010

6445
000000100

6446
000000100

6447
000100000

6448
001010000

6449
000000010

6450
000010001

6451
001000000

6452
010000000

6453
001000000

6454
001000000

6455
010000000

6456
100000000

6457
101100001

6458
000001010

6459
101000000

6460
000100000

6461
000000010

6462
000001100

6463
000001000

6464
000100000

6465
000000001

6466
000001000

6467
000000001

6468
001000000

6469
010000000

6470
000000001

6471
000000010

6472
000000001

6473
000000001

6474
000100000

6475
000000001

6476
000101000

6477
010000000

6478
010000010

6479
000100010

6480
001000000

6481
100000000

6482
010001000

6483
001000000

6484
000000010

6485
000001000

6486
000000010

6487
010000000

6488
000100000

6489
000000001

6490
000010000

6491
001000000

6492
100100000

6493
000000100

6494
001000000

6495
000010000

6496
001000000

6497
000010000

6498
000000001

6499
000010000

6500
000000001

6501
000000001

6502
010001000

6503
000000100

6504
001000000

6505
001000000

6506
000000010

6507
001100000

6508
001000000

6509
000010000

6510
000010000

6511
000000001

6512
001010000

6513
000010000

6514
010000001

6515
100000000

6516
100000010

6517
000010000

6518
001000000

6519
000000100

6520
100000000

6521
000000001

6522
001000000

6523
001000001

6524
000000001

6525
001000000

6526
010000000

6527
000100000

6528
010000000

6529
000000001

6530
100000000

6531
100000000

6532
000000010

6533
000000100

6534
000000001

6535
000001000

6536
000001000

6537
000001000

6538
010000000

6539
100000000

6540
000000100

6541
000000100

6542
000010000

6543
000000010

6544
000000100

6545
000100000

6546
000000010

6547
000010000

6548
010100000

6549
100000000

6550
000000001

6551
000000100

6552
001000000

6553
000010000

6554
010000000

6555
000010000

6556
000010000

6557
010000000

6558
010000000

6559
000010110

6560
000001000

6561
000010000

6562
000010000

6563
010000000

6564
001001000

6565
001010000

6566
100000000

6567
001000000

6568
001000000

6569
000010000

6570
000010000

6571
000000100

6572
000100000

6573
000000001

6574
000000001

6575
000010000

6576
000000001

6577
000000100

6578
000001000

6579
001000000

6580
000100000

6581
000000001

6582
000000100

6583
001000000

6584
010000000

6585
000000010

6586
000010000

6587
010000000

6588
100000000

6589
000000001

6590
010000000

6591
000001000

6592
000011000

6593
000000001

6594
100000000

6595
000000001

6596
100000000

6597
000010000

6598
001000000

6599
000000010

6600
000100000

6601
000001000

6602
000100000

6603
000001000

6604
001000000

6605
000000001

6606
000001000

6607
000000100

6608
110001000

6609
000100000

6610
000110000

6611
100000000

6612
000000010

6613
000001000

6614
000001000

6615
100000000

6616
010000000

6617
000000100

6618
000100000

6619
000001000

6620
000000100

6621
000010000

6622
000000010

6623
000000100

6624
100110100

6625
100000000

6626
010000100

6627
000100000

6628
000000001

6629
100000000

6630
000010000

6631
000000010

6632
000010000

6633
000010000

6634
001000000

6635
000010000

6636
011000100

6637
000100000

6638
000101000

6639
001000000

6640
010010000

6641
010000000

6642
000010000

6643
000000010

6644
000000001

6645
000000100

6646
000001000

6647
000000001

6648
000100000

6649
000000100

6650
010000000

6651
000000001

6652
000001000

6653
010000000

6654
100000000

6655
001000000

6656
000000001

6657
100000000

6658
000001000

6659
000010000

6660
000010000

6661
100000000

6662
000000010

6663
000000100

6664
000001000

6665
001000000

6666
000001000

6667
000000001

6668
100000000

6669
000000100

6670
000001000

6671
010000000

6672
000000001

6673
000010000

6674
000001000

6675
010000000

6676
000000010

6677
000010000

6678
000001000

6679
100000000

6680
001000000

6681
010000000

6682
000010000

6683
000000100

6684
000100000

6685
010000000

6686
000000100

6687
000001000

6688
000000010

6689
000000100

6690
000000010

6691
100000000

6692
000001000

6693
010000000

6694
000100000

6695
100000000

6696
000001000

6697
000000001

6698
000100000

6699
000000011

6700
100000000

6701
000000001

6702
000000010

6703
000000010

6704
000100000

6705
000010000

6706
000000100

6707
000100000

6708
000001000

6709
100000000

6710
010000000

6711
000000010

6712
000010000

6713
000000100

6714
100000000

6715
100000000

6716
001000000

6717
001000000

6718
000001000

6719
100000000

6720
100000000

6721
010000000

6722
000000001

6723
000100000

6724
000001000

6725
000000010

6726
000000100

6727
010000000

6728
000100000

6729
010000000

6730
100000000

6731
001000000

6732
000000100

6733
100000000

6734
010000000

6735
000010000

6736
010000000

6737
000100000

6738
000000010

6739
000000010

6740
000000010

6741
000010100

6742
010000000

6743
100000000

6744
000001000

6745
100000000

6746
001000000

6747
000010000

6748
100000000

6749
000001000

6750
000000010

6751
001000000

6752
000001000

6753
001000000

6754
000000010

6755
000000001

6756
010000000

6757
000100000

6758
000001000

6759
000000010

6760
000000001

6761
010000000

6762
010000000

6763
000000010

6764
100000000

6765
000010000

6766
000000100

6767
000000100

6768
000000001

6769
000000010

6770
000000001

6771
001000000

6772
000010001

6773
000100000

6774
001000000

6775
001000000

6776
010000000

6777
000100000

6778
000000100

6779
010000000

6780
000000001

6781
000000100

6782
001000000

6783
000001000

6784
000010000

6785
100000000

6786
100000000

6787
000000100

6788
001000010

6789
010000001

6790
000000001

6791
010000000

6792
100000000

6793
010000000

6794
010100000

6795
000000010

6796
000010000

6797
001000000

6798
010000000

6799
000010000

6800
011000000

6801
000000001

6802
000100000

6803
010001000

6804
100000000

6805
000000100

6806
000000100

6807
000000010

6808
000000100

6809
000001001

6810
000000001

6811
000001100

6812
010000000

6813
000000100

6814
100000000

6815
001000000

6816
000000101

6817
001000000

6818
000000001

6819
000000010

6820
000010000

6821
001000000

6822
100000000

6823
100000000

6824
000001000

6825
000000001

6826
000100000

6827
010000000

6828
100000000

6829
000001000

6830
000000010

6831
000100000

6832
000000010

6833
000000100

6834
000100000

6835
000000100

6836
100000000

6837
000000010

6838
010000000

6839
000001000

6840
000000100

6841
000000010

6842
000010000

6843
100000000

6844
000010000

6845
000100000

6846
000001000

6847
000000010

6848
001000000

6849
000000100

6850
000001000

6851
100000000

6852
100000000

6853
000000001

6854
010000000

6855
000100001

6856
000000100

6857
000000001

6858
010000000

6859
000010000

6860
000000001

6861
001000000

6862
010000000

6863
000100000

6864
000000001

6865
000000100

6866
000000001

6867
000001000

6868
000001000

6869
100000000

6870
001000000

6871
001000000

6872
000000011

6873
000000001

6874
100000000

6875
000000100

6876
000000010

6877
000000010

6878
010000000

6879
010000000

6880
000001000

6881
100000000

6882
000100000

6883
000100000

6884
000000001

6885
000001000

6886
100000000

6887
001000000

6888
000010000

6889
000001000

6890
010110010

6891
010000000

6892
000100000

6893
000011000

6894
000000010

6895
101000000

6896
000000001

6897
000100000

6898
000000010

6899
010000000

6900
010000000

6901
000000100

6902
000001000

6903
010000000

6904
100000000

6905
000001000

6906
000010000

6907
000000100

6908
010000000

6909
000010000

6910
000000100

6911
000001000

6912
000100000

6913
000001000

6914
000001000

6915
000010000

6916
001000000

6917
100000000

6918
000001000

6919
100000000

6920
000000010

6921
000001000

6922
000000010

6923
000000100

6924
000100000

6925
001000000

6926
001000000

6927
010000000

6928
010000000

6929
010000000

6930
000010000

6931
000000001

6932
010000000

6933
010000000

6934
001000000

6935
000000100

6936
000000100

6937
000000100

6938
000000001

6939
100000000

6940
010000000

6941
000000001

6942
000000100

6943
100000100

6944
100000000

6945
000000001

6946
000010000

6947
000100000

6948
000000001

6949
000000010

6950
000000110

6951
000100000

6952
000100000

6953
000010001

6954
000001000

6955
000010000

6956
001000001

6957
000001000

6958
000001000

6959
000000010

6960
000010000

6961
000001000

6962
100000000

6963
100010100

6964
110000000

6965
000001000

6966
000000001

6967
000000100

6968
000000001

6969
000001000

6970
000000010

6971
000000100

6972
100000000

6973
000010000

6974
000000010

6975
001000000

6976
001000010

6977
000000001

6978
000000010

6979
010000010

6980
000100000

6981
000100000

6982
100000000

6983
100000100

6984
111111111

6985
100000000

6986
000010000

6987
000001000

6988
000001000

6989
000001000

6990
100000000

6991
001000000

6992
000001000

6993
000010000

6994
001000000

6995
001000000

6996
000000100

6997
001100000

6998
000100000

6999
001000000

7000
000000100

7001
000000010

7002
010000000

7003
100000000

7004
000000100

7005
000010000

7006
010000000

7007
000000010

7008
100000000

7009
000001000

7010
100000000

7011
100000000

7012
000100000

7013
100000000

7014
000000100

7015
000000010

7016
000000001

7017
010000000

7018
000000001

7019
010000000

7020
001000000

7021
000000010

7022
000000010

7023
100100000

7024
000100000

7025
000010000

7026
010000000

7027
000000001

7028
000010000

7029
000000100

7030
000010000

7031
000000001

7032
100000000

7033
000000010

7034
000000100

7035
000100000

7036
000100000

7037
000100000

7038
010100000

7039
100101000

7040
000010000

7041
100000000

7042
001000000

7043
000000010

7044
000000001

7045
000000100

7046
100000000

7047
001000000

7048
000000100

7049
001000000

7050
000000001

7051
000001000

7052
000000100

7053
000000001

7054
000001000

7055
000000101

7056
000010000

7057
000010000

7058
000010000

7059
000001000

7060
010000000

7061
000100000

7062
000000100

7063
000000100

7064
000010000

7065
000110001

7066
001000000

7067
100000000

7068
000010001

7069
010000000

7070
000001000

7071
000100000

7072
000000010

7073
001000000

7074
000000010

7075
010000000

7076
000010000

7077
000000100

7078
010000000

7079
001000000

7080
000001000

7081
000000010

7082
000010000

7083
010000000

7084
010000000

7085
000100010

7086
001000000

7087
000001000

7088
000000001

7089
000000100

7090
000000100

7091
000100000

7092
001000000

7093
000000001

7094
000100000

7095
001000000

7096
000100000

7097
001000000

7098
010000000

7099
000001000

7100
010000010

7101
000000010

7102
000001000

7103
100000000

7104
001000000

7105
100000000

7106
000001000

7107
100000000

7108
000010000

7109
100000000

7110
000000010

7111
010000000

7112
100000000

7113
000000100

7114
000000100

7115
000001000

7116
100000000

7117
000000001

7118
000000100

7119
001100000

7120
000001000

7121
000000100

7122
010000000

7123
000001000

7124
001000000

7125
000000011

7126
010000000

7127
001100000

7128
000010000

7129
000000001

7130
010000000

7131
100000000

7132
000000100

7133
010000000

7134
010000000

7135
000100000

7136
000100000

7137
000000010

7138
000010000

7139
000010000

7140
000110000

7141
000001000

7142
001000000

7143
001000000

7144
001000000

7145
000001000

7146
000010000

7147
001000000

7148
000000001

7149
000100000

7150
000100000

7151
000001000

7152
010000000

7153
000010000

7154
100000000

7155
010000000

7156
001000000

7157
001010000

7158
000010000

7159
001000000

7160
010000000

7161
010000000

7162
000010000

7163
000001000

7164
000000001

7165
000001000

7166
001000000

7167
000001000

7168
000100010

7169
010000000

7170
000100000

7171
010000000

7172
100010000

7173
000000100

7174
001000000

7175
000000100

7176
000010000

7177
000000010

7178
000001000

7179
000000010

7180
000000010

7181
000001000

7182
000000011

7183
000011100

7184
000100000

7185
000000001

7186
000000100

7187
000100000

7188
100000000

7189
010100000

7190
000100000

7191
000000001

7192
000000100

7193
000100000

7194
100000000

7195
000100100

7196
001000000

7197
000100000

7198
000100000

7199
000001000

7200
000000010

7201
000000100

7202
000100000

7203
000000010

7204
000000100

7205
000010000

7206
010000000

7207
000101000

7208
001000000

7209
000010000

7210
010000000

7211
000010000

7212
000100000

7213
001000000

7214
000001100

7215
000001000

7216
000000010

7217
100000000

7218
001000000

7219
000000001

7220
000000100

7221
000001000

7222
010011000

7223
000000010

7224
000000001

7225
000000100

7226
010000000

7227
000100000

7228
010000000

7229
100000000

7230
010000000

7231
000100000

7232
000000100

7233
000100000

7234
010000000

7235
000000010

7236
010001000

7237
000000010

7238
000000010

7239
000000001

7240
000010000

7241
000010000

7242
100000000

7243
000001000

7244
000100000

7245
000010000

7246
010000000

7247
000000100

7248
000000100

7249
001001000

7250
000000100

7251
001000000

7252
100000000

7253
100000000

7254
000001100

7255
000000010

7256
000010001

7257
000000010

7258
000001000

7259
000000001

7260
000100000

7261
010000000

7262
000100000

7263
100000000

7264
000010010

7265
000001000

7266
000000010

7267
100000000

7268
000001000

7269
000001000

7270
100000000

7271
010000000

7272
000001000

7273
010000000

7274
000000001

7275
001000000

7276
010000000

7277
100000000

7278
000001000

7279
000100000

7280
000100000

7281
010000000

7282
000000100

7283
000000010

7284
000001000

7285
001000000

7286
100000000

7287
000100000

7288
100000000

7289
000001000

7290
000010000

7291
000010000

7292
000000001

7293
000000100

7294
000000001

7295
100000000

7296
100000000

7297
000011000

7298
100000000

7299
000000100

7300
000001000

7301
000000100

7302
000000100

7303
000000010

7304
000000001

7305
000000100

7306
001000000

7307
100000000

7308
001000100

7309
000000100

7310
000000010

7311
000001000

7312
000000010

7313
001000000

7314
000000010

7315
000100000

7316
000000001

7317
000001000

7318
101000000

7319
000001000

7320
100000000

7321
000100000

7322
010000000

7323
010000000

7324
000001000

7325
000000010

7326
010000000

7327
000000010

7328
001000000

7329
000000100

7330
001000000

7331
000100000

7332
100000000

7333
001000000

7334
000001000

7335
000000001

7336
001000000

7337
100000000

7338
100000000

7339
000001000

7340
010000000

7341
010000000

7342
100000000

7343
000100000

7344
000000010

7345
000000010

7346
101000000

7347
010000000

7348
000000001

7349
010000000

7350
000001000

7351
000110000

7352
000100000

7353
000000101

7354
001000000

7355
000001000

7356
000001010

7357
100000000

7358
100000000

7359
000100000

7360
010000000

7361
010000000

7362
000000001

7363
001000110

7364
100000000

7365
000100000

7366
000010000

7367
001000000

7368
100100010

7369
000010000

7370
000011000

7371
000000100

7372
000010000

7373
000000010

7374
000001000

7375
100000000

7376
000000100

7377
000000100

7378
001000000

7379
000000100

7380
000000100

7381
000000100

7382
100000000

7383
100000000

7384
000000001

7385
001000000

7386
000000010

7387
111111111

7388
000010000

7389
000000101

7390
000000100

7391
000000010

7392
101000000

7393
000010000

7394
100000101

7395
001000000

7396
110000000

7397
000100000

7398
000010000

7399
100000000

7400
000001000

7401
000001000

7402
001000000

7403
000100000

7404
001000000

7405
000000100

7406
000000010

7407
100000000

7408
100010000

7409
000010000

7410
100000000

7411
000001000

7412
000000001

7413
000001100

7414
000010000

7415
000010000

7416
000000001

7417
000100000

7418
011010000

7419
000000100

7420
100000010

7421
100000000

7422
000010000

7423
010000000

7424
000001010

7425
001000100

7426
000001010

7427
001000000

7428
000000100

7429
000010000

7430
001000000

7431
000000100

7432
010000000

7433
000000010

7434
000000001

7435
000000100

7436
000001000

7437
000100000

7438
010000000

7439
010010100

7440
000001000

7441
000100000

7442
000001000

7443
001001000

7444
010000000

7445
000001000

7446
010000000

7447
010000000

7448
000001000

7449
010000000

7450
100000000

7451
100000000

7452
000100000

7453
000100000

7454
001000000

7455
000000001

7456
000000001

7457
100000000

7458
000000100

7459
000000100

7460
100000000

7461
000010000

7462
010000000

7463
000010100

7464
010000000

7465
010000001

7466
000001000

7467
010000000

7468
000000100

7469
000100000

7470
010000000

7471
010000000

7472
000001000

7473
001000000

7474
100000000

7475
000010000

7476
001000000

7477
000000001

7478
000000001

7479
001000000

7480
100000000

7481
010000000

7482
100000000

7483
000100000

7484
000010000

7485
000100000

7486
000000100

7487
000001000

7488
000100000

7489
010000000

7490
100001000

7491
100000000

7492
100000000

7493
000000010

7494
000001000

7495
100000000

7496
000000100

7497
000010000

7498
000010000

7499
000000001

7500
010000000

7501
000000001

7502
010000000

7503
100000010

7504
010000000

7505
000010000

7506
010000000

7507
100000000

7508
000010000

7509
000001000

7510
000001000

7511
000100000

7512
001000000

7513
001000010

7514
000000010

7515
001000000

7516
000001000

7517
000010000

7518
000010010

7519
000100000

7520
000000100

7521
000000001

7522
000000100

7523
100000011

7524
001000000

7525
000000110

7526
000100000

7527
010000000

7528
000100000

7529
001001000

7530
000010000

7531
010000000

7532
001000000

7533
000101000

7534
000000100

7535
100000000

7536
000100000

7537
001000000

7538
000001000

7539
000000100

7540
000010000

7541
000001000

7542
010000000

7543
000000010

7544
000001000

7545
000001000

7546
000100000

7547
001011000

7548
000000100

7549
000000100

7550
000100000

7551
000010000

7552
000001000

7553
000000100

7554
000010000

7555
010000000

7556
001000000

7557
000001000

7558
000010000

7559
000000001

7560
000100000

7561
001010000

7562
001000000

7563
000001000

7564
010000000

7565
000000010

7566
000100000

7567
000001000

7568
000000001

7569
100000000

7570
000010001

7571
001000000

7572
010000000

7573
000000100

7574
000000010

7575
001000000

7576
000100100

7577
000000001

7578
000000100

7579
000100000

7580
001000000

7581
000000001

7582
000100000

7583
000000001

7584
000001000

7585
000100000

7586
000001000

7587
001000000

7588
000000100

7589
000010000

7590
000000011

7591
000100000

7592
000010000

7593
010000000

7594
000001000

7595
000000010

7596
010000000

7597
000000100

7598
010000001

7599
010000000

7600
000000001

7601
000000010

7602
000100000

7603
001000000

7604
000000110

7605
000000001

7606
000001000

7607
000001000

7608
000000001

7609
000000001

7610
000010100

7611
000000001

7612
100000000

7613
000010000

7614
000100000

7615
000001000

7616
000001000

7617
001000000

7618
110000000

7619
000100000

7620
000010000

7621
010000000

7622
001000100

7623
010000000

7624
100000000

7625
100010000

7626
100000000

7627
000010000

7628
110000000

7629
010000000

7630
000001000

7631
010000000

7632
001000101

7633
001000000

7634
001100000

7635
000000010

7636
000001000

7637
100000000

7638
010000000

7639
100000000

7640
000000100

7641
000001000

7642
000001000

7643
100010000

7644
000000010

7645
000000100

7646
000100000

7647
001000000

7648
000000100

7649
000100000

7650
100000000

7651
001000000

7652
000000001

7653
100000010

7654
000001000

7655
010000000

7656
001000100

7657
000000010

7658
000000001

7659
000000010

7660
010100000

7661
000000100

7662
000000100

7663
010000000

7664
000000001

7665
000000010

7666
000010000

7667
000010000

7668
010000110

7669
000000001

7670
000000010

7671
000100001

7672
000100000

7673
000000011

7674
000001000

7675
000010000

7676
000010000

7677
000000011

7678
000000010

7679
000000010

7680
000001000

7681
100100000

7682
000001000

7683
100000000

7684
000010000

7685
000001000

7686
000000010

7687
000000001

7688
000000001

7689
001011000

7690
000000001

7691
001000000

7692
010000000

7693
000001000

7694
000010000

7695
000000011

7696
000000001

7697
000010000

7698
000000010

7699
000111000

7700
000101000

7701
000001000

7702
010000000

7703
000010000

7704
000001000

7705
100000000

7706
000010000

7707
000000100

7708
001000000

7709
000001000

7710
010100000

7711
000000010

7712
100100000

7713
000000001

7714
100000000

7715
000000001

7716
000010000

7717
000000010

7718
010000000

7719
000000100

7720
000001000

7721
100000000

7722
000100000

7723
000010000

7724
000000100

7725
100010000

7726
000010000

7727
001100000

7728
100000000

7729
000000100

7730
000010000

7731
001000000

7732
000000010

7733
000000010

7734
000010000

7735
000000010

7736
000001000

7737
000000001

7738
001000000

7739
000000100

7740
000001000

7741
010000000

7742
000100000

7743
000001000

7744
000000010

7745
000001000

7746
000001000

7747
000100000

7748
000010000

7749
000000001

7750
000000001

7751
100000000

7752
010000000

7753
010000100

7754
001001000

7755
000000100

7756
000000010

7757
000010000

7758
000100000

7759
000100000

7760
000100000

7761
000001000

7762
000100001

7763
100000000

7764
000000001

7765
000001000

7766
010000000

7767
000010000

7768
010000000

7769
010000000

7770
000101000

7771
010000000

7772
000000010

7773
000000010

7774
000001000

7775
100000000

7776
000000010

7777
100001000

7778
000001000

7779
000001000

7780
000000001

7781
010000000

7782
000001000

7783
000000100

7784
000001000

7785
010000000

7786
100000000

7787
000001000

7788
000000010

7789
100000000

7790
100000000

7791
010000000

7792
010000000

7793
000100000

7794
011000010

7795
001000000

7796
000010000

7797
000001000

7798
100000000

7799
001000000

7800
000000001

7801
000001000

7802
000000001

7803
100000000

7804
100000000

7805
010000000

7806
000100000

7807
010000000

7808
000000001

7809
010000000

7810
000000001

7811
010000000

7812
000000001

7813
000010000

7814
000100000

7815
000100000

7816
000001000

7817
001000000

7818
000010000

7819
001000000

7820
000000001

7821
000000001

7822
000000100

7823
001000000

7824
100000000

7825
010000000

7826
000010000

7827
010000000

7828
000000100

7829
000000001

7830
000000001

7831
000000001

7832
000000001

7833
001000000

7834
000011000

7835
000000100

7836
000010000

7837
001000000

7838
100001000

7839
000000100

7840
000000001

7841
000000001

7842
000000010

7843
000100010

7844
001000000

7845
000001000

7846
000001000

7847
000000110

7848
010000000

7849
000000100

7850
000000001

7851
000001000

7852
001000000

7853
000000100

7854
000001000

7855
001000001

7856
000000010

7857
000001000

7858
000100000

7859
010000000

7860
000100000

7861
000000100

7862
010000000

7863
000010000

7864
000100000

7865
000001000

7866
000000001

7867
000001000

7868
100000100

7869
001000000

7870
000000001

7871
100000000

7872
100000000

7873
000010000

7874
000101000

7875
000000100

7876
010000000

7877
000001000

7878
100000000

7879
100000000

7880
000000010

7881
010000000

7882
000000010

7883
010000000

7884
000001000

7885
000010010

7886
000100000

7887
000001000

7888
000010000

7889
010000000

7890
010000000

7891
000000100

7892
000010000

7893
010000000

7894
001100000

7895
010000000

7896
000000010

7897
000001000

7898
000100000

7899
000000010

7900
010000000

7901
010000000

7902
001000000

7903
010000000

7904
000100000

7905
010000000

7906
000100000

7907
000001000

7908
000000010

7909
000001000

7910
000100000

7911
000000001

7912
000000010

7913
000000100

7914
000000100

7915
000001000

7916
000000001

7917
100010100

7918
000100000

7919
000100000

7920
100000000

7921
000000001

7922
000100100

7923
000000001

7924
000000010

7925
010001100

7926
000000100

7927
100000000

7928
000010000

7929
001000000

7930
000001000

7931
000010000

7932
000010000

7933
100000000

7934
000000010

7935
000000100

7936
001000000

7937
000001000

7938
000000010

7939
000010000

7940
010000000

7941
010000000

7942
001000000

7943
100000000

7944
000010000

7945
000100001

7946
000100000

7947
000010000

7948
000000010

7949
000000001

7950
000000001

7951
000000100

7952
100000000

7953
000000010

7954
001000000

7955
000100000

7956
000001000

7957
000100000

7958
000100000

7959
000000100

7960
000001000

7961
000000010

7962
100000000

7963
000000100

7964
000001000

7965
010000000

7966
000100000

7967
100000000

7968
000001000

7969
000001010

7970
010000000

7971
000000100

7972
001010000

7973
000001000

7974
000001000

7975
001000000

7976
001000000

7977
100000000

7978
100000000

7979
000000010

7980
010000000

7981
000000001

7982
000000100

7983
100000000

7984
001000000

7985
100000000

7986
000000100

7987
010000000

7988
000100000

7989
000001000

7990
001000000

7991
000000010

7992
000000100

7993
100001100

7994
000000100

7995
001101000

7996
000000100

7997
000000100

7998
100000000

7999
000001000

8000
000000100

8001
000001100

8002
000010000

8003
010000000

8004
010000000

8005
000000010

8006
100000000

8007
000000100

8008
001000000

8009
000100000

8010
010000001

8011
000000010

8012
010001000

8013
000000100

8014
010000100

8015
110000010

8016
000000100

8017
000000010

8018
000000100

8019
011000000

8020
000000100

8021
000100000

8022
001000000

8023
000001000

8024
000100000

8025
000000001

8026
010000000

8027
000000010

8028
100000000

8029
010000000

8030
010000000

8031
000010000

8032
010000000

8033
010000000

8034
000010000

8035
000100000

8036
000010000

8037
000000100

8038
000100000

8039
000000010

8040
000100000

8041
000000010

8042
000010000

8043
000001000

8044
000000001

8045
000100000

8046
000010000

8047
000001000

8048
000010000

8049
010000000

8050
100000000

8051
000001000

8052
000000010

8053
001000010

8054
000001000

8055
000001000

8056
000010010

8057
010000000

8058
000100000

8059
110110000

8060
000001000

8061
000100001

8062
000000100

8063
000000001

8064
010000000

8065
001000000

8066
100000010

8067
110001000

8068
100010000

8069
111111111

8070
000000001

8071
000010000

8072
010000000

8073
000000010

8074
001000000

8075
000000010

8076
000010000

8077
000010000

8078
000100000

8079
001000000

8080
001100000

8081
000100000

8082
000001000

8083
100000000

8084
000000010

8085
000010000

8086
000000010

8087
100000000

8088
000010000

8089
000000011

8090
000000001

8091
000000100

8092
000000010

8093
000010000

8094
010000000

8095
100001000

8096
001000000

8097
010010000

8098
010000000

8099
100000000

8100
000000010

8101
010000000

8102
000010000

8103
100000000

8104
000000100

8105
010000000

8106
000000100

8107
010000000

8108
000000001

8109
000000100

8110
001000000

8111
001000000

8112
000010000

8113
000010001

8114
000000010

8115
001000000

8116
000010000

8117
000000100

8118
000100000

8119
000000010

8120
000010000

8121
000000100

8122
000000100

8123
001000000

8124
000001000

8125
010000000

8126
000000001

8127
001000000

8128
000001000

8129
000000001

8130
000010000

8131
000001000

8132
000100000

8133
000001000

8134
000000101

8135
000000010

8136
001000010

8137
000000010

8138
000010000

8139
001000100

8140
000000010

8141
000100000

8142
001000000

8143
000000010

8144
000100000

8145
001000000

8146
001000000

8147
001000000

8148
000000100

8149
010000000

8150
000001000

8151
000000110

8152
000010000

8153
000001000

8154
000000010

8155
000000100

8156
000000100

8157
001000100

8158
010000000

8159
000000001

8160
000100000

8161
000000010

8162
010000000

8163
000000100

8164
000100000

8165
000110100

8166
100000000

8167
111000000

8168
000100000

8169
000001000

8170
000001000

8171
000000010

8172
001000000

8173
001000000

8174
000001000

8175
000000001

8176
000100000

8177
000001000

8178
010000000

8179
000010000

8180
000000001

8181
000010000

8182
000010000

8183
010000000

8184
000000001

8185
000101000

8186
000001000

8187
100000000

8188
001000000

8189
000010000

8190
001000000

8191
000000100

8192
000001000

8193
000000010

8194
100000000

8195
001000000

8196
000100000

8197
001000000

8198
000000001

8199
000000100

8200
010000000

8201
100000000

8202
001000000

8203
010000000

8204
001000000

8205
000010000

8206
100000000

8207
000000001

8208
000000001

8209
000000100

8210
000100000

8211
000000100

8212
001000000

8213
000001000

8214
000000001

8215
000000010

8216
100000000

8217
011000010

8218
000000010

8219
000100000

8220
000000010

8221
000001001

8222
000000001

8223
010000000

8224
100000000

8225
000001000

8226
000001000

8227
000100000

8228
100000000

8229
001000000

8230
000000001

8231
001000000

8232
000001000

8233
000100000

8234
100000000

8235
000000011

8236
000100000

8237
000100000

8238
001000000

8239
000011000

8240
000001000

8241
010000000

8242
010000000

8243
000001000

8244
000000010

8245
010000000

8246
011000000

8247
100000000

8248
000000001

8249
000000010

8250
001000000

8251
001000000

8252
000000010

8253
100000000

8254
000000001

8255
000100000

8256
000100000

8257
000001000

8258
000000010

8259
010000000

8260
000010000

8261
100100110

8262
010000000

8263
001000000

8264
000010000

8265
000010000

8266
000000100

8267
010000000

8268
000001000

8269
000000010

8270
000010000

8271
000000100

8272
000000100

8273
000001000

8274
000010000

8275
000010000

8276
010000000

8277
000000100

8278
000100100

8279
000000010

8280
000001000

8281
000010000

8282
000100000

8283
100000000

8284
000000100

8285
100000000

8286
010000000

8287
000000100

8288
001000000

8289
001000000

8290
100000000

8291
000100000

8292
000001000

8293
000000100

8294
100101001

8295
000000010

8296
100000000

8297
000000001

8298
100000000

8299
000000100

8300
100000000

8301
000001000

8302
000001000

8303
000010000

8304
000001000

8305
000000010

8306
000000100

8307
000000010

8308
010000000

8309
000100000

8310
000010000

8311
000000100

8312
010000000

8313
000001000

8314
000000001

8315
010000000

8316
001000000

8317
010000000

8318
100000000

8319
000010000

8320
000010000

8321
100011000

8322
100000000

8323
000000100

8324
000000100

8325
000100000

8326
000001000

8327
000000001

8328
000000110

8329
000000100

8330
100000000

8331
100000000

8332
000000010

8333
001000000

8334
000010000

8335
000000100

8336
100000000

8337
000100000

8338
000010000

8339
010000000

8340
001000000

8341
110000000

8342
001000000

8343
000000100

8344
010000000

8345
000010001

8346
001000000

8347
000000010

8348
010000000

8349
010000000

8350
000000001

8351
000000100

8352
000000100

8353
000000100

8354
000000100

8355
000000010

8356
000001000

8357
010000000

8358
000010000

8359
000010000

8360
000000010

8361
000000100

8362
001000000

8363
100000000

8364
001000000

8365
010000000

8366
000100001

8367
100000000

8368
000001000

8369
010000000

8370
000100000

8371
100000000

8372
000000010

8373
000000001

8374
000010001

8375
000000001

8376
100010000

8377
000000001

8378
010000000

8379
000000010

8380
000000010

8381
000100100

8382
100000000

8383
000100000

8384
100000000

8385
000000001

8386
100000010

8387
000010000

8388
000001000

8389
000100000

8390
000000100

8391
111010000

8392
000010000

8393
000100000

8394
000000001

8395
001000000

8396
000100000

8397
100000000

8398
010000000

8399
000000001

8400
000000001

8401
010001000

8402
000000100

8403
000000100

8404
100000000

8405
000000100

8406
000100000

8407
000010000

8408
000100001

8409
000100000

8410
001000101

8411
001000000

8412
010000000

8413
000100000

8414
000000010

8415
000000001

8416
000000100

8417
100000000

8418
000100000

8419
000010000

8420
001000000

8421
000000100

8422
000100000

8423
000000100

8424
100000000

8425
010000000

8426
001000000

8427
000000100

8428
100000000

8429
000001000

8430
000001000

8431
000010000

8432
000010000

8433
001000000

8434
000000001

8435
000000100

8436
010000000

8437
000000100

8438
000000001

8439
000001000

8440
001000000

8441
000010000

8442
000010000

8443
100000000

8444
100100000

8445
001000000

8446
000100000

8447
001001000

8448
000000010

8449
000001000

8450
000000101

8451
000100000

8452
000000100

8453
001000000

8454
100000000

8455
000010000

8456
000000010

8457
000010000

8458
000000010

8459
010000100

8460
000001000

8461
001000000

8462
100001000

8463
100000100

8464
000100000

8465
010000001

8466
010000000

8467
100000000

8468
000000100

8469
100000000

8470
000010000

8471
000000100

8472
010000000

8473
000010000

8474
000001000

8475
000100000

8476
000100000

8477
000000001

8478
000000100

8479
000001000

8480
000000010

8481
000100000

8482
000000001

8483
010010000

8484
000100000

8485
000000100

8486
000001000

8487
000001000

8488
000000010

8489
010000000

8490
000000100

8491
001000000

8492
000100000

8493
010000000

8494
000000010

8495
000001000

8496
000000100

8497
010110001

8498
100000000

8499
001100000

8500
000000010

8501
000010000

8502
000000001

8503
000001000

8504
010000000

8505
001000000

8506
100000000

8507
000001000

8508
000001000

8509
000000001

8510
000001000

8511
000000100

8512
000010000

8513
000001000

8514
001000000

8515
000100001

8516
100000000

8517
000000001

8518
000010000

8519
100000000

8520
000010000

8521
000000010

8522
000100000

8523
000010000

8524
010000000

8525
000010000

8526
000000001

8527
010000000

8528
010000000

8529
000001000

8530
010001010

8531
100000000

8532
000000010

8533
000001000

8534
000000010

8535
000100000

8536
000010001

8537
001000000

8538
000111000

8539
000100000

8540
001000000

8541
001000000

8542
000001000

8543
100000000

8544
000000001

8545
010000000

8546
010000000

8547
000010000

8548
001110000

8549
000000100

8550
100000000

8551
000000010

8552
000001000

8553
000001000

8554
000001000

8555
000100000

8556
000001000

8557
010000000

8558
000000100

8559
001100000

8560
000001000

8561
100000000

8562
000010100

8563
100000000

8564
000000100

8565
000000100

8566
000100000

8567
000010000

8568
000000010

8569
010000000

8570
001000000

8571
000000001

8572
000000100

8573
000000001

8574
000000010

8575
000010000

8576
001000000

8577
000100000

8578
000000100

8579
000000001

8580
000000010

8581
000010000

8582
000100000

8583
001000000

8584
010000000

8585
010000000

8586
100001000

8587
000010000

8588
000100000

8589
010000000

8590
000010000

8591
000100000

8592
000000100

8593
000100000

8594
000000100

8595
000010000

8596
000000100

8597
000000001

8598
000000001

8599
000100100

8600
010000000

8601
000110100

8602
100000000

8603
010000000

8604
000010000

8605
100000000

8606
010000000

8607
010000000

8608
000100000

8609
000001000

8610
010000010

8611
010000000

8612
010000000

8613
000010000

8614
000000010

8615
010000000

8616
000000010

8617
100001000

8618
000001000

8619
000100000

8620
000000010

8621
000010000

8622
000000010

8623
001000100

8624
010000000

8625
000010100

8626
000101010

8627
100000000

8628
000001000

8629
000000001

8630
010000000

8631
000010000

8632
000001010

8633
100000000

8634
001000000

8635
000001000

8636
000000100

8637
010000000

8638
000000001

8639
000001000

8640
000001000

8641
010000000

8642
000100000

8643
000010000

8644
000010000

8645
001000000

8646
010000000

8647
001100000

8648
000010001

8649
010000000

8650
000100000

8651
000000010

8652
000000001

8653
000000100

8654
100000000

8655
000000001

8656
000000001

8657
000000010

8658
100000000

8659
000010000

8660
100000000

8661
000000001

8662
000001000

8663
100000000

8664
010000000

8665
000001000

8666
000001000

8667
001000000

8668
000000001

8669
010000000

8670
001000000

8671
010000000

8672
010000000

8673
000010000

8674
000000100

8675
100000000

8676
100000000

8677
000000001

8678
000000001

8679
100000000

8680
010000100

8681
000100000

8682
000000100

8683
001000000

8684
000001000

8685
000100000

8686
000000001

8687
000000100

8688
100000000

8689
001000000

8690
100000000

8691
000000001

8692
000100000

8693
000010000

8694
000000010

8695
000100000

8696
000000001

8697
000100000

8698
000001000

8699
000001000

8700
000000010

8701
100000000

8702
000000001

8703
000000001

8704
000000010

8705
010000000

8706
000010000

8707
000000001

8708
000000001

8709
010000000

8710
000000001

8711
000000010

8712
100000000

8713
010000000

8714
000000001

8715
000000001

8716
000001010

8717
000100000

8718
000100000

8719
010000000

8720
010000100

8721
000000010

8722
000100000

8723
101000000

8724
000100000

8725
000000100

8726
000000010

8727
000010000

8728
000000001

8729
000010000

8730
001000000

8731
000000100

8732
000000001

8733
001001000

8734
010000000

8735
100100000

8736
000000001

8737
000010000

8738
100000001

8739
000000100

8740
100000000

8741
000100000

8742
000000010

8743
000000100

8744
000000100

8745
010000000

8746
000000001

8747
000001000

8748
011000100

8749
000000001

8750
011010000

8751
000000001

8752
010000000

8753
000000100

8754
000000100

8755
100000000

8756
000001000

8757
001000000

8758
100000000

8759
100000000

8760
001000000

8761
000100000

8762
010000000

8763
000001000

8764
000000111

8765
000010000

8766
000001010

8767
001000000

8768
000000010

8769
010000000

8770
000001000

8771
000100000

8772
000010000

8773
001000000

8774
001000000

8775
010000010

8776
010000000

8777
000000010

8778
000010000

8779
000000001

8780
001000000

8781
000010000

8782
000000001

8783
010000000

8784
001001000

8785
000010000

8786
000100000

8787
000000100

8788
001000000

8789
000001000

8790
000000100

8791
010000000

8792
000000010

8793
100001000

8794
000100000

8795
010000000

8796
000000010

8797
011000010

8798
010000000

8799
000100000

8800
010000000

8801
000000010

8802
010000000

8803
000000100

8804
000000100

8805
001000000

8806
000100000

8807
000000100

8808
000001000

8809
100000000

8810
000001000

8811
000000010

8812
001000000

8813
001000001

8814
000010000

8815
000100000

8816
000001000

8817
000000001

8818
100001000

8819
001000000

8820
001000000

8821
000000001

8822
000001000

8823
001000000

8824
000000100

8825
000000010

8826
010000000

8827
001000000

8828
010000000

8829
000010100

8830
100000000

8831
000010000

8832
001000000

8833
001000001

8834
000100100

8835
000011000

8836
000000100

8837
000010000

8838
001001000

8839
000100000

8840
000100000

8841
000000100

8842
001000000

8843
000100000

8844
000000010

8845
000010000

8846
100000000

8847
000100000

8848
100000000

8849
000010000

8850
001100000

8851
000000100

8852
000000100

8853
000100000

8854
000100000

8855
000010000

8856
000000010

8857
000000001

8858
000000001

8859
000000010

8860
000010000

8861
100000000

8862
000000100

8863
000000100

8864
000001001

8865
000010000

8866
000001000

8867
100000000

8868
000100000

8869
010000000

8870
000001000

8871
000000001

8872
010000000

8873
100000000

8874
010000000

8875
000000001

8876
000001000

8877
001000100

8878
000001000

8879
000010000

8880
000000001

8881
000001000

8882
000000100

8883
001000000

8884
000000010

8885
000010001

8886
000000010

8887
001011000

8888
000100000

8889
000001000

8890
000001000

8891
011000010

8892
000000010

8893
010000000

8894
001000000

8895
000001000

8896
000001000

8897
000000010

8898
000000001

8899
000000001

8900
000000100

8901
000100000

8902
000001000

8903
000100000

8904
000010000

8905
010000000

8906
010000000

8907
000000100

8908
000000100

8909
000000010

8910
000000100

8911
100001000

8912
000000100

8913
000000010

8914
010000000

8915
000010000

8916
001000000

8917
010000000

8918
000001000

8919
000001000

8920
000010000

8921
100000000

8922
001000000

8923
010000000

8924
000000010

8925
000010000

8926
100000000

8927
000000010

8928
000100000

8929
001000000

8930
100000001

8931
100000000

8932
000000001

8933
000000100

8934
100000000

8935
000100000

8936
000100000

8937
000000010

8938
000010000

8939
011000000

8940
000010000

8941
010000000

8942
001000000

8943
000100000

8944
100000001

8945
001000000

8946
010000000

8947
000000010

8948
010000000

8949
000010000

8950
000001000

8951
001000000

8952
000000010

8953
000000010

8954
000010000

8955
001000000

8956
010000000

8957
000000010

8958
100000000

8959
000000100

8960
010000000

8961
000000010

8962
001110000

8963
000010000

8964
000010000

8965
100000000

8966
000000001

8967
000000100

8968
001000000

8969
010010000

8970
000100000

8971
001000000

8972
010000000

8973
000001000

8974
001000000

8975
010000000

8976
000010000

8977
100000000

8978
000000001

8979
001000000

8980
001011000

8981
000000010

8982
000010000

8983
100000000

8984
000000011

8985
010000000

8986
001000000

8987
000010000

8988
100000000

8989
000000100

8990
100000000

8991
000000100

8992
000001000

8993
000000001

8994
000000010

8995
100000000

8996
000001000

8997
000001000

8998
001000000

8999
000000010

9000
000100000

9001
000000001

9002
100000000

9003
000000010

9004
000000010

9005
010010100

9006
000000100

9007
000001000

9008
010000000

9009
100000000

9010
000000100

9011
000000010

9012
000000010

9013
001000000

9014
000001000

9015
000010000

9016
000001000

9017
000100000

9018
000100000

9019
000100000

9020
000100000

9021
000010000

9022
000001000

9023
001000000

9024
000000001

9025
001000000

9026
000100000

9027
000000001

9028
000000100

9029
000011000

9030
000000010

9031
000010000

9032
000000001

9033
000010000

9034
001000000

9035
000100000

9036
000001000

9037
000100000

9038
001000000

9039
000010000

9040
000000100

9041
000001000

9042
000000100

9043
000001000

9044
001000000

9045
000001000

9046
000010000

9047
010000000

9048
001000000

9049
000000001

9050
000010000

9051
100001010

9052
000100000

9053
001000000

9054
000010010

9055
010000000

9056
000010000

9057
000000010

9058
000000010

9059
000100000

9060
000000010

9061
001000000

9062
010000000

9063
000010000

9064
010000000

9065
000000010

9066
000010000

9067
000000001

9068
000000010

9069
000000001

9070
000100000

9071
000000100

9072
000010000

9073
100000000

9074
100000000

9075
000100000

9076
001000010

9077
010000000

9078
000000010

9079
000010000

9080
010000000

9081
000010000

9082
000000100

9083
000100000

9084
000000010

9085
000010000

9086
100000000

9087
000100010

9088
001000000

9089
000000001

9090
001000100

9091
000001000

9092
010000000

9093
000000100

9094
000000010

9095
001000000

9096
010000000

9097
000000010

9098
010001000

9099
000100000

9100
000010000

9101
010000000

9102
011000000

9103
000001000

9104
001000000

9105
000010000

9106
000100000

9107
100000000

9108
000001000

9109
000100000

9110
000000100

9111
000000001

9112
000000100

9113
000001000

9114
000000001

9115
000010000

9116
100000000

9117
000010000

9118
000000010

9119
000000100

9120
000100010

9121
000000001

9122
000000100

9123
000000001

9124
000010000

9125
000100000

9126
000000001

9127
000000010

9128
100000000

9129
000000001

9130
010000000

9131
000000010

9132
000100000

9133
000000100

9134
000000001

9135
000011000

9136
000001000

9137
000000010

9138
100000000

9139
000010000

9140
000000001

9141
000000011

9142
010000000

9143
000001000

9144
000000001

9145
000010000

9146
000000100

9147
000100000

9148
001000000

9149
000010000

9150
000000010

9151
000000010

9152
000000010

9153
100000000

9154
000000010

9155
000000010

9156
010000000

9157
000000010

9158
100000100

9159
000100000

9160
001000000

9161
100000000

9162
110000000

9163
000000010

9164
001100000

9165
000000100

9166
000100000

9167
010000000

9168
000000001

9169
000001000

9170
001000000

9171
100000001

9172
000000010

9173
010000000

9174
000000001

9175
000000010

9176
001000000

9177
000000001

9178
000000100

9179
000010000

9180
010000000

9181
000000010

9182
000000010

9183
000000100

9184
100000000

9185
000000001

9186
100110000

9187
000100000

9188
000010000

9189
010000000

9190
000000001

9191
000000100

9192
000010000

9193
000000010

9194
100000000

9195
010000000

9196
000000010

9197
000000001

9198
010000000

9199
001000000

9200
010000000

9201
010000000

9202
000010000

9203
100000000

9204
000000100

9205
100000000

9206
000100000

9207
010000010

9208
000100000

9209
000000010

9210
001000000

9211
000100000

9212
000000100

9213
100000000

9214
001000000

9215
001000000

9216
000001000

9217
000100000

9218
000000100

9219
000001000

9220
000000001

9221
000010000

9222
010000000

9223
100000000

9224
001000000

9225
000000010

9226
010000000

9227
000000001

9228
000001000

9229
000000010

9230
000100100

9231
000000010

9232
100000000

9233
010000000

9234
000000100

9235
001000000

9236
010000000

9237
100000000

9238
010000000

9239
000001000

9240
000000001

9241
100000000

9242
000001000

9243
000000001

9244
110001000

9245
000001000

9246
000000001

9247
010000000

9248
000000010

9249
000000001

9250
000000010

9251
000100000

9252
001000000

9253
000011000

9254
000001000

9255
001000000

9256
000000100

9257
000000010

9258
100000000

9259
000000100

9260
000001000

9261
000001000

9262
010000000

9263
010000000

9264
001000000

9265
000010000

9266
000010000

9267
000100000

9268
000000010

9269
100000010

9270
001000000

9271
100000000

9272
100000000

9273
010000000

9274
000000001

9275
001000000

9276
000000100

9277
000001010

9278
000001000

9279
000000001

9280
000000100

9281
000001000

9282
000000010

9283
000000010

9284
100000000

9285
000000010

9286
000001000

9287
000001100

9288
000101000

9289
000000100

9290
000001000

9291
001000000

9292
010000001

9293
000010000

9294
000000001

9295
100010010

9296
100000000

9297
000100000

9298
000001000

9299
000010000

9300
000000010

9301
010000000

9302
001000000

9303
000100000

9304
010000000

9305
000001000

9306
010000000

9307
000000010

9308
000010000

9309
100000000

9310
100000000

9311
001000000

9312
000010000

9313
000000010

9314
001000000

9315
010000000

9316
100000000

9317
100000000

9318
000000100

9319
000100000

9320
000010000

9321
000010000

9322
010000000

9323
000000010

9324
001000100

9325
001000000

9326
100000000

9327
000001000

9328
000001000

9329
000000100

9330
000000100

9331
000000001

9332
000000010

9333
100000000

9334
000000001

9335
000000010

9336
000001000

9337
000001000

9338
000000001

9339
000100000

9340
000100000

9341
001000000

9342
000010000

9343
000000010

9344
000001000

9345
000000100

9346
000000010

9347
000001000

9348
000000100

9349
000010000

9350
000000100

9351
000001000

9352
010000000

9353
000000001

9354
000100000

9355
100000000

9356
000000101

9357
000000001

9358
000000100

9359
010000000

9360
100000000

9361
000001000

9362
000000100

9363
000000100

9364
000010000

9365
000000001

9366
010000000

9367
001000000

9368
000010000

9369
000000100

9370
010000000

9371
010000000

9372
100000000

9373
000000100

9374
000000001

9375
010000000

9376
000010000

9377
000000010

9378
000000001

9379
000000100

9380
100000000

9381
000100000

9382
100000000

9383
000010000

9384
000001000

9385
001000000

9386
000010000

9387
001000000

9388
000000010

9389
000001000

9390
000000010

9391
000001000

9392
000100000

9393
000001000

9394
000000001

9395
000010000

9396
000000010

9397
000000001

9398
000010000

9399
000100000

9400
010100000

9401
011001000

9402
100000000

9403
010000000

9404
011000000

9405
000000010

9406
000001010

9407
000001000

9408
000000010

9409
000000010

9410
000010000

9411
000001000

9412
000010000

9413
000010000

9414
000000001

9415
000001000

9416
111111111

9417
010000000

9418
100000000

9419
100000000

9420
100000000

9421
010000000

9422
001000000

9423
010000000

9424
000000010

9425
000100000

9426
000100000

9427
001000000

9428
000100000

9429
000010000

9430
000000010

9431
000010000

9432
000010000

9433
100000000

9434
000100000

9435
100000000

9436
000010000

9437
000100000

9438
010000000

9439
000100000

9440
001000000

9441
000001000

9442
000001000

9443
010000000

9444
100000000

9445
000001000

9446
000000100

9447
000001000

9448
000100000

9449
000000001

9450
100000000

9451
000000100

9452
001000100

9453
000010000

9454
000000100

9455
011000000

9456
000100000

9457
000000010

9458
000000001

9459
010000000

9460
100000000

9461
000000100

9462
000100000

9463
001000000

9464
000100000

9465
100000000

9466
000001000

9467
000000010

9468
100000000

9469
000000010

9470
001000010

9471
000010000

9472
100000000

9473
000000100

9474
000100000

9475
000001000

9476
001000000

9477
000101000

9478
000100000

9479
001000000

9480
000000100

9481
000001000

9482
000100000

9483
010000000

9484
000000011

9485
001000010

9486
000010000

9487
000000100

9488
000001000

9489
000100000

9490
000000001

9491
000000001

9492
000100000

9493
010000000

9494
000000100

9495
000100000

9496
100000000

9497
100000000

9498
000001000

9499
000000001

9500
000000010

9501
000001000

9502
010000000

9503
000010000

9504
000010000

9505
000000100

9506
000000100

9507
000000001

9508
000000100

9509
000000100

9510
000110000

9511
000000001

9512
000101000

9513
000100000

9514
000001000

9515
000000001

9516
000000010

9517
000000001

9518
001100001

9519
000000010

9520
000000001

9521
001000000

9522
010000000

9523
000001000

9524
010010000

9525
000001000

9526
100000000

9527
000000001

9528
010000000

9529
000100000

9530
000000100

9531
000100000

9532
000001000

9533
010100000

9534
001100000

9535
010000001

9536
000100000

9537
100000000

9538
001000000

9539
000000001

9540
000000010

9541
000001000

9542
100000000

9543
000000010

9544
000010000

9545
000010000

9546
100000000

9547
000001000

9548
000100000

9549
001000000

9550
000000010

9551
000001010

9552
000001000

9553
000100000

9554
000000010

9555
000000100

9556
000000100

9557
000000100

9558
010000000

9559
000100000

9560
000010000

9561
000000001

9562
000010000

9563
000000001

9564
000000001

9565
010000000

9566
001000000

9567
000000010

9568
001000010

9569
000100000

9570
000001000

9571
010000000

9572
000010000

9573
000000100

9574
000010000

9575
010000100

9576
111111111

9577
000000100

9578
000001000

9579
010000000

9580
001000000

9581
000010000

9582
100000000

9583
100000000

9584
000000100

9585
000000010

9586
000000001

9587
000001000

9588
100010000

9589
000001000

9590
000000001

9591
000000100

9592
000010000

9593
100000000

9594
000000001

9595
000000100

9596
100000000

9597
000000100

9598
001000000

9599
000000100

9600
000000100

9601
000000001

9602
000000100

9603
000000010

9604
000000010

9605
000000100

9606
000001000

9607
000010000

9608
010000000

9609
010000000

9610
000000001

9611
000000010

9612
000100000

9613
100000000

9614
010000000

9615
100001010

9616
100000000

9617
000000001

9618
000001000

9619
001000000

9620
000000001

9621
000000001

9622
001000000

9623
001000000

9624
000001000

9625
000010000

9626
000000001

9627
000001000

9628
000001000

9629
000000101

9630
000000001

9631
000100000

9632
000100000

9633
100000000

9634
000001000

9635
010000000

9636
000100000

9637
001000000

9638
000000100

9639
100000000

9640
010100001

9641
000000001

9642
000100000

9643
000010000

9644
001000000

9645
101000000

9646
000000001

9647
100000000

9648
010000000

9649
100100010

9650
100000000

9651
000001000

9652
000000100

9653
000001000

9654
000100000

9655
001000000

9656
100000000

9657
000000010

9658
001000000

9659
001000000

9660
010000000

9661
000100000

9662
000000001

9663
000100000

9664
000010000

9665
000001000

9666
000000001

9667
100000000

9668
000000100

9669
001000000

9670
000001000

9671
000001100

9672
000000001

9673
000000001

9674
010100000

9675
100000000

9676
001000011

9677
000001000

9678
000000100

9679
000000010

9680
000001000

9681
100000000

9682
001000000

9683
000000010

9684
000000001

9685
000000001

9686
000001011

9687
000000010

9688
001000101

9689
000100000

9690
100000000

9691
000000100

9692
001000000

9693
010000000

9694
000000001

9695
001010000

9696
000000010

9697
000000010

9698
000001000

9699
000000001

9700
000000100

9701
000100000

9702
010000000

9703
100000010

9704
000000001

9705
100000000

9706
000000010

9707
000010000

9708
000000010

9709
001000001

9710
000000001

9711
000101000

9712
000100001

9713
000000100

9714
010000000

9715
001000000

9716
000000001

9717
001000000

9718
100000000

9719
000100000

9720
000000100

9721
000010000

9722
000000001

9723
001000000

9724
000100000

9725
010000000

9726
000001000

9727
100000000

9728
000000010

9729
000000010

9730
000000010

9731
001000000

9732
000100001

9733
000000010

9734
000001000

9735
000000001

9736
000000001

9737
000010100

9738
000001000

9739
000010000

9740
100000000

9741
100000000

9742
000010000

9743
010000100

9744
000000001

9745
000000001

9746
000010000

9747
010000010

9748
001000000

9749
000000001

9750
000001000

9751
000000001

9752
000000100

9753
000100000

9754
000010000

9755
000000100

9756
100000000

9757
100000000

9758
000010000

9759
001000000

9760
000000100

9761
000010000

9762
000000001

9763
000100000

9764
000000100

9765
010000000

9766
100000001

9767
000000100

9768
100000000

9769
100000000

9770
000000010

9771
000001000

9772
000000100

9773
000000001

9774
001000000

9775
000010000

9776
100000000

9777
000000100

9778
100100000

9779
000001000

9780
000000100

9781
010000000

9782
000100000

9783
000010000

9784
000000010

9785
000010000

9786
110010000

9787
000000100

9788
000000010

9789
000000001

9790
000001000

9791
010000000

9792
000010000

9793
010000000

9794
010000000

9795
001000000

9796
000000001

9797
000001000

9798
010000000

9799
000000010

9800
100000000

9801
001000000

9802
000000010

9803
001000000

9804
000010000

9805
000010000

9806
000101100

9807
000100000

9808
100100000

9809
000000100

9810
001000100

9811
010000000

9812
010000000

9813
000000100

9814
010000000

9815
001000000

9816
010000000

9817
001000000

9818
000000010

9819
000100000

9820
000010000

9821
000010000

9822
000001000

9823
000001000

9824
000000001

9825
000001000

9826
000001000

9827
000010000

9828
000010000

9829
100000000

9830
000000010

9831
000000100

9832
000001000

9833
000100000

9834
000000010

9835
000010000

9836
100000000

9837
000000100

9838
000000001

9839
001000000

9840
000000010

9841
001000000

9842
000000010

9843
000110000

9844
000001010

9845
010000000

9846
000000100

9847
000010000

9848
010000000

9849
000100000

9850
010000000

9851
000010000

9852
000000010

9853
001000000

9854
000000010

9855
000001000

9856
000000100

9857
000000001

9858
000000010

9859
100000100

9860
000000100

9861
000000010

9862
000000010

9863
010000000

9864
100000000

9865
001001000

9866
100000000

9867
001000000

9868
000001000

9869
010000000

9870
000000001

9871
010000000

9872
100000000

9873
000000010

9874
001000000

9875
000000010

9876
100001000

9877
000100110

9878
000000001

9879
000100000

9880
000100000

9881
000000010

9882
001000000

9883
000000100

9884
000000010

9885
000010000

9886
000000001

9887
010000000

9888
000001000

9889
001000000

9890
010000000

9891
000000001

9892
100000000

9893
000001000

9894
000000100

9895
000000100

9896
100010000

9897
000001000

9898
000010000

9899
000001000

9900
000010000

9901
000100000

9902
010000000

9903
000000100

9904
000000010

9905
000000100

9906
000001000

9907
000000001

9908
000000100

9909
000000010

9910
000001000

9911
000100000

9912
000000100

9913
000100000

9914
010000000

9915
000000100

9916
010000000

9917
000001000

9918
000000100

9919
000010000

9920
000000100

9921
000001000

9922
000010000

9923
000000100

9924
010000000

9925
000001000

9926
100000000

9927
000000010

9928
000000001

9929
001000000

9930
000000100

9931
000000001

9932
000100000

9933
010000000

9934
000000001

9935
010000000

9936
100000000

9937
001000000

9938
000000010

9939
000100000

9940
000100000

9941
000000001

9942
000000100

9943
010000000

9944
000000100

9945
000000001

9946
000000100

9947
000100000

9948
000000010

9949
000000100

9950
001000000

9951
000010000

9952
000100000

9953
001000000

9954
000000010

9955
001000000

9956
000101000

9957
000010000

9958
000000001

9959
000001000

9960
000000001

9961
010000000

9962
000000100

9963
000010000

9964
000000001

9965
000100000

9966
000000001

9967
000000001

9968
000001000

9969
000000110

9970
100000000

9971
000001000

9972
100000000

9973
001000000

9974
000100000

9975
000010000

9976
010000000

9977
000000001

9978
100000000

9979
000100000

9980
000011000

9981
000010000

9982
000010000

9983
100000000

9984
000000001

9985
001000000

9986
000010000

9987
000000001

9988
000000010

9989
000000001

9990
000100000

9991
001000000

9992
111000001

9993
000001000

9994
001000000

9995
001000000

9996
000010000

9997
010000000

9998
000000010

9999
000000100

