10000

0
000010

1
000010

2
000010

3
000010

4
000010

5
000010

6
100000

7
000001

8
000001

9
000001

10
001000

11
010000

12
001000

13
010000

14
000100

15
100000

16
000100

17
000010

18
011000

19
001000

20
000010

21
010000

22
000010

23
001000

24
000100

25
000011

26
100000

27
000010

28
000001

29
001000

30
000010

31
000001

32
101000

33
001000

34
000010

35
000010

36
000001

37
001000

38
001000

39
000011

40
110000

41
000001

42
000100

43
000001

44
001000

45
100000

46
000001

47
000010

48
100001

49
001000

50
000010

51
000001

52
000010

53
010001

54
000001

55
000100

56
100000

57
000001

58
100000

59
001000

60
000010

61
000100

62
000100

63
010000

64
010000

65
000001

66
000001

67
001000

68
100000

69
001000

70
000001

71
100001

72
000010

73
000100

74
000001

75
100000

76
000010

77
000010

78
001000

79
000001

80
000100

81
010000

82
010000

83
001000

84
100000

85
000001

86
010000

87
001000

88
000010

89
000010

90
000010

91
000100

92
000100

93
000010

94
001000

95
001000

96
000010

97
001000

98
001000

99
001100

100
000001

101
000010

102
000100

103
000010

104
010000

105
000011

106
010110

107
000100

108
000010

109
000001

110
010000

111
000001

112
001000

113
000001

114
100100

115
000001

116
000001

117
010000

118
000100

119
000100

120
010000

121
000100

122
010000

123
000001

124
000001

125
010000

126
001000

127
100000

128
000010

129
000001

130
000010

131
100000

132
000100

133
000100

134
000010

135
100000

136
100000

137
000100

138
000110

139
000010

140
000001

141
010000

142
000001

143
100000

144
010000

145
010000

146
100100

147
100000

148
000100

149
010000

150
000001

151
000001

152
011000

153
000001

154
001000

155
100000

156
000001

157
000001

158
000100

159
001000

160
000100

161
001000

162
000001

163
000100

164
000001

165
100000

166
000001

167
001000

168
001000

169
100000

170
000011

171
000010

172
001000

173
100000

174
001000

175
100000

176
000001

177
000100

178
100000

179
010000

180
100000

181
010000

182
100000

183
000001

184
000001

185
000100

186
100000

187
001000

188
100000

189
001000

190
010000

191
001000

192
010000

193
000100

194
000001

195
000010

196
000010

197
100000

198
001000

199
010000

200
000100

201
000001

202
000010

203
100000

204
000100

205
010000

206
010000

207
000001

208
010000

209
100000

210
100000

211
010010

212
010000

213
010000

214
000010

215
010000

216
000001

217
000001

218
000100

219
000100

220
000100

221
000011

222
001000

223
000001

224
100000

225
001000

226
000001

227
000100

228
000001

229
100000

230
000001

231
010000

232
000100

233
001000

234
000100

235
010000

236
100000

237
000001

238
010000

239
000100

240
100000

241
001000

242
000010

243
000010

244
010100

245
000010

246
000100

247
100000

248
001000

249
000001

250
001000

251
000010

252
000010

253
000001

254
001000

255
000100

256
000100

257
100000

258
000100

259
000010

260
100000

261
000001

262
000010

263
000010

264
000010

265
000001

266
000100

267
100000

268
001101

269
010000

270
100001

271
010000

272
000100

273
001000

274
000010

275
100000

276
100000

277
000010

278
000001

279
001100

280
001000

281
100000

282
000010

283
010000

284
000001

285
000100

286
000001

287
000001

288
001000

289
000101

290
000100

291
001000

292
000010

293
000100

294
000010

295
000001

296
001000

297
100000

298
000001

299
010000

300
000100

301
000010

302
010000

303
001000

304
000001

305
100000

306
001000

307
000001

308
000010

309
000001

310
000100

311
000100

312
000100

313
000001

314
000001

315
000101

316
000001

317
000001

318
100000

319
010000

320
000010

321
000010

322
000010

323
000001

324
001000

325
000001

326
000010

327
000001

328
000100

329
001000

330
010000

331
100000

332
000100

333
000001

334
000010

335
000010

336
100000

337
000001

338
010000

339
000010

340
100000

341
000010

342
000010

343
010000

344
001000

345
000010

346
100000

347
000101

348
000100

349
000100

350
100000

351
000001

352
010000

353
000001

354
001000

355
000100

356
001000

357
000100

358
001000

359
000010

360
001000

361
000100

362
001000

363
010000

364
000010

365
001000

366
000001

367
010000

368
000100

369
000100

370
001000

371
000010

372
100000

373
010000

374
000010

375
000010

376
100000

377
000100

378
000010

379
001000

380
001000

381
110000

382
010000

383
001000

384
100000

385
010000

386
001000

387
100000

388
001000

389
000001

390
100000

391
000001

392
010000

393
100000

394
010000

395
100000

396
100000

397
000001

398
001000

399
000010

400
000010

401
000010

402
000110

403
100000

404
001000

405
000100

406
100000

407
100000

408
000001

409
000010

410
001110

411
000110

412
000001

413
001000

414
100000

415
000010

416
001000

417
000100

418
000001

419
010000

420
010000

421
000001

422
000001

423
000001

424
100000

425
100000

426
001000

427
000100

428
010000

429
010100

430
001000

431
010100

432
000100

433
001000

434
010000

435
000001

436
001000

437
100000

438
000001

439
000100

440
000001

441
000001

442
010000

443
001000

444
001000

445
000001

446
000001

447
000001

448
010000

449
000001

450
001000

451
010000

452
010000

453
001010

454
001000

455
000010

456
001000

457
001000

458
111111

459
000100

460
010100

461
000100

462
001000

463
000100

464
010000

465
000100

466
100000

467
001000

468
001000

469
000001

470
100000

471
000100

472
000001

473
000010

474
100000

475
000010

476
010000

477
000010

478
011000

479
000100

480
000010

481
000100

482
010000

483
001000

484
000010

485
001000

486
010000

487
000100

488
001010

489
000100

490
100000

491
000100

492
000001

493
000010

494
000001

495
001000

496
000010

497
000100

498
100000

499
010000

500
000001

501
100000

502
000100

503
000010

504
100000

505
100000

506
100000

507
000011

508
000010

509
010000

510
000010

511
010000

512
000001

513
000001

514
010000

515
001000

516
000001

517
000100

518
000010

519
010000

520
010000

521
000100

522
000001

523
001000

524
000001

525
000001

526
000100

527
000010

528
000010

529
000100

530
001000

531
010000

532
000100

533
000001

534
000011

535
000100

536
100000

537
001000

538
001000

539
000001

540
000100

541
000010

542
000100

543
100001

544
000010

545
000010

546
010000

547
010000

548
010001

549
100000

550
000001

551
000010

552
100000

553
000100

554
011000

555
000010

556
010000

557
001100

558
010000

559
000010

560
100000

561
000100

562
000010

563
100000

564
000001

565
000010

566
000011

567
000010

568
001000

569
000010

570
000010

571
000100

572
001000

573
000010

574
010000

575
000100

576
010000

577
001000

578
000100

579
010000

580
110000

581
000010

582
000001

583
000100

584
010000

585
000010

586
100000

587
000001

588
000100

589
010000

590
001000

591
100000

592
100000

593
000100

594
000001

595
001000

596
000010

597
100000

598
000100

599
000100

600
100000

601
010000

602
001000

603
001000

604
001000

605
100000

606
100000

607
100000

608
000001

609
000100

610
000100

611
010000

612
001000

613
000001

614
010000

615
000100

616
100000

617
000010

618
010000

619
000001

620
001000

621
000010

622
010000

623
000100

624
001000

625
010000

626
010000

627
000100

628
001000

629
000100

630
000101

631
100000

632
110000

633
000100

634
000001

635
000100

636
000001

637
000010

638
000010

639
010010

640
000001

641
010000

642
001000

643
000010

644
000100

645
000001

646
010000

647
001010

648
000100

649
000100

650
100000

651
010000

652
001000

653
010000

654
000100

655
000010

656
010000

657
100000

658
010000

659
010100

660
000100

661
010000

662
100000

663
010000

664
000001

665
000100

666
001000

667
000001

668
000001

669
001000

670
000100

671
000010

672
000010

673
010000

674
100000

675
010000

676
001000

677
000100

678
000100

679
000010

680
010000

681
000100

682
000100

683
100000

684
100000

685
001000

686
100000

687
000100

688
001000

689
000100

690
001000

691
010000

692
010000

693
000100

694
000010

695
000001

696
000100

697
010000

698
000010

699
000100

700
001100

701
100000

702
000100

703
010000

704
100000

705
000100

706
100000

707
100100

708
000010

709
000001

710
001000

711
010000

712
001000

713
000001

714
100000

715
000010

716
000010

717
010000

718
100000

719
000100

720
000010

721
000001

722
001000

723
101000

724
000100

725
001000

726
001000

727
100000

728
100000

729
001000

730
001000

731
001000

732
000100

733
000001

734
000100

735
100000

736
100001

737
010010

738
010000

739
110010

740
100000

741
001000

742
000100

743
000100

744
001000

745
001000

746
100000

747
010000

748
000100

749
000100

750
000001

751
000001

752
100000

753
100000

754
000001

755
001000

756
000100

757
100000

758
001000

759
010000

760
000010

761
010000

762
000001

763
000010

764
000010

765
010000

766
000010

767
100000

768
100100

769
100000

770
000100

771
001000

772
000100

773
000010

774
001000

775
000010

776
000001

777
001000

778
000001

779
010000

780
100010

781
001000

782
001000

783
000001

784
010000

785
000010

786
001000

787
010000

788
000010

789
000100

790
001000

791
000010

792
000010

793
101000

794
100000

795
010000

796
000100

797
100000

798
000010

799
100000

800
100000

801
000011

802
001000

803
000100

804
001000

805
000010

806
100000

807
000001

808
010000

809
000001

810
010000

811
100000

812
000100

813
001000

814
000100

815
000001

816
000100

817
011000

818
100000

819
000100

820
100000

821
100000

822
011000

823
000001

824
100000

825
100000

826
000100

827
010000

828
001000

829
000100

830
001000

831
000100

832
010000

833
000101

834
000001

835
000001

836
001000

837
110000

838
000001

839
100000

840
000100

841
010000

842
000010

843
001000

844
010000

845
100000

846
010000

847
010000

848
000010

849
100000

850
000010

851
001000

852
001000

853
001000

854
000100

855
010000

856
000100

857
100000

858
001000

859
000010

860
001000

861
010000

862
000100

863
000001

864
000100

865
010000

866
000001

867
001000

868
010000

869
100000

870
100000

871
100100

872
000010

873
000010

874
100000

875
000001

876
000001

877
100000

878
010000

879
000100

880
001000

881
100000

882
001000

883
000010

884
000001

885
001000

886
100000

887
001000

888
000010

889
000110

890
001000

891
000010

892
010000

893
000010

894
000010

895
000001

896
100000

897
001000

898
000001

899
001101

900
100000

901
100000

902
100000

903
010000

904
000100

905
000010

906
010010

907
111111

908
010000

909
000001

910
001000

911
000001

912
000100

913
000001

914
000001

915
010100

916
000010

917
000110

918
000010

919
010000

920
001000

921
010000

922
000010

923
010000

924
000001

925
010000

926
000100

927
001000

928
010000

929
000100

930
000001

931
000001

932
100001

933
100000

934
100000

935
010000

936
010000

937
100000

938
010000

939
100000

940
000100

941
001000

942
100000

943
000001

944
000001

945
010000

946
000100

947
000100

948
010000

949
100000

950
000100

951
100000

952
000010

953
100000

954
000010

955
000001

956
000001

957
010000

958
000010

959
100000

960
000001

961
000001

962
100000

963
000001

964
000010

965
000010

966
100000

967
100000

968
000001

969
000001

970
010000

971
000001

972
100000

973
000100

974
010000

975
010000

976
010000

977
001000

978
100000

979
001000

980
100000

981
000010

982
100000

983
010000

984
010000

985
001001

986
000100

987
001000

988
000011

989
100000

990
100000

991
000100

992
100000

993
000010

994
000001

995
000001

996
000001

997
000001

998
010000

999
010000

1000
100000

1001
000010

1002
100000

1003
000100

1004
100000

1005
001000

1006
011000

1007
000001

1008
001000

1009
000100

1010
000010

1011
000001

1012
000001

1013
100000

1014
100000

1015
000010

1016
100000

1017
000011

1018
000011

1019
010000

1020
000010

1021
010000

1022
100000

1023
001000

1024
000001

1025
000010

1026
000001

1027
100000

1028
010000

1029
000010

1030
000001

1031
000001

1032
000100

1033
000010

1034
100000

1035
000001

1036
100000

1037
001000

1038
111111

1039
000001

1040
010000

1041
000100

1042
010000

1043
000100

1044
010000

1045
010000

1046
000001

1047
010000

1048
010000

1049
000001

1050
100000

1051
010000

1052
000100

1053
000001

1054
100000

1055
000001

1056
010000

1057
011000

1058
010000

1059
001000

1060
100000

1061
000010

1062
010000

1063
000011

1064
001000

1065
001000

1066
100000

1067
000001

1068
001000

1069
000010

1070
100000

1071
001001

1072
000001

1073
100000

1074
000010

1075
000100

1076
000001

1077
100000

1078
000001

1079
000010

1080
000101

1081
001000

1082
000010

1083
000100

1084
000001

1085
000010

1086
010000

1087
010000

1088
001000

1089
000010

1090
000100

1091
000100

1092
000010

1093
000010

1094
000001

1095
110010

1096
000100

1097
000010

1098
000001

1099
100000

1100
000001

1101
001000

1102
001000

1103
100000

1104
100000

1105
001000

1106
001000

1107
100000

1108
101000

1109
000010

1110
000010

1111
000010

1112
010000

1113
000001

1114
000001

1115
000010

1116
000001

1117
000100

1118
000010

1119
000100

1120
010100

1121
000100

1122
100000

1123
100000

1124
001100

1125
100000

1126
010000

1127
000001

1128
100000

1129
010000

1130
001000

1131
010000

1132
000100

1133
000100

1134
100001

1135
000001

1136
000100

1137
011000

1138
000100

1139
000100

1140
100000

1141
000110

1142
100000

1143
000100

1144
000010

1145
000100

1146
100000

1147
001000

1148
000010

1149
000010

1150
000001

1151
100000

1152
001000

1153
000100

1154
010000

1155
001000

1156
010000

1157
100000

1158
000010

1159
000010

1160
000001

1161
000100

1162
000010

1163
000100

1164
000100

1165
000001

1166
100000

1167
001000

1168
000011

1169
000010

1170
000010

1171
010000

1172
000100

1173
100000

1174
000010

1175
010000

1176
000010

1177
001000

1178
000001

1179
000010

1180
010000

1181
100100

1182
001000

1183
100000

1184
001000

1185
100000

1186
000010

1187
100000

1188
100000

1189
000001

1190
000001

1191
100000

1192
010000

1193
010000

1194
001000

1195
000001

1196
000010

1197
000010

1198
000001

1199
000010

1200
100000

1201
000001

1202
000100

1203
000001

1204
100000

1205
001001

1206
010000

1207
010000

1208
100000

1209
010000

1210
100000

1211
100000

1212
000001

1213
100000

1214
000100

1215
000100

1216
001000

1217
000010

1218
010000

1219
010001

1220
100000

1221
000001

1222
010000

1223
010000

1224
000010

1225
000100

1226
000001

1227
010000

1228
001000

1229
001000

1230
111111

1231
010000

1232
000010

1233
000010

1234
000010

1235
001000

1236
010000

1237
010000

1238
100000

1239
000001

1240
000010

1241
000010

1242
000001

1243
010000

1244
010000

1245
001000

1246
010000

1247
100000

1248
001001

1249
001000

1250
000100

1251
001000

1252
100000

1253
000010

1254
010000

1255
000100

1256
001000

1257
100000

1258
000001

1259
001000

1260
000010

1261
000100

1262
101000

1263
000100

1264
100000

1265
100000

1266
001000

1267
001000

1268
100000

1269
000001

1270
000001

1271
000001

1272
100000

1273
010000

1274
001000

1275
010000

1276
100000

1277
000100

1278
001000

1279
010000

1280
010000

1281
000001

1282
000100

1283
000010

1284
001000

1285
100000

1286
000010

1287
000100

1288
000001

1289
010000

1290
000010

1291
100000

1292
001000

1293
000001

1294
000100

1295
000010

1296
010000

1297
001000

1298
000010

1299
000100

1300
100000

1301
010000

1302
000001

1303
000100

1304
000100

1305
000001

1306
100000

1307
000100

1308
010000

1309
001000

1310
010000

1311
100000

1312
000001

1313
001000

1314
100001

1315
100000

1316
010000

1317
010000

1318
001000

1319
001000

1320
000010

1321
010000

1322
001000

1323
010100

1324
001000

1325
001000

1326
000100

1327
000100

1328
100010

1329
000001

1330
001000

1331
011100

1332
001000

1333
000101

1334
001001

1335
000010

1336
100000

1337
001100

1338
001000

1339
000100

1340
001000

1341
000010

1342
000001

1343
010000

1344
000001

1345
001000

1346
000010

1347
001001

1348
000001

1349
001000

1350
000010

1351
001000

1352
000001

1353
001000

1354
000010

1355
001110

1356
100000

1357
010000

1358
010000

1359
001110

1360
000001

1361
000001

1362
100000

1363
000001

1364
000100

1365
000010

1366
100000

1367
100000

1368
100000

1369
000001

1370
100000

1371
001000

1372
010000

1373
000100

1374
001000

1375
100000

1376
001000

1377
100000

1378
000010

1379
100000

1380
000100

1381
000010

1382
000010

1383
000001

1384
000001

1385
001000

1386
000010

1387
000001

1388
000100

1389
100000

1390
000001

1391
100000

1392
001000

1393
000010

1394
000001

1395
010000

1396
000010

1397
000001

1398
000010

1399
100011

1400
001000

1401
100000

1402
000100

1403
000100

1404
100000

1405
001000

1406
000010

1407
001000

1408
010000

1409
000010

1410
001000

1411
001100

1412
010000

1413
010000

1414
001000

1415
000010

1416
000101

1417
001000

1418
000001

1419
010000

1420
010000

1421
010000

1422
000100

1423
001000

1424
100000

1425
010000

1426
100000

1427
000001

1428
000010

1429
000010

1430
100010

1431
000100

1432
100010

1433
000010

1434
111111

1435
100000

1436
000100

1437
000001

1438
100000

1439
100000

1440
001000

1441
000001

1442
110000

1443
000100

1444
010000

1445
000001

1446
000100

1447
001000

1448
001000

1449
000100

1450
010000

1451
000100

1452
000100

1453
000001

1454
001000

1455
001000

1456
100000

1457
000001

1458
010000

1459
001101

1460
100000

1461
100000

1462
000100

1463
000001

1464
000001

1465
001000

1466
001000

1467
000010

1468
010000

1469
001000

1470
001100

1471
100010

1472
000100

1473
000001

1474
000100

1475
001000

1476
000010

1477
000010

1478
100000

1479
000010

1480
000001

1481
100000

1482
101000

1483
010000

1484
000010

1485
100100

1486
000001

1487
100000

1488
010001

1489
010000

1490
001000

1491
001000

1492
000010

1493
000001

1494
001000

1495
000010

1496
010000

1497
100000

1498
010000

1499
000100

1500
010000

1501
000100

1502
000001

1503
000100

1504
000001

1505
000001

1506
100000

1507
010000

1508
100000

1509
000100

1510
000001

1511
000001

1512
000100

1513
000001

1514
000100

1515
001000

1516
000010

1517
100000

1518
000010

1519
010000

1520
100000

1521
000010

1522
001000

1523
001000

1524
000010

1525
000100

1526
000100

1527
000001

1528
100000

1529
000010

1530
001000

1531
000010

1532
000100

1533
111111

1534
001011

1535
010000

1536
000001

1537
000010

1538
000001

1539
100100

1540
000100

1541
000001

1542
000100

1543
000100

1544
000001

1545
000010

1546
010000

1547
010000

1548
010000

1549
000100

1550
000100

1551
100000

1552
000100

1553
000010

1554
100000

1555
000100

1556
000001

1557
000100

1558
000101

1559
010000

1560
000010

1561
000100

1562
000010

1563
001000

1564
100000

1565
100000

1566
000010

1567
010000

1568
001000

1569
001000

1570
000100

1571
010000

1572
000010

1573
000110

1574
000001

1575
100000

1576
100010

1577
000100

1578
001000

1579
001000

1580
000001

1581
000100

1582
110000

1583
100000

1584
100000

1585
000001

1586
000100

1587
001000

1588
100000

1589
100011

1590
001000

1591
000010

1592
000100

1593
000001

1594
001000

1595
100000

1596
100000

1597
000001

1598
001000

1599
100000

1600
000010

1601
001000

1602
100000

1603
000100

1604
001000

1605
101000

1606
000010

1607
000001

1608
010000

1609
001000

1610
001000

1611
000001

1612
001000

1613
001000

1614
000100

1615
010100

1616
000100

1617
001000

1618
000001

1619
001000

1620
000001

1621
000100

1622
000010

1623
010000

1624
000001

1625
001000

1626
001000

1627
100000

1628
000100

1629
000010

1630
010000

1631
010010

1632
010000

1633
000001

1634
010000

1635
000001

1636
000101

1637
000100

1638
001100

1639
000010

1640
000100

1641
010000

1642
100000

1643
010000

1644
100000

1645
010000

1646
000010

1647
100000

1648
001000

1649
010000

1650
010000

1651
000100

1652
010000

1653
000010

1654
000010

1655
001000

1656
001000

1657
000010

1658
100000

1659
000010

1660
001000

1661
000101

1662
000100

1663
000010

1664
010000

1665
000010

1666
010000

1667
100000

1668
000100

1669
001000

1670
000100

1671
100000

1672
000010

1673
000101

1674
000001

1675
010000

1676
010000

1677
000101

1678
000001

1679
001000

1680
000010

1681
010000

1682
010000

1683
001000

1684
001000

1685
000001

1686
100000

1687
000100

1688
001000

1689
010000

1690
100000

1691
100000

1692
000010

1693
000100

1694
000100

1695
100000

1696
000010

1697
100000

1698
001001

1699
001001

1700
010000

1701
010000

1702
100000

1703
000001

1704
000010

1705
000010

1706
001000

1707
000001

1708
010000

1709
011001

1710
000010

1711
000010

1712
000100

1713
100000

1714
000010

1715
001001

1716
100000

1717
010000

1718
010000

1719
000001

1720
000010

1721
010000

1722
010000

1723
000100

1724
001000

1725
000100

1726
001001

1727
100000

1728
001000

1729
100000

1730
000010

1731
100000

1732
000010

1733
000001

1734
001000

1735
001000

1736
000010

1737
000001

1738
000001

1739
000001

1740
010000

1741
000100

1742
110000

1743
100000

1744
000001

1745
000100

1746
000010

1747
100000

1748
001011

1749
000100

1750
100000

1751
000010

1752
000100

1753
001000

1754
100000

1755
000010

1756
010000

1757
000001

1758
000001

1759
100000

1760
000100

1761
000010

1762
000010

1763
001000

1764
100000

1765
001010

1766
010000

1767
100000

1768
000100

1769
001000

1770
000010

1771
100000

1772
000100

1773
000100

1774
000001

1775
000100

1776
100001

1777
100000

1778
000010

1779
001000

1780
001000

1781
000100

1782
000100

1783
000001

1784
100000

1785
000100

1786
010000

1787
001000

1788
010000

1789
001000

1790
000001

1791
000001

1792
000001

1793
010000

1794
010000

1795
010000

1796
000010

1797
001000

1798
000010

1799
010000

1800
000100

1801
001000

1802
010000

1803
010000

1804
100000

1805
100000

1806
100000

1807
000010

1808
000100

1809
000010

1810
000010

1811
000011

1812
100000

1813
000010

1814
000100

1815
000100

1816
100000

1817
010010

1818
000100

1819
000010

1820
000010

1821
010000

1822
000010

1823
100000

1824
100000

1825
010000

1826
001000

1827
001000

1828
010000

1829
100000

1830
000010

1831
010000

1832
010000

1833
010000

1834
000010

1835
000010

1836
010000

1837
101000

1838
000001

1839
010000

1840
001000

1841
000001

1842
001000

1843
100000

1844
001000

1845
000001

1846
100000

1847
000100

1848
010000

1849
000100

1850
100000

1851
000010

1852
100000

1853
010000

1854
100000

1855
000100

1856
000010

1857
100000

1858
000100

1859
000001

1860
001000

1861
100000

1862
100000

1863
000100

1864
000101

1865
000001

1866
000001

1867
010000

1868
000001

1869
000010

1870
010000

1871
010000

1872
000010

1873
010000

1874
000010

1875
001000

1876
010000

1877
000100

1878
001000

1879
100000

1880
000001

1881
000100

1882
000010

1883
000001

1884
000100

1885
010000

1886
000100

1887
000100

1888
100000

1889
000010

1890
001000

1891
000100

1892
000001

1893
001000

1894
000010

1895
010100

1896
100000

1897
000100

1898
000001

1899
000010

1900
100100

1901
000010

1902
000100

1903
000001

1904
000001

1905
001000

1906
000001

1907
000100

1908
000001

1909
000001

1910
010000

1911
000100

1912
001000

1913
010000

1914
010000

1915
000100

1916
001000

1917
001000

1918
000010

1919
001000

1920
000001

1921
010000

1922
001000

1923
010000

1924
010000

1925
001000

1926
000001

1927
010000

1928
000100

1929
000001

1930
001000

1931
010100

1932
000001

1933
000010

1934
000010

1935
100000

1936
100000

1937
010000

1938
010000

1939
000001

1940
000001

1941
000001

1942
000001

1943
000010

1944
010000

1945
000010

1946
000010

1947
010000

1948
000100

1949
100000

1950
100000

1951
000001

1952
100000

1953
010000

1954
010000

1955
000001

1956
100000

1957
000010

1958
000010

1959
000101

1960
000100

1961
000100

1962
001000

1963
001000

1964
010000

1965
000100

1966
010000

1967
000001

1968
000001

1969
000011

1970
000001

1971
000001

1972
001000

1973
001000

1974
000010

1975
000010

1976
000100

1977
000010

1978
010000

1979
100000

1980
001000

1981
001000

1982
101000

1983
010000

1984
000001

1985
000001

1986
000001

1987
000011

1988
100000

1989
100000

1990
000001

1991
000010

1992
001000

1993
000010

1994
100000

1995
000001

1996
000001

1997
100000

1998
000001

1999
001000

2000
000010

2001
100000

2002
000010

2003
001000

2004
000100

2005
000001

2006
010010

2007
001000

2008
010000

2009
100110

2010
000001

2011
010000

2012
100000

2013
000001

2014
010000

2015
100000

2016
000001

2017
000001

2018
100010

2019
000100

2020
010010

2021
100000

2022
100001

2023
000010

2024
100000

2025
000010

2026
000010

2027
010000

2028
001000

2029
000001

2030
100001

2031
000100

2032
000101

2033
010000

2034
000100

2035
100000

2036
000001

2037
000010

2038
010000

2039
010000

2040
000100

2041
000100

2042
000100

2043
000010

2044
100000

2045
010000

2046
000010

2047
100000

2048
001000

2049
000010

2050
100000

2051
100000

2052
001000

2053
011000

2054
010000

2055
100000

2056
000100

2057
000010

2058
000001

2059
100000

2060
100000

2061
000100

2062
001000

2063
000001

2064
000100

2065
001000

2066
100000

2067
000001

2068
000001

2069
000100

2070
000100

2071
000010

2072
000001

2073
001000

2074
010000

2075
000100

2076
000100

2077
010000

2078
000001

2079
000100

2080
000010

2081
000010

2082
000100

2083
000100

2084
010000

2085
001000

2086
000010

2087
000010

2088
100000

2089
001000

2090
000010

2091
100000

2092
000010

2093
100000

2094
001000

2095
000100

2096
000100

2097
010001

2098
000010

2099
000100

2100
000010

2101
100000

2102
000001

2103
100000

2104
000110

2105
000001

2106
000011

2107
000010

2108
001000

2109
000001

2110
010000

2111
100000

2112
101000

2113
010000

2114
010000

2115
000100

2116
001100

2117
000100

2118
001000

2119
001000

2120
000010

2121
100000

2122
001000

2123
001000

2124
001000

2125
000100

2126
001000

2127
001000

2128
000100

2129
000011

2130
000001

2131
000010

2132
001000

2133
001000

2134
100000

2135
100000

2136
000010

2137
001000

2138
010001

2139
000001

2140
001000

2141
001000

2142
000001

2143
000010

2144
100000

2145
000010

2146
001000

2147
000001

2148
100000

2149
100000

2150
000100

2151
000001

2152
000100

2153
000100

2154
000100

2155
000001

2156
010000

2157
010000

2158
000100

2159
000010

2160
000001

2161
110100

2162
000100

2163
001000

2164
011100

2165
000100

2166
001000

2167
001000

2168
001000

2169
000100

2170
000001

2171
010000

2172
000010

2173
010000

2174
000001

2175
000100

2176
000101

2177
000010

2178
001000

2179
100000

2180
000001

2181
000001

2182
001000

2183
010000

2184
011000

2185
000100

2186
001000

2187
000101

2188
100000

2189
000010

2190
000100

2191
100000

2192
000100

2193
000100

2194
000001

2195
000010

2196
000100

2197
001010

2198
010000

2199
100000

2200
100000

2201
000010

2202
010000

2203
001000

2204
000001

2205
000100

2206
100000

2207
000001

2208
010000

2209
001000

2210
001000

2211
000100

2212
001000

2213
000111

2214
100100

2215
000001

2216
010001

2217
000010

2218
010000

2219
000001

2220
010000

2221
010000

2222
010000

2223
000010

2224
100000

2225
000100

2226
000100

2227
000001

2228
000100

2229
000010

2230
010000

2231
000001

2232
010000

2233
001000

2234
000001

2235
000001

2236
010000

2237
010000

2238
000001

2239
100000

2240
000010

2241
001000

2242
000100

2243
100000

2244
010000

2245
000100

2246
000010

2247
100000

2248
100000

2249
100000

2250
000100

2251
000100

2252
000001

2253
011000

2254
100000

2255
110100

2256
000100

2257
001000

2258
100000

2259
000100

2260
000100

2261
010000

2262
010000

2263
001000

2264
100010

2265
000100

2266
100000

2267
100000

2268
101100

2269
100000

2270
001000

2271
000010

2272
000001

2273
001000

2274
100000

2275
000010

2276
100000

2277
000010

2278
010000

2279
010000

2280
010000

2281
010000

2282
000001

2283
010000

2284
000001

2285
010000

2286
100000

2287
100000

2288
100000

2289
110000

2290
000100

2291
010000

2292
100000

2293
000100

2294
000100

2295
010000

2296
000010

2297
010000

2298
000001

2299
001000

2300
000010

2301
100000

2302
000001

2303
100000

2304
100000

2305
100000

2306
000100

2307
100000

2308
010000

2309
010000

2310
100000

2311
100000

2312
000010

2313
001000

2314
000001

2315
100000

2316
000001

2317
010000

2318
110100

2319
100000

2320
010000

2321
001000

2322
100000

2323
010000

2324
000001

2325
010000

2326
000001

2327
100000

2328
001000

2329
010000

2330
100000

2331
010000

2332
000010

2333
000001

2334
010000

2335
000001

2336
001000

2337
001000

2338
000100

2339
100000

2340
001000

2341
000010

2342
010000

2343
000001

2344
100000

2345
010000

2346
010000

2347
010000

2348
000100

2349
001000

2350
001001

2351
100000

2352
100000

2353
000100

2354
000100

2355
000100

2356
000001

2357
100100

2358
000001

2359
010000

2360
000010

2361
000010

2362
000100

2363
000100

2364
001000

2365
000100

2366
010000

2367
001001

2368
001000

2369
100000

2370
010000

2371
000101

2372
001000

2373
000010

2374
010000

2375
000001

2376
010000

2377
000010

2378
010000

2379
100000

2380
100000

2381
100000

2382
001000

2383
100000

2384
010000

2385
100000

2386
001000

2387
000101

2388
001100

2389
000010

2390
011000

2391
010000

2392
001000

2393
001000

2394
000001

2395
000010

2396
100000

2397
001000

2398
000100

2399
000010

2400
010000

2401
000010

2402
000010

2403
000001

2404
010000

2405
000001

2406
010000

2407
000001

2408
100000

2409
100000

2410
100000

2411
000100

2412
000001

2413
000001

2414
010000

2415
001000

2416
001000

2417
000001

2418
000010

2419
010000

2420
100100

2421
000010

2422
000100

2423
001010

2424
000010

2425
000010

2426
001000

2427
000010

2428
000100

2429
010000

2430
001000

2431
000001

2432
000010

2433
001000

2434
010000

2435
100000

2436
001000

2437
000001

2438
001000

2439
100000

2440
000001

2441
000001

2442
000001

2443
000001

2444
000100

2445
010000

2446
001000

2447
001000

2448
000001

2449
100000

2450
000010

2451
001000

2452
100000

2453
000001

2454
010010

2455
000010

2456
100010

2457
000100

2458
000010

2459
000001

2460
010000

2461
000010

2462
000001

2463
000001

2464
110000

2465
010010

2466
000010

2467
100000

2468
100000

2469
000100

2470
100000

2471
000001

2472
100010

2473
001000

2474
000100

2475
100000

2476
000100

2477
000010

2478
000100

2479
010000

2480
000001

2481
000010

2482
010000

2483
000010

2484
000100

2485
000010

2486
001000

2487
001000

2488
000001

2489
000100

2490
001000

2491
001000

2492
000100

2493
000001

2494
100000

2495
000010

2496
000100

2497
100000

2498
001000

2499
000001

2500
001000

2501
000100

2502
001000

2503
000100

2504
000010

2505
001000

2506
100000

2507
010000

2508
000001

2509
001000

2510
000010

2511
100000

2512
000100

2513
000100

2514
001000

2515
100000

2516
000010

2517
001000

2518
110000

2519
100000

2520
100000

2521
100000

2522
100000

2523
010000

2524
000010

2525
000100

2526
001000

2527
100000

2528
010000

2529
000001

2530
001000

2531
010000

2532
010000

2533
100000

2534
000001

2535
100000

2536
001110

2537
000001

2538
100000

2539
000001

2540
010000

2541
001000

2542
000100

2543
000001

2544
010000

2545
100000

2546
010000

2547
001000

2548
010000

2549
000001

2550
000001

2551
100000

2552
010000

2553
000010

2554
100000

2555
100000

2556
000001

2557
000010

2558
000110

2559
010000

2560
000010

2561
100000

2562
010000

2563
000001

2564
000010

2565
000001

2566
010000

2567
001000

2568
000010

2569
000001

2570
000100

2571
100000

2572
001000

2573
100000

2574
001000

2575
000001

2576
010000

2577
010000

2578
001000

2579
100000

2580
000010

2581
000010

2582
000001

2583
001000

2584
000010

2585
000001

2586
000100

2587
000010

2588
001000

2589
000001

2590
001000

2591
010000

2592
001000

2593
100010

2594
000100

2595
000100

2596
010000

2597
010000

2598
000001

2599
000100

2600
000001

2601
001000

2602
000010

2603
001000

2604
001000

2605
100000

2606
000001

2607
100000

2608
010000

2609
000001

2610
000001

2611
000001

2612
000001

2613
001100

2614
000100

2615
100000

2616
100000

2617
001000

2618
000010

2619
000010

2620
000010

2621
000010

2622
000100

2623
100000

2624
000001

2625
000010

2626
100010

2627
100000

2628
000001

2629
010000

2630
100000

2631
000100

2632
110000

2633
001100

2634
100000

2635
000011

2636
100000

2637
010010

2638
001000

2639
010000

2640
100000

2641
000010

2642
000001

2643
000001

2644
001000

2645
000100

2646
100000

2647
100000

2648
010000

2649
000100

2650
000100

2651
000010

2652
100000

2653
000100

2654
000010

2655
000100

2656
000100

2657
100000

2658
000010

2659
100000

2660
100000

2661
000010

2662
000010

2663
000010

2664
000100

2665
000100

2666
000100

2667
001000

2668
100000

2669
000010

2670
100000

2671
010000

2672
001000

2673
010000

2674
011000

2675
000100

2676
100000

2677
000010

2678
000001

2679
100000

2680
000001

2681
001000

2682
010000

2683
100000

2684
101000

2685
000001

2686
000001

2687
100000

2688
001000

2689
000001

2690
000001

2691
000010

2692
100000

2693
000001

2694
010000

2695
010000

2696
010000

2697
000010

2698
000001

2699
010000

2700
100000

2701
010000

2702
100000

2703
000010

2704
101000

2705
000010

2706
010000

2707
100000

2708
000100

2709
000001

2710
100000

2711
000010

2712
001000

2713
000010

2714
001000

2715
000100

2716
001000

2717
000010

2718
000010

2719
000010

2720
000010

2721
100000

2722
001000

2723
010000

2724
000001

2725
000001

2726
000001

2727
010000

2728
000010

2729
001000

2730
010000

2731
100000

2732
000001

2733
000100

2734
001000

2735
001011

2736
001000

2737
000001

2738
100000

2739
001000

2740
000001

2741
100000

2742
011000

2743
000010

2744
000100

2745
000100

2746
001000

2747
000100

2748
000100

2749
010100

2750
001000

2751
100000

2752
000001

2753
000100

2754
001010

2755
100000

2756
000100

2757
100000

2758
001000

2759
000001

2760
100000

2761
100000

2762
100100

2763
001000

2764
000100

2765
000010

2766
001000

2767
000100

2768
010000

2769
000010

2770
000001

2771
000100

2772
000001

2773
000100

2774
100000

2775
101000

2776
010000

2777
010000

2778
000100

2779
100000

2780
011000

2781
000010

2782
000010

2783
001000

2784
010000

2785
000100

2786
001000

2787
000010

2788
100000

2789
010000

2790
100000

2791
000100

2792
100001

2793
000101

2794
000100

2795
000001

2796
010000

2797
000100

2798
010000

2799
010000

2800
001000

2801
000001

2802
100000

2803
010000

2804
001000

2805
100010

2806
000001

2807
001000

2808
000001

2809
010000

2810
000010

2811
000100

2812
100000

2813
000010

2814
001000

2815
000010

2816
001000

2817
000001

2818
100000

2819
010000

2820
000100

2821
010000

2822
010010

2823
010000

2824
100000

2825
000010

2826
100000

2827
100000

2828
000001

2829
000001

2830
000100

2831
000001

2832
010000

2833
010000

2834
000100

2835
000010

2836
000010

2837
010000

2838
000001

2839
100000

2840
100000

2841
010000

2842
010000

2843
100000

2844
100000

2845
100000

2846
100000

2847
000100

2848
000100

2849
001000

2850
100000

2851
001000

2852
000001

2853
000101

2854
000100

2855
001000

2856
010000

2857
010000

2858
001000

2859
001000

2860
010000

2861
000010

2862
000100

2863
001000

2864
100000

2865
001000

2866
100000

2867
010000

2868
001000

2869
010000

2870
000100

2871
000100

2872
010000

2873
000100

2874
001010

2875
100000

2876
100000

2877
000010

2878
100000

2879
010000

2880
000010

2881
010000

2882
000100

2883
100000

2884
100000

2885
010000

2886
010000

2887
000001

2888
100000

2889
100000

2890
000010

2891
001000

2892
000100

2893
000010

2894
000001

2895
010000

2896
000100

2897
000010

2898
000100

2899
001000

2900
000001

2901
100000

2902
000001

2903
000100

2904
000001

2905
010000

2906
000010

2907
000010

2908
000010

2909
010000

2910
001000

2911
100000

2912
100001

2913
000010

2914
010000

2915
000001

2916
000001

2917
000010

2918
000001

2919
001000

2920
000001

2921
100000

2922
001000

2923
000100

2924
010000

2925
100010

2926
001000

2927
000001

2928
010000

2929
001000

2930
010000

2931
100000

2932
000100

2933
000001

2934
010000

2935
000001

2936
000001

2937
000100

2938
000010

2939
000100

2940
001000

2941
100000

2942
000001

2943
000010

2944
010000

2945
100000

2946
000100

2947
100000

2948
000001

2949
000010

2950
001000

2951
101000

2952
000010

2953
010000

2954
000101

2955
010000

2956
000010

2957
000100

2958
001000

2959
000001

2960
000010

2961
000100

2962
001000

2963
001000

2964
000100

2965
010000

2966
000010

2967
010000

2968
000100

2969
000001

2970
001000

2971
100000

2972
000010

2973
001000

2974
100000

2975
111000

2976
001000

2977
010000

2978
000010

2979
000100

2980
000010

2981
001000

2982
000100

2983
001000

2984
000100

2985
000010

2986
000010

2987
000100

2988
000100

2989
100000

2990
010000

2991
010000

2992
000010

2993
001000

2994
100000

2995
000010

2996
000100

2997
100000

2998
000100

2999
001100

3000
000100

3001
010000

3002
000100

3003
001100

3004
001000

3005
001100

3006
110000

3007
000001

3008
000010

3009
100000

3010
010000

3011
000010

3012
001000

3013
000010

3014
000100

3015
000100

3016
000100

3017
000001

3018
100000

3019
001000

3020
100000

3021
000010

3022
000100

3023
110000

3024
000001

3025
100000

3026
000010

3027
000001

3028
001000

3029
000010

3030
000100

3031
000001

3032
001000

3033
010000

3034
000001

3035
000010

3036
001000

3037
000010

3038
111111

3039
000001

3040
000010

3041
000001

3042
100100

3043
001000

3044
000001

3045
000001

3046
000001

3047
000010

3048
000100

3049
100000

3050
000001

3051
001000

3052
010000

3053
000100

3054
000110

3055
100000

3056
010000

3057
000010

3058
000001

3059
010000

3060
000010

3061
100000

3062
000100

3063
010000

3064
100000

3065
010000

3066
000001

3067
000100

3068
001000

3069
000010

3070
000001

3071
000010

3072
000010

3073
000100

3074
000001

3075
000001

3076
000001

3077
001000

3078
001000

3079
010000

3080
100000

3081
100000

3082
001000

3083
010001

3084
100000

3085
100000

3086
000100

3087
001000

3088
000100

3089
011000

3090
000100

3091
010000

3092
000100

3093
010010

3094
010000

3095
000101

3096
010000

3097
100000

3098
100000

3099
100000

3100
001000

3101
000010

3102
100000

3103
010000

3104
100000

3105
000001

3106
100000

3107
100000

3108
000010

3109
100000

3110
000010

3111
001000

3112
000100

3113
010000

3114
100000

3115
101000

3116
000010

3117
010000

3118
001001

3119
000010

3120
000010

3121
000001

3122
000100

3123
010000

3124
010000

3125
010000

3126
001000

3127
000001

3128
000001

3129
000010

3130
000100

3131
010000

3132
000010

3133
000001

3134
001000

3135
000010

3136
001000

3137
000010

3138
100001

3139
000010

3140
000010

3141
010000

3142
000100

3143
100000

3144
000001

3145
000011

3146
010000

3147
001000

3148
100000

3149
000010

3150
000100

3151
100000

3152
000001

3153
001001

3154
010000

3155
001000

3156
000010

3157
010000

3158
000100

3159
000100

3160
001000

3161
100000

3162
000001

3163
010000

3164
010000

3165
000100

3166
001000

3167
010000

3168
010000

3169
000100

3170
010000

3171
111111

3172
000010

3173
000100

3174
100000

3175
000001

3176
000001

3177
100000

3178
000100

3179
010000

3180
000100

3181
000010

3182
000010

3183
010100

3184
010000

3185
000100

3186
000001

3187
000001

3188
000100

3189
001000

3190
000010

3191
001000

3192
100000

3193
100000

3194
000100

3195
010000

3196
010000

3197
001000

3198
001000

3199
010000

3200
100000

3201
000010

3202
001000

3203
000010

3204
100000

3205
100000

3206
000010

3207
100000

3208
001000

3209
100000

3210
000001

3211
000010

3212
000001

3213
010000

3214
000100

3215
000001

3216
010000

3217
000010

3218
010000

3219
010000

3220
100000

3221
000100

3222
000010

3223
000100

3224
000010

3225
000010

3226
100000

3227
000010

3228
000111

3229
000010

3230
001000

3231
010000

3232
001000

3233
100000

3234
101000

3235
100000

3236
010000

3237
000101

3238
010000

3239
001000

3240
000100

3241
000100

3242
001000

3243
000001

3244
001000

3245
000001

3246
001000

3247
100000

3248
000010

3249
001000

3250
100000

3251
000001

3252
001000

3253
000010

3254
100000

3255
010000

3256
001000

3257
000001

3258
000011

3259
000010

3260
010000

3261
000001

3262
001000

3263
010000

3264
000100

3265
110100

3266
000100

3267
000100

3268
100000

3269
100000

3270
100000

3271
110000

3272
010000

3273
010000

3274
010000

3275
010000

3276
000010

3277
100000

3278
010010

3279
001000

3280
001000

3281
000100

3282
000100

3283
000001

3284
100000

3285
100000

3286
000001

3287
001100

3288
000010

3289
000001

3290
001000

3291
100000

3292
000001

3293
000010

3294
000010

3295
100000

3296
000100

3297
000001

3298
000100

3299
000010

3300
100000

3301
001000

3302
001000

3303
010000

3304
010000

3305
100000

3306
100000

3307
001000

3308
000100

3309
000010

3310
000001

3311
001000

3312
000001

3313
000001

3314
100000

3315
100000

3316
010000

3317
000001

3318
001000

3319
000100

3320
001000

3321
001000

3322
000001

3323
000100

3324
000010

3325
000010

3326
001100

3327
000001

3328
000001

3329
000100

3330
010000

3331
100000

3332
001000

3333
001000

3334
010000

3335
000100

3336
000100

3337
100000

3338
000100

3339
000001

3340
000001

3341
000100

3342
010000

3343
001000

3344
000001

3345
000010

3346
000010

3347
100000

3348
010000

3349
000001

3350
000010

3351
000010

3352
000100

3353
000010

3354
000010

3355
100000

3356
100000

3357
100000

3358
000100

3359
100000

3360
000100

3361
001000

3362
001000

3363
000001

3364
000100

3365
000100

3366
010000

3367
000001

3368
001000

3369
010000

3370
010000

3371
000001

3372
011000

3373
000001

3374
000010

3375
100000

3376
000010

3377
100000

3378
010000

3379
001010

3380
010000

3381
100000

3382
001000

3383
000001

3384
100000

3385
100101

3386
000010

3387
000001

3388
001010

3389
001000

3390
010000

3391
001000

3392
000100

3393
000010

3394
111111

3395
001000

3396
000100

3397
000100

3398
001000

3399
000100

3400
010000

3401
000001

3402
001000

3403
000100

3404
000001

3405
000001

3406
000100

3407
010000

3408
000010

3409
010000

3410
000100

3411
010000

3412
010000

3413
000001

3414
010000

3415
100000

3416
100000

3417
001001

3418
000001

3419
001000

3420
000010

3421
000100

3422
001000

3423
100000

3424
000100

3425
000001

3426
100001

3427
001000

3428
000001

3429
010000

3430
100000

3431
100001

3432
010000

3433
010000

3434
000001

3435
000100

3436
001000

3437
001000

3438
000010

3439
000100

3440
100000

3441
000100

3442
001000

3443
000001

3444
001000

3445
000010

3446
000010

3447
100000

3448
100000

3449
100000

3450
000001

3451
010000

3452
110000

3453
100000

3454
001000

3455
001000

3456
010000

3457
010000

3458
000100

3459
000001

3460
000100

3461
000001

3462
000001

3463
000001

3464
001000

3465
000100

3466
010000

3467
001000

3468
000010

3469
100000

3470
000001

3471
000010

3472
000100

3473
000001

3474
000001

3475
010000

3476
000010

3477
100000

3478
001010

3479
001010

3480
000010

3481
010000

3482
000100

3483
000001

3484
000100

3485
001000

3486
001000

3487
101000

3488
000010

3489
010000

3490
010000

3491
010000

3492
000010

3493
100000

3494
100000

3495
001000

3496
010000

3497
000100

3498
000010

3499
001000

3500
000100

3501
100000

3502
010000

3503
010000

3504
100000

3505
000010

3506
100000

3507
001000

3508
000010

3509
000100

3510
000010

3511
000100

3512
100000

3513
000100

3514
001001

3515
100000

3516
000001

3517
000010

3518
000100

3519
000100

3520
000010

3521
010000

3522
000010

3523
000100

3524
000010

3525
000001

3526
000001

3527
000001

3528
010000

3529
000001

3530
010000

3531
000010

3532
000100

3533
010000

3534
000100

3535
000100

3536
100000

3537
000001

3538
001000

3539
000001

3540
000100

3541
100000

3542
000010

3543
010000

3544
000100

3545
000010

3546
001000

3547
000010

3548
100000

3549
000100

3550
010000

3551
001100

3552
000001

3553
010000

3554
000001

3555
000100

3556
001000

3557
000001

3558
000010

3559
000001

3560
000010

3561
001000

3562
000010

3563
000010

3564
001000

3565
000010

3566
000010

3567
000001

3568
000001

3569
000010

3570
001000

3571
000100

3572
100000

3573
000100

3574
000001

3575
010000

3576
010000

3577
100000

3578
000010

3579
010000

3580
001000

3581
000010

3582
000100

3583
001000

3584
000010

3585
001000

3586
000010

3587
100000

3588
010000

3589
001000

3590
000001

3591
000001

3592
000010

3593
000001

3594
001000

3595
000100

3596
010000

3597
010000

3598
010000

3599
000010

3600
001000

3601
001000

3602
010000

3603
000010

3604
000100

3605
000001

3606
010000

3607
000010

3608
000001

3609
001000

3610
000100

3611
100000

3612
001000

3613
000010

3614
100100

3615
100000

3616
000010

3617
010000

3618
000010

3619
001000

3620
010000

3621
000100

3622
010000

3623
000010

3624
100000

3625
100100

3626
100000

3627
100000

3628
000100

3629
000100

3630
010000

3631
001000

3632
010000

3633
000001

3634
100000

3635
001000

3636
001000

3637
000010

3638
000100

3639
001000

3640
001000

3641
001000

3642
001000

3643
000100

3644
010000

3645
000010

3646
000100

3647
100000

3648
000100

3649
010000

3650
001000

3651
001000

3652
010000

3653
101100

3654
010000

3655
001000

3656
100000

3657
010000

3658
000100

3659
000100

3660
000001

3661
010000

3662
100000

3663
000100

3664
001000

3665
010000

3666
000010

3667
000100

3668
001000

3669
000010

3670
000010

3671
010000

3672
001000

3673
000010

3674
010000

3675
010000

3676
010000

3677
000100

3678
000100

3679
001000

3680
000001

3681
000100

3682
100000

3683
000001

3684
010000

3685
001000

3686
000010

3687
100000

3688
000010

3689
000100

3690
010000

3691
010000

3692
100000

3693
000010

3694
000001

3695
000010

3696
110000

3697
000001

3698
010000

3699
000001

3700
010000

3701
001000

3702
000001

3703
001000

3704
000010

3705
010000

3706
100000

3707
000100

3708
000010

3709
000010

3710
010000

3711
000011

3712
001000

3713
000010

3714
010000

3715
001000

3716
000010

3717
000010

3718
100000

3719
000110

3720
000100

3721
000001

3722
000010

3723
000001

3724
010000

3725
000001

3726
010000

3727
100000

3728
100000

3729
100000

3730
000010

3731
010000

3732
101001

3733
000010

3734
000001

3735
000100

3736
010000

3737
010000

3738
001000

3739
100001

3740
010000

3741
100000

3742
100000

3743
010000

3744
000001

3745
010000

3746
110000

3747
000100

3748
000100

3749
000100

3750
000100

3751
100000

3752
000100

3753
010000

3754
001000

3755
010000

3756
000100

3757
000010

3758
000001

3759
001000

3760
000010

3761
001010

3762
000001

3763
000100

3764
001000

3765
000001

3766
010000

3767
100010

3768
000100

3769
000010

3770
000010

3771
001000

3772
000001

3773
000100

3774
000010

3775
100100

3776
100000

3777
000001

3778
000010

3779
001001

3780
000001

3781
100000

3782
010000

3783
100000

3784
001000

3785
001000

3786
000001

3787
100010

3788
001000

3789
000001

3790
001100

3791
010000

3792
000010

3793
000010

3794
000100

3795
100000

3796
010000

3797
100000

3798
000100

3799
010000

3800
101000

3801
001000

3802
010000

3803
000001

3804
000010

3805
100000

3806
000100

3807
000001

3808
010000

3809
000100

3810
010000

3811
000001

3812
000100

3813
000100

3814
000010

3815
000010

3816
000010

3817
010000

3818
010000

3819
001000

3820
000100

3821
000001

3822
100000

3823
010000

3824
000100

3825
100001

3826
000001

3827
000010

3828
100000

3829
010000

3830
010000

3831
000001

3832
000100

3833
010000

3834
000101

3835
010000

3836
000100

3837
001000

3838
000100

3839
010000

3840
000110

3841
000001

3842
000100

3843
000001

3844
000001

3845
000001

3846
100101

3847
001000

3848
000010

3849
100000

3850
100000

3851
100000

3852
000001

3853
000001

3854
001000

3855
000010

3856
000001

3857
100000

3858
000100

3859
000001

3860
000001

3861
000010

3862
000100

3863
000100

3864
000100

3865
100000

3866
000010

3867
000100

3868
001000

3869
100000

3870
100000

3871
100000

3872
000001

3873
000010

3874
000100

3875
100000

3876
001000

3877
111010

3878
010000

3879
000100

3880
010000

3881
001000

3882
000100

3883
010000

3884
000100

3885
000100

3886
000100

3887
000010

3888
000100

3889
100000

3890
000010

3891
010000

3892
010000

3893
000010

3894
100000

3895
100000

3896
001000

3897
000100

3898
000010

3899
000011

3900
100000

3901
001000

3902
100000

3903
100000

3904
010000

3905
000010

3906
100000

3907
000010

3908
000100

3909
010000

3910
000001

3911
000001

3912
100000

3913
100000

3914
000100

3915
000001

3916
000100

3917
000010

3918
000100

3919
000010

3920
000010

3921
001000

3922
000010

3923
010100

3924
010000

3925
000100

3926
000001

3927
000100

3928
100000

3929
001100

3930
000100

3931
000010

3932
100000

3933
000010

3934
010000

3935
000100

3936
010000

3937
010000

3938
000100

3939
000100

3940
000100

3941
000001

3942
000010

3943
100000

3944
010000

3945
000100

3946
100000

3947
011000

3948
000100

3949
000010

3950
000001

3951
000001

3952
001000

3953
001000

3954
000100

3955
000010

3956
000001

3957
000010

3958
000001

3959
000100

3960
000001

3961
000001

3962
100000

3963
000001

3964
000001

3965
100000

3966
010000

3967
000001

3968
001000

3969
100001

3970
100000

3971
000010

3972
010000

3973
000001

3974
000001

3975
010000

3976
100000

3977
000100

3978
010000

3979
100000

3980
000001

3981
100000

3982
000010

3983
100000

3984
000100

3985
000010

3986
000011

3987
000100

3988
001100

3989
001000

3990
001000

3991
001000

3992
000100

3993
000001

3994
100000

3995
010000

3996
001000

3997
001000

3998
010000

3999
000010

4000
000100

4001
000001

4002
100000

4003
000010

4004
000011

4005
000100

4006
100000

4007
001000

4008
000001

4009
010010

4010
000100

4011
001000

4012
000010

4013
000001

4014
000010

4015
010000

4016
000101

4017
100001

4018
000010

4019
000010

4020
010000

4021
001000

4022
010000

4023
010000

4024
000100

4025
101000

4026
000001

4027
000100

4028
001000

4029
011000

4030
000101

4031
100000

4032
001000

4033
110001

4034
100000

4035
000010

4036
010000

4037
000010

4038
001000

4039
100000

4040
000100

4041
000001

4042
000010

4043
101000

4044
010000

4045
100000

4046
100000

4047
000100

4048
000001

4049
000100

4050
100000

4051
000010

4052
100000

4053
000010

4054
001000

4055
010100

4056
001001

4057
000010

4058
000001

4059
000100

4060
000001

4061
000010

4062
000100

4063
001000

4064
000001

4065
000100

4066
010000

4067
001000

4068
001000

4069
000001

4070
000001

4071
001000

4072
100000

4073
000001

4074
100000

4075
000001

4076
001000

4077
010000

4078
000001

4079
000010

4080
000100

4081
001000

4082
000100

4083
000010

4084
010000

4085
000001

4086
001010

4087
100000

4088
010000

4089
010000

4090
000101

4091
000010

4092
111111

4093
000100

4094
000010

4095
000001

4096
100000

4097
011000

4098
000001

4099
000010

4100
000010

4101
010000

4102
100000

4103
010000

4104
000100

4105
100000

4106
000100

4107
100000

4108
001000

4109
010000

4110
000001

4111
010000

4112
001001

4113
000010

4114
000100

4115
000100

4116
100000

4117
000100

4118
001000

4119
010000

4120
100000

4121
010010

4122
001000

4123
100000

4124
100000

4125
000010

4126
000001

4127
101000

4128
001000

4129
100000

4130
000001

4131
000001

4132
010000

4133
100000

4134
000100

4135
000100

4136
001000

4137
001000

4138
000001

4139
000001

4140
000001

4141
001000

4142
000010

4143
100000

4144
100000

4145
000100

4146
000010

4147
100000

4148
001000

4149
000100

4150
010000

4151
010000

4152
000100

4153
000100

4154
000001

4155
000001

4156
000010

4157
000010

4158
000001

4159
001000

4160
000010

4161
000100

4162
000100

4163
100000

4164
000010

4165
000001

4166
001000

4167
010000

4168
010000

4169
001000

4170
000010

4171
100000

4172
000001

4173
001000

4174
100000

4175
001000

4176
000010

4177
000010

4178
010000

4179
100000

4180
000001

4181
001000

4182
001000

4183
000010

4184
100000

4185
001000

4186
000100

4187
000100

4188
100000

4189
000100

4190
000001

4191
000001

4192
010000

4193
000010

4194
001000

4195
001000

4196
010000

4197
000100

4198
001100

4199
000001

4200
000100

4201
001000

4202
000100

4203
000100

4204
001000

4205
001010

4206
010000

4207
000100

4208
000010

4209
000010

4210
100000

4211
010001

4212
000010

4213
000001

4214
000100

4215
100000

4216
100000

4217
000001

4218
001000

4219
000010

4220
000001

4221
000100

4222
000010

4223
000010

4224
010000

4225
000010

4226
000001

4227
101000

4228
000010

4229
010000

4230
000001

4231
100000

4232
100000

4233
001000

4234
000100

4235
001000

4236
000001

4237
001000

4238
000001

4239
100010

4240
000010

4241
000001

4242
010000

4243
010000

4244
000001

4245
000010

4246
010010

4247
100000

4248
000001

4249
001000

4250
101000

4251
000100

4252
000100

4253
001000

4254
001000

4255
001000

4256
000100

4257
000001

4258
010000

4259
001001

4260
000101

4261
010000

4262
000010

4263
010000

4264
100010

4265
000010

4266
000010

4267
100000

4268
100001

4269
001000

4270
001000

4271
100000

4272
000001

4273
000100

4274
001000

4275
000100

4276
000010

4277
000001

4278
110000

4279
010000

4280
000010

4281
000001

4282
000001

4283
010000

4284
001000

4285
000100

4286
010000

4287
010000

4288
001000

4289
100000

4290
000100

4291
010100

4292
000001

4293
010000

4294
010100

4295
000001

4296
010000

4297
000010

4298
000100

4299
100000

4300
000100

4301
000010

4302
001000

4303
000001

4304
000100

4305
000001

4306
001000

4307
001000

4308
000010

4309
000101

4310
010000

4311
001000

4312
000010

4313
000100

4314
000010

4315
010000

4316
000010

4317
000001

4318
110000

4319
000010

4320
010000

4321
010000

4322
000100

4323
001000

4324
001000

4325
010000

4326
100000

4327
000010

4328
010000

4329
000010

4330
000100

4331
000100

4332
000001

4333
010000

4334
000001

4335
001000

4336
001000

4337
111111

4338
000001

4339
001000

4340
001000

4341
010000

4342
000010

4343
010000

4344
011000

4345
010000

4346
000010

4347
100000

4348
000100

4349
010000

4350
000010

4351
000001

4352
100000

4353
001000

4354
000001

4355
000010

4356
001000

4357
100000

4358
000001

4359
010000

4360
000100

4361
010000

4362
001000

4363
010000

4364
000100

4365
100000

4366
000001

4367
100000

4368
100100

4369
010000

4370
000100

4371
000001

4372
000100

4373
100000

4374
001000

4375
000101

4376
000001

4377
000001

4378
001100

4379
000001

4380
000001

4381
000100

4382
000010

4383
010000

4384
100000

4385
000010

4386
000010

4387
100000

4388
010000

4389
001000

4390
100000

4391
000010

4392
000100

4393
010000

4394
000011

4395
000001

4396
100000

4397
100000

4398
001000

4399
000010

4400
010000

4401
010000

4402
001000

4403
100000

4404
000100

4405
010000

4406
000010

4407
010000

4408
000001

4409
010000

4410
010000

4411
000011

4412
010000

4413
010000

4414
000010

4415
100000

4416
010000

4417
000001

4418
100000

4419
000001

4420
001000

4421
100000

4422
000010

4423
100000

4424
000101

4425
000100

4426
100000

4427
001000

4428
010001

4429
000100

4430
001000

4431
000010

4432
010000

4433
010000

4434
000010

4435
100000

4436
010000

4437
010000

4438
000001

4439
100001

4440
100000

4441
000100

4442
001000

4443
000010

4444
010000

4445
001000

4446
001000

4447
010000

4448
000010

4449
001000

4450
100000

4451
010000

4452
000100

4453
000010

4454
001000

4455
001000

4456
100000

4457
000100

4458
010000

4459
000001

4460
000100

4461
010000

4462
000010

4463
000100

4464
100000

4465
100000

4466
010000

4467
010000

4468
100000

4469
100001

4470
000010

4471
000010

4472
001000

4473
000100

4474
000100

4475
000100

4476
000001

4477
010000

4478
000001

4479
010000

4480
100000

4481
000001

4482
100100

4483
000010

4484
000101

4485
100000

4486
010000

4487
000010

4488
010000

4489
010000

4490
000100

4491
010000

4492
010000

4493
000010

4494
001000

4495
000100

4496
000100

4497
100000

4498
000100

4499
010000

4500
000100

4501
000010

4502
010000

4503
000001

4504
000001

4505
000001

4506
100000

4507
100000

4508
100000

4509
000001

4510
000010

4511
010000

4512
100000

4513
010100

4514
000010

4515
100000

4516
001000

4517
000110

4518
000100

4519
000001

4520
000001

4521
010000

4522
000010

4523
010000

4524
100000

4525
000001

4526
100000

4527
000100

4528
010000

4529
001000

4530
000001

4531
111000

4532
000001

4533
100000

4534
000001

4535
100000

4536
100000

4537
000001

4538
010000

4539
000100

4540
010000

4541
100000

4542
000010

4543
000010

4544
000010

4545
100110

4546
000100

4547
000100

4548
000010

4549
100000

4550
100010

4551
001000

4552
000001

4553
001000

4554
000010

4555
001001

4556
000100

4557
001000

4558
000001

4559
001000

4560
000001

4561
000010

4562
001000

4563
000001

4564
001000

4565
100000

4566
010000

4567
000100

4568
010000

4569
001001

4570
001000

4571
001000

4572
001000

4573
100000

4574
010000

4575
100000

4576
001000

4577
000100

4578
100000

4579
000100

4580
000100

4581
001000

4582
000001

4583
100000

4584
000001

4585
100000

4586
010000

4587
000010

4588
100000

4589
001000

4590
100000

4591
010000

4592
000100

4593
000010

4594
001000

4595
000010

4596
001000

4597
100000

4598
000010

4599
001000

4600
001000

4601
000001

4602
000010

4603
000010

4604
000100

4605
001000

4606
000010

4607
000010

4608
100000

4609
000001

4610
100000

4611
000010

4612
000001

4613
100000

4614
011001

4615
000010

4616
100000

4617
000001

4618
100000

4619
001000

4620
100000

4621
010000

4622
000010

4623
100000

4624
100000

4625
000010

4626
100000

4627
000100

4628
001000

4629
010000

4630
000100

4631
001000

4632
000100

4633
010000

4634
100000

4635
010010

4636
100000

4637
000100

4638
100000

4639
000100

4640
000100

4641
000001

4642
010000

4643
000100

4644
100000

4645
000001

4646
001000

4647
000010

4648
000001

4649
000010

4650
100000

4651
100000

4652
000010

4653
000100

4654
000010

4655
000010

4656
000100

4657
010000

4658
010000

4659
100000

4660
000001

4661
000010

4662
100000

4663
000100

4664
000100

4665
010000

4666
001000

4667
010000

4668
011000

4669
100000

4670
000010

4671
010000

4672
000100

4673
001000

4674
010000

4675
000010

4676
000001

4677
100000

4678
000010

4679
100000

4680
000100

4681
000100

4682
100000

4683
000001

4684
000001

4685
100000

4686
000100

4687
100000

4688
001000

4689
001000

4690
000001

4691
001000

4692
010000

4693
000001

4694
000010

4695
000100

4696
000010

4697
000100

4698
001000

4699
000001

4700
100000

4701
010000

4702
100000

4703
010000

4704
000100

4705
000100

4706
000100

4707
100000

4708
100000

4709
000001

4710
001000

4711
001000

4712
000100

4713
000001

4714
100000

4715
010000

4716
010000

4717
000100

4718
000001

4719
010000

4720
000100

4721
010000

4722
000100

4723
000010

4724
100000

4725
000001

4726
100000

4727
100000

4728
010000

4729
001000

4730
001000

4731
000001

4732
000010

4733
000010

4734
001000

4735
000100

4736
001000

4737
000010

4738
000010

4739
000001

4740
000100

4741
000010

4742
000010

4743
100000

4744
100000

4745
100000

4746
010000

4747
001000

4748
010000

4749
001000

4750
000100

4751
010000

4752
000001

4753
100000

4754
010000

4755
100000

4756
001000

4757
100000

4758
000010

4759
001000

4760
000001

4761
010000

4762
100000

4763
000001

4764
001000

4765
000001

4766
000001

4767
001000

4768
000010

4769
111111

4770
001000

4771
001001

4772
000100

4773
000010

4774
000001

4775
000010

4776
000100

4777
000001

4778
000001

4779
000011

4780
000100

4781
000001

4782
100000

4783
000001

4784
011000

4785
000010

4786
001000

4787
000010

4788
001010

4789
001000

4790
000100

4791
000001

4792
001000

4793
000100

4794
100100

4795
010000

4796
001000

4797
001000

4798
100000

4799
001000

4800
000001

4801
000100

4802
001000

4803
100000

4804
000010

4805
000101

4806
000100

4807
000010

4808
000010

4809
000100

4810
100000

4811
010000

4812
001000

4813
000100

4814
000100

4815
001000

4816
001000

4817
100000

4818
000100

4819
000100

4820
100000

4821
000010

4822
000001

4823
100011

4824
000001

4825
100000

4826
001000

4827
010000

4828
010000

4829
010000

4830
010000

4831
000001

4832
010000

4833
010000

4834
000100

4835
010000

4836
000010

4837
010000

4838
000100

4839
000010

4840
000001

4841
001000

4842
000100

4843
000010

4844
000100

4845
000001

4846
010000

4847
100000

4848
000001

4849
000100

4850
000010

4851
100000

4852
000100

4853
000101

4854
000001

4855
010010

4856
001000

4857
000010

4858
001000

4859
001000

4860
100000

4861
010000

4862
001000

4863
000010

4864
001000

4865
001000

4866
000100

4867
000001

4868
010000

4869
000001

4870
000001

4871
000010

4872
110000

4873
000010

4874
000010

4875
000001

4876
000010

4877
000100

4878
000001

4879
000100

4880
000001

4881
010000

4882
000010

4883
000100

4884
000010

4885
001000

4886
000010

4887
100001

4888
100000

4889
000100

4890
000010

4891
000001

4892
000010

4893
000010

4894
000001

4895
010000

4896
101000

4897
000010

4898
000010

4899
010000

4900
100000

4901
000100

4902
000001

4903
100000

4904
001000

4905
000001

4906
100000

4907
010000

4908
001000

4909
000010

4910
100000

4911
000010

4912
100000

4913
100000

4914
010000

4915
010000

4916
010000

4917
000001

4918
000001

4919
100000

4920
000010

4921
010000

4922
010000

4923
100000

4924
000100

4925
011000

4926
010000

4927
100000

4928
000001

4929
000100

4930
000001

4931
100000

4932
000100

4933
000100

4934
000010

4935
000100

4936
010000

4937
000010

4938
000001

4939
010000

4940
100000

4941
001000

4942
000100

4943
000001

4944
000100

4945
100000

4946
000010

4947
001000

4948
000001

4949
010000

4950
001000

4951
010000

4952
000010

4953
000010

4954
001000

4955
000010

4956
010000

4957
000100

4958
000100

4959
001000

4960
000001

4961
100000

4962
000001

4963
000010

4964
100000

4965
100000

4966
010000

4967
000100

4968
000100

4969
010001

4970
001000

4971
010000

4972
000100

4973
000100

4974
000010

4975
100000

4976
000001

4977
010000

4978
001000

4979
001000

4980
000100

4981
000010

4982
001000

4983
000100

4984
000001

4985
000010

4986
100000

4987
000101

4988
010000

4989
001000

4990
100000

4991
001000

4992
100100

4993
000001

4994
000001

4995
010000

4996
010000

4997
000001

4998
001000

4999
000100

5000
001000

5001
010000

5002
010000

5003
000100

5004
110011

5005
001000

5006
000001

5007
000011

5008
001100

5009
000001

5010
000001

5011
010000

5012
000001

5013
111111

5014
000100

5015
000001

5016
001001

5017
000010

5018
000010

5019
000001

5020
100000

5021
000100

5022
001000

5023
001000

5024
100000

5025
100000

5026
000010

5027
001000

5028
010000

5029
000010

5030
100000

5031
000010

5032
000001

5033
000010

5034
001000

5035
000010

5036
000001

5037
100000

5038
000100

5039
000010

5040
001000

5041
010000

5042
000001

5043
000010

5044
000010

5045
100000

5046
000010

5047
000010

5048
010000

5049
000100

5050
001000

5051
000001

5052
001000

5053
100000

5054
010000

5055
010000

5056
000010

5057
100000

5058
100000

5059
000001

5060
000001

5061
000010

5062
000100

5063
000001

5064
000010

5065
100000

5066
011000

5067
010001

5068
100010

5069
000001

5070
000100

5071
000010

5072
010100

5073
000100

5074
100000

5075
100000

5076
000001

5077
000100

5078
000010

5079
100000

5080
000001

5081
000100

5082
000010

5083
100000

5084
000100

5085
000001

5086
001000

5087
001000

5088
001000

5089
000001

5090
001000

5091
100000

5092
000001

5093
100000

5094
001000

5095
001000

5096
100000

5097
000001

5098
100000

5099
001000

5100
010000

5101
010000

5102
100000

5103
000010

5104
001000

5105
000001

5106
000001

5107
000010

5108
001000

5109
000100

5110
000100

5111
000100

5112
001000

5113
100000

5114
000010

5115
010000

5116
000001

5117
001000

5118
100000

5119
001000

5120
000010

5121
000001

5122
000010

5123
001000

5124
000010

5125
000010

5126
001000

5127
001100

5128
000001

5129
010000

5130
000100

5131
100000

5132
001000

5133
100000

5134
000010

5135
000010

5136
000100

5137
000010

5138
010000

5139
000010

5140
001000

5141
100000

5142
000010

5143
010000

5144
000001

5145
000100

5146
001000

5147
100000

5148
010000

5149
001000

5150
000010

5151
001000

5152
001000

5153
000100

5154
001000

5155
000001

5156
100000

5157
000001

5158
000010

5159
001000

5160
000001

5161
000001

5162
000100

5163
010000

5164
001000

5165
100000

5166
010001

5167
001000

5168
100000

5169
100000

5170
000100

5171
100000

5172
000001

5173
001000

5174
000010

5175
010000

5176
010000

5177
000001

5178
000010

5179
010000

5180
100000

5181
001000

5182
000010

5183
001000

5184
010000

5185
100000

5186
000100

5187
100000

5188
000100

5189
100000

5190
010000

5191
001000

5192
000100

5193
001000

5194
010000

5195
110000

5196
010010

5197
000100

5198
000010

5199
100000

5200
001000

5201
100000

5202
000010

5203
001000

5204
000010

5205
001001

5206
100000

5207
100000

5208
110000

5209
000100

5210
001000

5211
000010

5212
001000

5213
100000

5214
000100

5215
000100

5216
100000

5217
100100

5218
100000

5219
000001

5220
000010

5221
100000

5222
000100

5223
100000

5224
000010

5225
000100

5226
000001

5227
000010

5228
010000

5229
001000

5230
001000

5231
001000

5232
010000

5233
000001

5234
000001

5235
000010

5236
100000

5237
000001

5238
000010

5239
000100

5240
001000

5241
101000

5242
100000

5243
001000

5244
001000

5245
000001

5246
001000

5247
100001

5248
000010

5249
000010

5250
000100

5251
000010

5252
000010

5253
010000

5254
000001

5255
000001

5256
000010

5257
000010

5258
010000

5259
000010

5260
001100

5261
001000

5262
000001

5263
000001

5264
001000

5265
000001

5266
010000

5267
001000

5268
000010

5269
000101

5270
001000

5271
000010

5272
000001

5273
010000

5274
001000

5275
000001

5276
101000

5277
000001

5278
001000

5279
010000

5280
010000

5281
100000

5282
000001

5283
000010

5284
000100

5285
100000

5286
000100

5287
001000

5288
000001

5289
010000

5290
000001

5291
100000

5292
000010

5293
001000

5294
000001

5295
001000

5296
010000

5297
100000

5298
010001

5299
000001

5300
001000

5301
001000

5302
100000

5303
000100

5304
010000

5305
010000

5306
001000

5307
100000

5308
100010

5309
100000

5310
000100

5311
000001

5312
000001

5313
100000

5314
100001

5315
000010

5316
000001

5317
010000

5318
000100

5319
100000

5320
010000

5321
000010

5322
000001

5323
100000

5324
001000

5325
000100

5326
010000

5327
000100

5328
100000

5329
000100

5330
100000

5331
001000

5332
000100

5333
100000

5334
000010

5335
000001

5336
100010

5337
010100

5338
000001

5339
000100

5340
001000

5341
000010

5342
000001

5343
000010

5344
000010

5345
010000

5346
100000

5347
000001

5348
000010

5349
000001

5350
100000

5351
000100

5352
010000

5353
000100

5354
010100

5355
001000

5356
001000

5357
000010

5358
000010

5359
000001

5360
100000

5361
000001

5362
000010

5363
000010

5364
000100

5365
000100

5366
100000

5367
010000

5368
100000

5369
000001

5370
010000

5371
000100

5372
100000

5373
000001

5374
010100

5375
000010

5376
000001

5377
000100

5378
000001

5379
001000

5380
100000

5381
000010

5382
100000

5383
010000

5384
000100

5385
010000

5386
000001

5387
000100

5388
000100

5389
000100

5390
010000

5391
000010

5392
000100

5393
010000

5394
010000

5395
001000

5396
100000

5397
010000

5398
100000

5399
100000

5400
001000

5401
000010

5402
100000

5403
000001

5404
010000

5405
000001

5406
010001

5407
000100

5408
000010

5409
000100

5410
100000

5411
010000

5412
000001

5413
000100

5414
100001

5415
001000

5416
000001

5417
000001

5418
100000

5419
010000

5420
100000

5421
000001

5422
100000

5423
000100

5424
000010

5425
000010

5426
000001

5427
100010

5428
000001

5429
000001

5430
000100

5431
100000

5432
000010

5433
011000

5434
001100

5435
000100

5436
000100

5437
000001

5438
000001

5439
000100

5440
100000

5441
000100

5442
001000

5443
100000

5444
000100

5445
100000

5446
000001

5447
100000

5448
000100

5449
000001

5450
010000

5451
000010

5452
000010

5453
000100

5454
010000

5455
100000

5456
100000

5457
010000

5458
000010

5459
000100

5460
100000

5461
000010

5462
000001

5463
000010

5464
000010

5465
001000

5466
000100

5467
010100

5468
100000

5469
001000

5470
100000

5471
000010

5472
010000

5473
000100

5474
010000

5475
000010

5476
000010

5477
000001

5478
100000

5479
001000

5480
001000

5481
000001

5482
000001

5483
000100

5484
001000

5485
000010

5486
000100

5487
001000

5488
100000

5489
001000

5490
000001

5491
100000

5492
010000

5493
001000

5494
000100

5495
000010

5496
000001

5497
010000

5498
100000

5499
100000

5500
000010

5501
000010

5502
010000

5503
001000

5504
100000

5505
000010

5506
100000

5507
010000

5508
000100

5509
001000

5510
100000

5511
100000

5512
000010

5513
000001

5514
000010

5515
010000

5516
000100

5517
010000

5518
000001

5519
100000

5520
100000

5521
000001

5522
000010

5523
000010

5524
000100

5525
000010

5526
010000

5527
010000

5528
100000

5529
001000

5530
000010

5531
000100

5532
000100

5533
000001

5534
000100

5535
000100

5536
100000

5537
000010

5538
001001

5539
000110

5540
110100

5541
000010

5542
001000

5543
000001

5544
000100

5545
010111

5546
000010

5547
000100

5548
100000

5549
000100

5550
100000

5551
000011

5552
000100

5553
000100

5554
001000

5555
000001

5556
100000

5557
100000

5558
001000

5559
000001

5560
010000

5561
011000

5562
001010

5563
001010

5564
100000

5565
000001

5566
100000

5567
000100

5568
100000

5569
001000

5570
000010

5571
100000

5572
100100

5573
000100

5574
000001

5575
000001

5576
100000

5577
010000

5578
001000

5579
000100

5580
001000

5581
000001

5582
000100

5583
001000

5584
001000

5585
010000

5586
001000

5587
100000

5588
000100

5589
001000

5590
010010

5591
100000

5592
000001

5593
000001

5594
010010

5595
000100

5596
000100

5597
010000

5598
000001

5599
000010

5600
100000

5601
000010

5602
010000

5603
010000

5604
000001

5605
100000

5606
100000

5607
010000

5608
000100

5609
100000

5610
000001

5611
000001

5612
111111

5613
010000

5614
000001

5615
000001

5616
100000

5617
001000

5618
010000

5619
000100

5620
000010

5621
100000

5622
001000

5623
100000

5624
010100

5625
010000

5626
000010

5627
010000

5628
000100

5629
100000

5630
000100

5631
000010

5632
010000

5633
010000

5634
010000

5635
001000

5636
001000

5637
010000

5638
001000

5639
100000

5640
000010

5641
000010

5642
010000

5643
001000

5644
100000

5645
100000

5646
000100

5647
000010

5648
000001

5649
000100

5650
110000

5651
001000

5652
000100

5653
000010

5654
010000

5655
010000

5656
000001

5657
001000

5658
000010

5659
000010

5660
010000

5661
010000

5662
010000

5663
010000

5664
001000

5665
010100

5666
000100

5667
100000

5668
000010

5669
000010

5670
100000

5671
000001

5672
000100

5673
001000

5674
000100

5675
010000

5676
000010

5677
010010

5678
000010

5679
001000

5680
000010

5681
000001

5682
000010

5683
100000

5684
100000

5685
100000

5686
001000

5687
001000

5688
000100

5689
001000

5690
100000

5691
000010

5692
000010

5693
100000

5694
000001

5695
100000

5696
001000

5697
000100

5698
000010

5699
000010

5700
010000

5701
000010

5702
010000

5703
010000

5704
001000

5705
000100

5706
000001

5707
001000

5708
000010

5709
000011

5710
001000

5711
001000

5712
000010

5713
000010

5714
000001

5715
000010

5716
000100

5717
000010

5718
000010

5719
001000

5720
010000

5721
001000

5722
000010

5723
000001

5724
000010

5725
000010

5726
000010

5727
000010

5728
000110

5729
100000

5730
000100

5731
010010

5732
000010

5733
000001

5734
000001

5735
100000

5736
001000

5737
000010

5738
000010

5739
010000

5740
010000

5741
001000

5742
001000

5743
001000

5744
001000

5745
000010

5746
001000

5747
000100

5748
000100

5749
010000

5750
000010

5751
000001

5752
000100

5753
100000

5754
010000

5755
001000

5756
100000

5757
110000

5758
001000

5759
000001

5760
100000

5761
010000

5762
000010

5763
010000

5764
000001

5765
000010

5766
000001

5767
000100

5768
000100

5769
010000

5770
000010

5771
010000

5772
000100

5773
000100

5774
000100

5775
001000

5776
000010

5777
000001

5778
010000

5779
100000

5780
001000

5781
000010

5782
000001

5783
000010

5784
000100

5785
000001

5786
000001

5787
010000

5788
000001

5789
000100

5790
000100

5791
010000

5792
001000

5793
011000

5794
001000

5795
000010

5796
100000

5797
000010

5798
000010

5799
010010

5800
000010

5801
000011

5802
000001

5803
000010

5804
100000

5805
000100

5806
100000

5807
001000

5808
000001

5809
101000

5810
100000

5811
000100

5812
010000

5813
010000

5814
000001

5815
010000

5816
000100

5817
000100

5818
001000

5819
100000

5820
001000

5821
010000

5822
001100

5823
000001

5824
000001

5825
010100

5826
000010

5827
000010

5828
010000

5829
011001

5830
000100

5831
000010

5832
010000

5833
000100

5834
000010

5835
000001

5836
000010

5837
000001

5838
000010

5839
001000

5840
001000

5841
010001

5842
010000

5843
000001

5844
000010

5845
100000

5846
110000

5847
000010

5848
010000

5849
000001

5850
010000

5851
000001

5852
100000

5853
000010

5854
100000

5855
100000

5856
001000

5857
000001

5858
000001

5859
100000

5860
010000

5861
000010

5862
010000

5863
100000

5864
010000

5865
000100

5866
001000

5867
100010

5868
010000

5869
000010

5870
100011

5871
000100

5872
000010

5873
001000

5874
011001

5875
000001

5876
000001

5877
010000

5878
000001

5879
000010

5880
000001

5881
000001

5882
000001

5883
010000

5884
010000

5885
000100

5886
000100

5887
001000

5888
100000

5889
000100

5890
000100

5891
010000

5892
100000

5893
100000

5894
000001

5895
110000

5896
100000

5897
010000

5898
001100

5899
001000

5900
001000

5901
001100

5902
000100

5903
000010

5904
010000

5905
001000

5906
000010

5907
010000

5908
100000

5909
010000

5910
000001

5911
000010

5912
010000

5913
000010

5914
001000

5915
100000

5916
000001

5917
001000

5918
000001

5919
000001

5920
000100

5921
010000

5922
001101

5923
010000

5924
000001

5925
000001

5926
010000

5927
001000

5928
000001

5929
000101

5930
000100

5931
010000

5932
001010

5933
010000

5934
000100

5935
010000

5936
010000

5937
010000

5938
000010

5939
000001

5940
100000

5941
010000

5942
010000

5943
000010

5944
001010

5945
001000

5946
000010

5947
000011

5948
000001

5949
000001

5950
010000

5951
000010

5952
100000

5953
010000

5954
100100

5955
000010

5956
010000

5957
100000

5958
010000

5959
001000

5960
100000

5961
100000

5962
000001

5963
000001

5964
010000

5965
000001

5966
000010

5967
010000

5968
100001

5969
000010

5970
100000

5971
000010

5972
001000

5973
000001

5974
000010

5975
000001

5976
010000

5977
000100

5978
001000

5979
000100

5980
010000

5981
001000

5982
001000

5983
010000

5984
000001

5985
010000

5986
010000

5987
100000

5988
001000

5989
001000

5990
010000

5991
100100

5992
001000

5993
000001

5994
000100

5995
000010

5996
000010

5997
000001

5998
100000

5999
010000

6000
010000

6001
000001

6002
000001

6003
000001

6004
000001

6005
111000

6006
010000

6007
000110

6008
000001

6009
000001

6010
010000

6011
010000

6012
010000

6013
100000

6014
010000

6015
000001

6016
000100

6017
000010

6018
000010

6019
000100

6020
000100

6021
000001

6022
100000

6023
001000

6024
010000

6025
100000

6026
000010

6027
001000

6028
000010

6029
000001

6030
010000

6031
100000

6032
001000

6033
000010

6034
001000

6035
000001

6036
000100

6037
000100

6038
000010

6039
100000

6040
000010

6041
001000

6042
000010

6043
001000

6044
010000

6045
010000

6046
100000

6047
010000

6048
001000

6049
010000

6050
000001

6051
000010

6052
100000

6053
010000

6054
000001

6055
000001

6056
000001

6057
000010

6058
000100

6059
000010

6060
100000

6061
100000

6062
000001

6063
100000

6064
000010

6065
000100

6066
001000

6067
000001

6068
100000

6069
010010

6070
000001

6071
000010

6072
001000

6073
000100

6074
010000

6075
001000

6076
000100

6077
001000

6078
000001

6079
001000

6080
000100

6081
001000

6082
001000

6083
001000

6084
000100

6085
000100

6086
011000

6087
010000

6088
000010

6089
000010

6090
001000

6091
000010

6092
000100

6093
100000

6094
010000

6095
000010

6096
010000

6097
000010

6098
000100

6099
001010

6100
000100

6101
010000

6102
000001

6103
000100

6104
000001

6105
001000

6106
010000

6107
000001

6108
001000

6109
011001

6110
100000

6111
010000

6112
001000

6113
100000

6114
000010

6115
100000

6116
100000

6117
000001

6118
100000

6119
100010

6120
001000

6121
001000

6122
001000

6123
100000

6124
100000

6125
000110

6126
001000

6127
000100

6128
100000

6129
001000

6130
000100

6131
100000

6132
000010

6133
001000

6134
100000

6135
000011

6136
001000

6137
000010

6138
000001

6139
000100

6140
010000

6141
001000

6142
001000

6143
000100

6144
000001

6145
000100

6146
000010

6147
000001

6148
000100

6149
001000

6150
111111

6151
000100

6152
001000

6153
001000

6154
001000

6155
001000

6156
000100

6157
000010

6158
000010

6159
000010

6160
000100

6161
001000

6162
100000

6163
010000

6164
100000

6165
000010

6166
010000

6167
100000

6168
000100

6169
000100

6170
001000

6171
010000

6172
000100

6173
000010

6174
010000

6175
100000

6176
000100

6177
010000

6178
000001

6179
000001

6180
001000

6181
001000

6182
010000

6183
001000

6184
100000

6185
010000

6186
001000

6187
000010

6188
001000

6189
010000

6190
001000

6191
001000

6192
010000

6193
000001

6194
000001

6195
010000

6196
000100

6197
100000

6198
100010

6199
100000

6200
000001

6201
000001

6202
000010

6203
000010

6204
010000

6205
000100

6206
100100

6207
010000

6208
011000

6209
100000

6210
001000

6211
000001

6212
010000

6213
000001

6214
100000

6215
000001

6216
000101

6217
000010

6218
000100

6219
100000

6220
000010

6221
000100

6222
100000

6223
110100

6224
000001

6225
000010

6226
001100

6227
000010

6228
010000

6229
100000

6230
000100

6231
000100

6232
001000

6233
000001

6234
000100

6235
001000

6236
000010

6237
010000

6238
010000

6239
010000

6240
010000

6241
010000

6242
000100

6243
100000

6244
000001

6245
100000

6246
010000

6247
000010

6248
000001

6249
010000

6250
000110

6251
010000

6252
000010

6253
010000

6254
010000

6255
000010

6256
100000

6257
000100

6258
001000

6259
001000

6260
010000

6261
000010

6262
000001

6263
000010

6264
000100

6265
001000

6266
100000

6267
000100

6268
000010

6269
000100

6270
000010

6271
000010

6272
001000

6273
000001

6274
000010

6275
001000

6276
000010

6277
000010

6278
000100

6279
000001

6280
000100

6281
000010

6282
000100

6283
010001

6284
000010

6285
000100

6286
100000

6287
000001

6288
000100

6289
000100

6290
010001

6291
010000

6292
100000

6293
100000

6294
100000

6295
010000

6296
010000

6297
000100

6298
000010

6299
001000

6300
000010

6301
100000

6302
010000

6303
000010

6304
000010

6305
000100

6306
000100

6307
001000

6308
000001

6309
001010

6310
010000

6311
010000

6312
100000

6313
000100

6314
001000

6315
010000

6316
010000

6317
000001

6318
101000

6319
010000

6320
000001

6321
000001

6322
000100

6323
010000

6324
000010

6325
000010

6326
100000

6327
001000

6328
000100

6329
000001

6330
001000

6331
000010

6332
000001

6333
010000

6334
000010

6335
010000

6336
010000

6337
010000

6338
101000

6339
000010

6340
100000

6341
010000

6342
100010

6343
001000

6344
010000

6345
000100

6346
001000

6347
001000

6348
000010

6349
100000

6350
000010

6351
010000

6352
000001

6353
001000

6354
000001

6355
001000

6356
100000

6357
001000

6358
000001

6359
000001

6360
000010

6361
010000

6362
000010

6363
000100

6364
100000

6365
100000

6366
000101

6367
000001

6368
000001

6369
001000

6370
010000

6371
000001

6372
000010

6373
100000

6374
000010

6375
100000

6376
000100

6377
000010

6378
010000

6379
100000

6380
000100

6381
001000

6382
010000

6383
000001

6384
001000

6385
000100

6386
010000

6387
001000

6388
010000

6389
010000

6390
010000

6391
100000

6392
000100

6393
000100

6394
000010

6395
000010

6396
010000

6397
000100

6398
010000

6399
000010

6400
100000

6401
001100

6402
001000

6403
000100

6404
001000

6405
000100

6406
000010

6407
000010

6408
100000

6409
000001

6410
100001

6411
000100

6412
001000

6413
010001

6414
000100

6415
011000

6416
010000

6417
001000

6418
010000

6419
000001

6420
000001

6421
100000

6422
000010

6423
100000

6424
010000

6425
010000

6426
000001

6427
000010

6428
001000

6429
001000

6430
001000

6431
000001

6432
010000

6433
000010

6434
000001

6435
000001

6436
000010

6437
010000

6438
010001

6439
010000

6440
001000

6441
100000

6442
000001

6443
000010

6444
100000

6445
000001

6446
010000

6447
100000

6448
000100

6449
010000

6450
001000

6451
010000

6452
000001

6453
100000

6454
000001

6455
010000

6456
000100

6457
000010

6458
100000

6459
000011

6460
000011

6461
001000

6462
000100

6463
010000

6464
000100

6465
010001

6466
000001

6467
100000

6468
000100

6469
100100

6470
000100

6471
000001

6472
100000

6473
000010

6474
010000

6475
001000

6476
000101

6477
010000

6478
000101

6479
000100

6480
001000

6481
000100

6482
000100

6483
001000

6484
001001

6485
010100

6486
001100

6487
000001

6488
000001

6489
000100

6490
000100

6491
100000

6492
010000

6493
100010

6494
100000

6495
010000

6496
001000

6497
000010

6498
010000

6499
001000

6500
001000

6501
000100

6502
000001

6503
000010

6504
100000

6505
100000

6506
001001

6507
000100

6508
000100

6509
000010

6510
000010

6511
000001

6512
001000

6513
010000

6514
000010

6515
001000

6516
000100

6517
000001

6518
000001

6519
100000

6520
000010

6521
100000

6522
001000

6523
100000

6524
001000

6525
010001

6526
000100

6527
001000

6528
000010

6529
001000

6530
001000

6531
000001

6532
000010

6533
010000

6534
001000

6535
000010

6536
000001

6537
010000

6538
001000

6539
001000

6540
000001

6541
110000

6542
001000

6543
001000

6544
000010

6545
000001

6546
000001

6547
001000

6548
001000

6549
001000

6550
011010

6551
000010

6552
001000

6553
001000

6554
100000

6555
100000

6556
001000

6557
100000

6558
000100

6559
100000

6560
000001

6561
000010

6562
000001

6563
010000

6564
000001

6565
001000

6566
001000

6567
000100

6568
000001

6569
000010

6570
001000

6571
010000

6572
000001

6573
000010

6574
100000

6575
010101

6576
000001

6577
001000

6578
001000

6579
000100

6580
010000

6581
000100

6582
000100

6583
000010

6584
001000

6585
000010

6586
000100

6587
000100

6588
000001

6589
000100

6590
000100

6591
000011

6592
100000

6593
010000

6594
010000

6595
001000

6596
000001

6597
000100

6598
000010

6599
000001

6600
010000

6601
000010

6602
000100

6603
100000

6604
000001

6605
010000

6606
000100

6607
110000

6608
010000

6609
000100

6610
000001

6611
010000

6612
000100

6613
100001

6614
000001

6615
000100

6616
000100

6617
000010

6618
010100

6619
100000

6620
000010

6621
010000

6622
000100

6623
010000

6624
100010

6625
000001

6626
100000

6627
001000

6628
000100

6629
000100

6630
000100

6631
001010

6632
000001

6633
000010

6634
100000

6635
000100

6636
000001

6637
100010

6638
100000

6639
000010

6640
000100

6641
000001

6642
001000

6643
010001

6644
000100

6645
000100

6646
000010

6647
010000

6648
000001

6649
010000

6650
010000

6651
010000

6652
010000

6653
010000

6654
000100

6655
000001

6656
100000

6657
100000

6658
000001

6659
000100

6660
000100

6661
000010

6662
000001

6663
001000

6664
000010

6665
001000

6666
010000

6667
011000

6668
000001

6669
100000

6670
010000

6671
001000

6672
010000

6673
000010

6674
001000

6675
100000

6676
000001

6677
000001

6678
100000

6679
000100

6680
101000

6681
010000

6682
100000

6683
100000

6684
100000

6685
000100

6686
000001

6687
000001

6688
100000

6689
010000

6690
000010

6691
000100

6692
100000

6693
000100

6694
000001

6695
000100

6696
000010

6697
000001

6698
000001

6699
100000

6700
010000

6701
010000

6702
010000

6703
010000

6704
010000

6705
000010

6706
000100

6707
100000

6708
000010

6709
100000

6710
000001

6711
000001

6712
000010

6713
000001

6714
000100

6715
010000

6716
000010

6717
001010

6718
001000

6719
100000

6720
000100

6721
000010

6722
001000

6723
100000

6724
010000

6725
010000

6726
001000

6727
001000

6728
100000

6729
000001

6730
001000

6731
010000

6732
000001

6733
100000

6734
000010

6735
000010

6736
010000

6737
001000

6738
001000

6739
001001

6740
000100

6741
010000

6742
000001

6743
001000

6744
000010

6745
010000

6746
000100

6747
000010

6748
010000

6749
001000

6750
100000

6751
000001

6752
000010

6753
010000

6754
100000

6755
000001

6756
010000

6757
001000

6758
010000

6759
000001

6760
010000

6761
001000

6762
001000

6763
100000

6764
000100

6765
010000

6766
001000

6767
001000

6768
000001

6769
001000

6770
010000

6771
010000

6772
100000

6773
001000

6774
100000

6775
010000

6776
010000

6777
000100

6778
000010

6779
010000

6780
010000

6781
010000

6782
000011

6783
000100

6784
100000

6785
000100

6786
000001

6787
010000

6788
110000

6789
010000

6790
001000

6791
100000

6792
001000

6793
100000

6794
001000

6795
000100

6796
000100

6797
010000

6798
000100

6799
010000

6800
000010

6801
000001

6802
000001

6803
000010

6804
000010

6805
000010

6806
100000

6807
001000

6808
001000

6809
000010

6810
000001

6811
010000

6812
100000

6813
010000

6814
000001

6815
000010

6816
001000

6817
010000

6818
001000

6819
010000

6820
000001

6821
010000

6822
001000

6823
000001

6824
010000

6825
000001

6826
000001

6827
000100

6828
000100

6829
000010

6830
010000

6831
000001

6832
000001

6833
000010

6834
100000

6835
010000

6836
000010

6837
100000

6838
000001

6839
000001

6840
100000

6841
001000

6842
100000

6843
100000

6844
000010

6845
000100

6846
100000

6847
000100

6848
010000

6849
001000

6850
000001

6851
001000

6852
000100

6853
000010

6854
000100

6855
010000

6856
000100

6857
001000

6858
000100

6859
000100

6860
001000

6861
000010

6862
000011

6863
001000

6864
000100

6865
000100

6866
000001

6867
000010

6868
000010

6869
100000

6870
001000

6871
001000

6872
010000

6873
001000

6874
001000

6875
000100

6876
000110

6877
000100

6878
000100

6879
000001

6880
000001

6881
001000

6882
000100

6883
010100

6884
001000

6885
000010

6886
000001

6887
000100

6888
000001

6889
000001

6890
100000

6891
000100

6892
000001

6893
000001

6894
100000

6895
000100

6896
000001

6897
010000

6898
000010

6899
100000

6900
010000

6901
010000

6902
010000

6903
101000

6904
000100

6905
000001

6906
010000

6907
000001

6908
001000

6909
000001

6910
000100

6911
000010

6912
000010

6913
000100

6914
000001

6915
100000

6916
000001

6917
000100

6918
000001

6919
000100

6920
010100

6921
100000

6922
000100

6923
000001

6924
010000

6925
000100

6926
100000

6927
000001

6928
010000

6929
010000

6930
010000

6931
001010

6932
010000

6933
000001

6934
100000

6935
000010

6936
000100

6937
000100

6938
010000

6939
000100

6940
000001

6941
000010

6942
000100

6943
000010

6944
010000

6945
000010

6946
010010

6947
010000

6948
000010

6949
000010

6950
000100

6951
010000

6952
000001

6953
000001

6954
000100

6955
001000

6956
001000

6957
000100

6958
000100

6959
000001

6960
000100

6961
001000

6962
010000

6963
000100

6964
000001

6965
100000

6966
100000

6967
001000

6968
010000

6969
000010

6970
000100

6971
010000

6972
010000

6973
100000

6974
000001

6975
000001

6976
000100

6977
000001

6978
000010

6979
000010

6980
000010

6981
001000

6982
000001

6983
001000

6984
001000

6985
010110

6986
000010

6987
100000

6988
000001

6989
000001

6990
000010

6991
100000

6992
010000

6993
100000

6994
000010

6995
001000

6996
100000

6997
000100

6998
000001

6999
000001

7000
000010

7001
010000

7002
100000

7003
001010

7004
000010

7005
110000

7006
000010

7007
000010

7008
010010

7009
010000

7010
000010

7011
000001

7012
000010

7013
100000

7014
000001

7015
010000

7016
000100

7017
010000

7018
000010

7019
000100

7020
001000

7021
000100

7022
100000

7023
000010

7024
100000

7025
000100

7026
100000

7027
000010

7028
000001

7029
010000

7030
010000

7031
010000

7032
000100

7033
000001

7034
000001

7035
010000

7036
001000

7037
010000

7038
000100

7039
000100

7040
010000

7041
000010

7042
000010

7043
000100

7044
000010

7045
000010

7046
000010

7047
010000

7048
010000

7049
010000

7050
010000

7051
000010

7052
000100

7053
000001

7054
100000

7055
010100

7056
001100

7057
100100

7058
001000

7059
000100

7060
010000

7061
100000

7062
100000

7063
000001

7064
100000

7065
000001

7066
001000

7067
000001

7068
000001

7069
000001

7070
010100

7071
000010

7072
100000

7073
010000

7074
010000

7075
000010

7076
100000

7077
010000

7078
010000

7079
010000

7080
000010

7081
001000

7082
001000

7083
000100

7084
000100

7085
000100

7086
000001

7087
000010

7088
000100

7089
010000

7090
100000

7091
001000

7092
100000

7093
011000

7094
000100

7095
000100

7096
000100

7097
000011

7098
010000

7099
001000

7100
000010

7101
000001

7102
100001

7103
001000

7104
000001

7105
000001

7106
010000

7107
100000

7108
000010

7109
100000

7110
000010

7111
100010

7112
001100

7113
001000

7114
000100

7115
100000

7116
000100

7117
000010

7118
000001

7119
001000

7120
000001

7121
010000

7122
000010

7123
000010

7124
100001

7125
000001

7126
001000

7127
000010

7128
000001

7129
000100

7130
111111

7131
000010

7132
100000

7133
001000

7134
010000

7135
000100

7136
010000

7137
000001

7138
100010

7139
100000

7140
001000

7141
110001

7142
100000

7143
000001

7144
001000

7145
000001

7146
000100

7147
000001

7148
010000

7149
000001

7150
000100

7151
000010

7152
000100

7153
000100

7154
000010

7155
000010

7156
010000

7157
100000

7158
001000

7159
000010

7160
000100

7161
000010

7162
000010

7163
000100

7164
000100

7165
010000

7166
000001

7167
000001

7168
010000

7169
000001

7170
010000

7171
001000

7172
000001

7173
000100

7174
100000

7175
000100

7176
001100

7177
000001

7178
100000

7179
000001

7180
000110

7181
100000

7182
010000

7183
010000

7184
010000

7185
000010

7186
000100

7187
010000

7188
010000

7189
000001

7190
001000

7191
000010

7192
100000

7193
001000

7194
010000

7195
001000

7196
000100

7197
100000

7198
010000

7199
000010

7200
000001

7201
100000

7202
000100

7203
001000

7204
000001

7205
100000

7206
100000

7207
000001

7208
000001

7209
000001

7210
000001

7211
010000

7212
101000

7213
000100

7214
010000

7215
000100

7216
100000

7217
000100

7218
000110

7219
000010

7220
001000

7221
000010

7222
010000

7223
110000

7224
000001

7225
100010

7226
000010

7227
010000

7228
010000

7229
001000

7230
000010

7231
100000

7232
001000

7233
000010

7234
000010

7235
001000

7236
001000

7237
100000

7238
000001

7239
000100

7240
000010

7241
000100

7242
010000

7243
000001

7244
010000

7245
011100

7246
000010

7247
010000

7248
100000

7249
010000

7250
000100

7251
000010

7252
100000

7253
010000

7254
000100

7255
000010

7256
000010

7257
100000

7258
000001

7259
010000

7260
010000

7261
000010

7262
000001

7263
000100

7264
000001

7265
000100

7266
000001

7267
000010

7268
000001

7269
100000

7270
000100

7271
000100

7272
010000

7273
000001

7274
010000

7275
000100

7276
001000

7277
010000

7278
000001

7279
000001

7280
010000

7281
010000

7282
001000

7283
100100

7284
101000

7285
000010

7286
000001

7287
001000

7288
000010

7289
010000

7290
000100

7291
000010

7292
000001

7293
000001

7294
000001

7295
010000

7296
001000

7297
010000

7298
000100

7299
000100

7300
000100

7301
100000

7302
001000

7303
001000

7304
001000

7305
010000

7306
000010

7307
100000

7308
100000

7309
000010

7310
010000

7311
001000

7312
000001

7313
001000

7314
001000

7315
000001

7316
000010

7317
000010

7318
000001

7319
000001

7320
000010

7321
000001

7322
000010

7323
001000

7324
100000

7325
010000

7326
001000

7327
000010

7328
000100

7329
000001

7330
000010

7331
000001

7332
000010

7333
000100

7334
000010

7335
100000

7336
001000

7337
000001

7338
100100

7339
000010

7340
000010

7341
000001

7342
001000

7343
000001

7344
100000

7345
100000

7346
000100

7347
000100

7348
000001

7349
010000

7350
010000

7351
100000

7352
010000

7353
000001

7354
000010

7355
000001

7356
010000

7357
100000

7358
001000

7359
010000

7360
100000

7361
100000

7362
000001

7363
001000

7364
000010

7365
000010

7366
000101

7367
001000

7368
000010

7369
100000

7370
000001

7371
000001

7372
010000

7373
010000

7374
001000

7375
000001

7376
010000

7377
000010

7378
001000

7379
000100

7380
010000

7381
001100

7382
010001

7383
000010

7384
001000

7385
001000

7386
000010

7387
001000

7388
000100

7389
000001

7390
000001

7391
010000

7392
000010

7393
000001

7394
010000

7395
000001

7396
001000

7397
000001

7398
100000

7399
000001

7400
010000

7401
000001

7402
000001

7403
000100

7404
001000

7405
010000

7406
010000

7407
000010

7408
100000

7409
000001

7410
000100

7411
000001

7412
010000

7413
000001

7414
001000

7415
000010

7416
000001

7417
000010

7418
100000

7419
000010

7420
100000

7421
001000

7422
001010

7423
100000

7424
101000

7425
100000

7426
000010

7427
100000

7428
000100

7429
000100

7430
100000

7431
000001

7432
000010

7433
100000

7434
001000

7435
000010

7436
000010

7437
001010

7438
010000

7439
000100

7440
001001

7441
010010

7442
001010

7443
001000

7444
010000

7445
010000

7446
100000

7447
001010

7448
001000

7449
000010

7450
001000

7451
000001

7452
001000

7453
001000

7454
001000

7455
000100

7456
100000

7457
001000

7458
000010

7459
010000

7460
001000

7461
100000

7462
100000

7463
000100

7464
100000

7465
000001

7466
000010

7467
100000

7468
010010

7469
010000

7470
000100

7471
000010

7472
010000

7473
000010

7474
100000

7475
000010

7476
000010

7477
000100

7478
000001

7479
100000

7480
010000

7481
000010

7482
010000

7483
010000

7484
000001

7485
010000

7486
001001

7487
000001

7488
010000

7489
001100

7490
100000

7491
100000

7492
010000

7493
000100

7494
100100

7495
001000

7496
000100

7497
000010

7498
100000

7499
000001

7500
000010

7501
001000

7502
010000

7503
000100

7504
100000

7505
001000

7506
010000

7507
000001

7508
001000

7509
000001

7510
010000

7511
000010

7512
000010

7513
000001

7514
010000

7515
000100

7516
010000

7517
110000

7518
001000

7519
000001

7520
000010

7521
000010

7522
000100

7523
001000

7524
010100

7525
000001

7526
000010

7527
000001

7528
000100

7529
001000

7530
010000

7531
000100

7532
000001

7533
001000

7534
000010

7535
000100

7536
010000

7537
100000

7538
010000

7539
010000

7540
010000

7541
100000

7542
000010

7543
100000

7544
000100

7545
010000

7546
010000

7547
001001

7548
000100

7549
010000

7550
011000

7551
000010

7552
001000

7553
000010

7554
000100

7555
010000

7556
101001

7557
100000

7558
001000

7559
000001

7560
100001

7561
000100

7562
000100

7563
000010

7564
000100

7565
000010

7566
010000

7567
001000

7568
100000

7569
000001

7570
001000

7571
000010

7572
100000

7573
001000

7574
000010

7575
000100

7576
100000

7577
001000

7578
100000

7579
010000

7580
100000

7581
000001

7582
001000

7583
001001

7584
001000

7585
000010

7586
000010

7587
001000

7588
000001

7589
100000

7590
010000

7591
000001

7592
001000

7593
000001

7594
001000

7595
001000

7596
010001

7597
100000

7598
000001

7599
000100

7600
000010

7601
001000

7602
001000

7603
000011

7604
000100

7605
001000

7606
000001

7607
000001

7608
000100

7609
000111

7610
000001

7611
011000

7612
001000

7613
010000

7614
000100

7615
000100

7616
000100

7617
000101

7618
101000

7619
000010

7620
010010

7621
000010

7622
001000

7623
001000

7624
010000

7625
001000

7626
000001

7627
000100

7628
100000

7629
000100

7630
100100

7631
001000

7632
000100

7633
000100

7634
100000

7635
000100

7636
000010

7637
100000

7638
010000

7639
100000

7640
000100

7641
001000

7642
001000

7643
010000

7644
010000

7645
010100

7646
000010

7647
000001

7648
100000

7649
000100

7650
100000

7651
001000

7652
010000

7653
100000

7654
100000

7655
010000

7656
100000

7657
000010

7658
010000

7659
000001

7660
000010

7661
000100

7662
000010

7663
000010

7664
000010

7665
010000

7666
000110

7667
001000

7668
000010

7669
001000

7670
000010

7671
000001

7672
000100

7673
000100

7674
001000

7675
001000

7676
000001

7677
001000

7678
000001

7679
010000

7680
000100

7681
100000

7682
000001

7683
000100

7684
100110

7685
000100

7686
100000

7687
001000

7688
100000

7689
100000

7690
100000

7691
100000

7692
001000

7693
000100

7694
010000

7695
111111

7696
000001

7697
100000

7698
001000

7699
000001

7700
100000

7701
010000

7702
001000

7703
000010

7704
100000

7705
001000

7706
100000

7707
001000

7708
000011

7709
000100

7710
000001

7711
010000

7712
000010

7713
000010

7714
000010

7715
000100

7716
001000

7717
001000

7718
000100

7719
001000

7720
100000

7721
100000

7722
000100

7723
000010

7724
010000

7725
000001

7726
010000

7727
000001

7728
010000

7729
001000

7730
000010

7731
000010

7732
100010

7733
000001

7734
100010

7735
100000

7736
100001

7737
001000

7738
100000

7739
001000

7740
100000

7741
000100

7742
001000

7743
000010

7744
010000

7745
000001

7746
100000

7747
001000

7748
010000

7749
100000

7750
000010

7751
100000

7752
000001

7753
010000

7754
000010

7755
000001

7756
010000

7757
000001

7758
001000

7759
000100

7760
000010

7761
000010

7762
001000

7763
110001

7764
000100

7765
001000

7766
000110

7767
001000

7768
000100

7769
001000

7770
000100

7771
001010

7772
000100

7773
010000

7774
000100

7775
000011

7776
010000

7777
000100

7778
000001

7779
001000

7780
000010

7781
000010

7782
000100

7783
000110

7784
001000

7785
001000

7786
010000

7787
000010

7788
000001

7789
000001

7790
100000

7791
010000

7792
000001

7793
010000

7794
010000

7795
000100

7796
100000

7797
010000

7798
010100

7799
000001

7800
000100

7801
001010

7802
010000

7803
000010

7804
000100

7805
000010

7806
010000

7807
000001

7808
001010

7809
010000

7810
000001

7811
000010

7812
000100

7813
001000

7814
100000

7815
000001

7816
000010

7817
000010

7818
000010

7819
000010

7820
000001

7821
000100

7822
000010

7823
000100

7824
001000

7825
010000

7826
000100

7827
100000

7828
010000

7829
000100

7830
001000

7831
100000

7832
000010

7833
000010

7834
100000

7835
100000

7836
000010

7837
001000

7838
010000

7839
000010

7840
000010

7841
000010

7842
100000

7843
000100

7844
001000

7845
010000

7846
000100

7847
000001

7848
000001

7849
000001

7850
001000

7851
001000

7852
001000

7853
001000

7854
100000

7855
000100

7856
000001

7857
000001

7858
100000

7859
000010

7860
100000

7861
001000

7862
001000

7863
010000

7864
000010

7865
000010

7866
001000

7867
000100

7868
000100

7869
100000

7870
001000

7871
000001

7872
000001

7873
000100

7874
000010

7875
001000

7876
010000

7877
001000

7878
000010

7879
000010

7880
010000

7881
100000

7882
001000

7883
000001

7884
000001

7885
000010

7886
010000

7887
000001

7888
001000

7889
001000

7890
001000

7891
000001

7892
010100

7893
000001

7894
010000

7895
010000

7896
001000

7897
000010

7898
000010

7899
000010

7900
010000

7901
000001

7902
010000

7903
010000

7904
100000

7905
010000

7906
101000

7907
000100

7908
000100

7909
000001

7910
000010

7911
100000

7912
000010

7913
000010

7914
010000

7915
100000

7916
000010

7917
001000

7918
100000

7919
100000

7920
010000

7921
000100

7922
010000

7923
010000

7924
001000

7925
100000

7926
010000

7927
001010

7928
100000

7929
001000

7930
000100

7931
001000

7932
000001

7933
000100

7934
000100

7935
000001

7936
001000

7937
000100

7938
000010

7939
000010

7940
000001

7941
000100

7942
001010

7943
000001

7944
001000

7945
000100

7946
000001

7947
001000

7948
000100

7949
001000

7950
000100

7951
010000

7952
000001

7953
010010

7954
100000

7955
100000

7956
000100

7957
010000

7958
000100

7959
001000

7960
000010

7961
010000

7962
000010

7963
000001

7964
000010

7965
010000

7966
010000

7967
000010

7968
001000

7969
000001

7970
000100

7971
000010

7972
010000

7973
001000

7974
000001

7975
000100

7976
000100

7977
000001

7978
010000

7979
000010

7980
010010

7981
100001

7982
001000

7983
000001

7984
100000

7985
001000

7986
000001

7987
000001

7988
001000

7989
010000

7990
000010

7991
100000

7992
010000

7993
000001

7994
000010

7995
001000

7996
000010

7997
100000

7998
100000

7999
000100

8000
010000

8001
010000

8002
100000

8003
011000

8004
000010

8005
100000

8006
100000

8007
000010

8008
100001

8009
000001

8010
000100

8011
010000

8012
000010

8013
001000

8014
000100

8015
001000

8016
000010

8017
001000

8018
000010

8019
010000

8020
000001

8021
010100

8022
000001

8023
001000

8024
001000

8025
001000

8026
010000

8027
000001

8028
100000

8029
000100

8030
000010

8031
100000

8032
000100

8033
100000

8034
000010

8035
010000

8036
010000

8037
010000

8038
100000

8039
000001

8040
100000

8041
000001

8042
100000

8043
000010

8044
000010

8045
000001

8046
000001

8047
000001

8048
001000

8049
000100

8050
000010

8051
010000

8052
000001

8053
000010

8054
001000

8055
000010

8056
000001

8057
000100

8058
010000

8059
100000

8060
111111

8061
000100

8062
000001

8063
100000

8064
100000

8065
000001

8066
010000

8067
001000

8068
001000

8069
010000

8070
000010

8071
001000

8072
010000

8073
000001

8074
000100

8075
000001

8076
000100

8077
001000

8078
100000

8079
001000

8080
000100

8081
001000

8082
000100

8083
000010

8084
000010

8085
000010

8086
000010

8087
100000

8088
000100

8089
000100

8090
010010

8091
001000

8092
000010

8093
001000

8094
000001

8095
000100

8096
100000

8097
001000

8098
010000

8099
001000

8100
001000

8101
100000

8102
010000

8103
000010

8104
000101

8105
010000

8106
001000

8107
000001

8108
001000

8109
100000

8110
100000

8111
000100

8112
010000

8113
100000

8114
001000

8115
001000

8116
000001

8117
001000

8118
001000

8119
010000

8120
100000

8121
000001

8122
000010

8123
000100

8124
010000

8125
010000

8126
001000

8127
000001

8128
000100

8129
100000

8130
000010

8131
100010

8132
011000

8133
001000

8134
100000

8135
000100

8136
000001

8137
010000

8138
000001

8139
000001

8140
000010

8141
001000

8142
000101

8143
000100

8144
000010

8145
000010

8146
000010

8147
100000

8148
000100

8149
000100

8150
000010

8151
001000

8152
000010

8153
000010

8154
100000

8155
000001

8156
001000

8157
000010

8158
010000

8159
000100

8160
001000

8161
000010

8162
001000

8163
010010

8164
010000

8165
100000

8166
001000

8167
010000

8168
001000

8169
010000

8170
000001

8171
100000

8172
000001

8173
100000

8174
000100

8175
001000

8176
000100

8177
000100

8178
001000

8179
000010

8180
000010

8181
010000

8182
100100

8183
001000

8184
000100

8185
000001

8186
010000

8187
000010

8188
000010

8189
100000

8190
000001

8191
010000

8192
000001

8193
010000

8194
010000

8195
000010

8196
000001

8197
000001

8198
000010

8199
000110

8200
001000

8201
000010

8202
100000

8203
010000

8204
100000

8205
001000

8206
000010

8207
000001

8208
010000

8209
010000

8210
010001

8211
010000

8212
011000

8213
000001

8214
001000

8215
000001

8216
000010

8217
001000

8218
100000

8219
100000

8220
000001

8221
001000

8222
000010

8223
000001

8224
000010

8225
001000

8226
001000

8227
001000

8228
000100

8229
010000

8230
001000

8231
010000

8232
000100

8233
000001

8234
010000

8235
000010

8236
001000

8237
000001

8238
000001

8239
000100

8240
010000

8241
100000

8242
000001

8243
001000

8244
000010

8245
000010

8246
100000

8247
001010

8248
010000

8249
100000

8250
111111

8251
000010

8252
001000

8253
111111

8254
001000

8255
001000

8256
000001

8257
000010

8258
000100

8259
000100

8260
000010

8261
010000

8262
100000

8263
000001

8264
100000

8265
000010

8266
010000

8267
000010

8268
000100

8269
001000

8270
100000

8271
001000

8272
011000

8273
010000

8274
000001

8275
001001

8276
100000

8277
001000

8278
100100

8279
000001

8280
100000

8281
001000

8282
010000

8283
100000

8284
001000

8285
000010

8286
010000

8287
000010

8288
000100

8289
000001

8290
000010

8291
010001

8292
100000

8293
000001

8294
000001

8295
001000

8296
010000

8297
010000

8298
000100

8299
000010

8300
000010

8301
001000

8302
100000

8303
000100

8304
100000

8305
000100

8306
000001

8307
001000

8308
001000

8309
000010

8310
001000

8311
001000

8312
010000

8313
000010

8314
100000

8315
001000

8316
010000

8317
001000

8318
000100

8319
100000

8320
000100

8321
001000

8322
000001

8323
000001

8324
000100

8325
110000

8326
000010

8327
100000

8328
100100

8329
000010

8330
000010

8331
100000

8332
000100

8333
001000

8334
010010

8335
001000

8336
001000

8337
010000

8338
001000

8339
010000

8340
000010

8341
000100

8342
100000

8343
100000

8344
000100

8345
000100

8346
010000

8347
000010

8348
100000

8349
010000

8350
000010

8351
000100

8352
010000

8353
010001

8354
010000

8355
001000

8356
000100

8357
000010

8358
001000

8359
010000

8360
001000

8361
000010

8362
100000

8363
000001

8364
000010

8365
100000

8366
000010

8367
000010

8368
100000

8369
000010

8370
000001

8371
010000

8372
000100

8373
100000

8374
001000

8375
000100

8376
010000

8377
010000

8378
100000

8379
000110

8380
000001

8381
100000

8382
000001

8383
001000

8384
001000

8385
000010

8386
000001

8387
000100

8388
001000

8389
000100

8390
000100

8391
000010

8392
000100

8393
000100

8394
010000

8395
000001

8396
100000

8397
000001

8398
001010

8399
000010

8400
100000

8401
000001

8402
001000

8403
000100

8404
000100

8405
010100

8406
000100

8407
000010

8408
000001

8409
010000

8410
000010

8411
010000

8412
000010

8413
100000

8414
010000

8415
000001

8416
000100

8417
100000

8418
000001

8419
010000

8420
000010

8421
001000

8422
000001

8423
001000

8424
000010

8425
000001

8426
000001

8427
000100

8428
000010

8429
010000

8430
000100

8431
000001

8432
001000

8433
110000

8434
000100

8435
000010

8436
100000

8437
000001

8438
001000

8439
000100

8440
000001

8441
001000

8442
100000

8443
010000

8444
010100

8445
010000

8446
000001

8447
000100

8448
000010

8449
001000

8450
010000

8451
000010

8452
010000

8453
001000

8454
000100

8455
000001

8456
010000

8457
010000

8458
000001

8459
100000

8460
000001

8461
010001

8462
000010

8463
000100

8464
000100

8465
000100

8466
010010

8467
000100

8468
000010

8469
000100

8470
000100

8471
010000

8472
000010

8473
000001

8474
000001

8475
001000

8476
100000

8477
000100

8478
010000

8479
001001

8480
000010

8481
000001

8482
000001

8483
000001

8484
100000

8485
000100

8486
010010

8487
000100

8488
001000

8489
001000

8490
000001

8491
000010

8492
000100

8493
010000

8494
010000

8495
000001

8496
000001

8497
010000

8498
010000

8499
010000

8500
000010

8501
000001

8502
000001

8503
000001

8504
111111

8505
000010

8506
001010

8507
100000

8508
000001

8509
000100

8510
010000

8511
000001

8512
100000

8513
100000

8514
000100

8515
000001

8516
000010

8517
000001

8518
010000

8519
010000

8520
010000

8521
101000

8522
000001

8523
000001

8524
000001

8525
001000

8526
010001

8527
100000

8528
010000

8529
000100

8530
100000

8531
000010

8532
010000

8533
000001

8534
001000

8535
100000

8536
100000

8537
001000

8538
101001

8539
000001

8540
000001

8541
000100

8542
010000

8543
000010

8544
010000

8545
000110

8546
100000

8547
100100

8548
100000

8549
000001

8550
001000

8551
100000

8552
100001

8553
100000

8554
100000

8555
001000

8556
100000

8557
100000

8558
000100

8559
000001

8560
000001

8561
100000

8562
010000

8563
001000

8564
100000

8565
000100

8566
110000

8567
001000

8568
000001

8569
001000

8570
000010

8571
100000

8572
100000

8573
001000

8574
000001

8575
000001

8576
001000

8577
001000

8578
000100

8579
000010

8580
001000

8581
000100

8582
100000

8583
100000

8584
001000

8585
001000

8586
000001

8587
001000

8588
000001

8589
000100

8590
100001

8591
000100

8592
010000

8593
100000

8594
000001

8595
000010

8596
000100

8597
000100

8598
000001

8599
001000

8600
001000

8601
001000

8602
000010

8603
000001

8604
000100

8605
000010

8606
100000

8607
100000

8608
000010

8609
000010

8610
100000

8611
000010

8612
000001

8613
010010

8614
010000

8615
100000

8616
000100

8617
000101

8618
010000

8619
000010

8620
100000

8621
000010

8622
001000

8623
001000

8624
001000

8625
010000

8626
100000

8627
010000

8628
000100

8629
000100

8630
010000

8631
000100

8632
010000

8633
010000

8634
000010

8635
010000

8636
000001

8637
001000

8638
000100

8639
010000

8640
001000

8641
100000

8642
100000

8643
010000

8644
001000

8645
100000

8646
000100

8647
100000

8648
000100

8649
010000

8650
100010

8651
100000

8652
100000

8653
001000

8654
001000

8655
110000

8656
000010

8657
000001

8658
000001

8659
000010

8660
001010

8661
010000

8662
010000

8663
000001

8664
010100

8665
001000

8666
010000

8667
001001

8668
010000

8669
001000

8670
100000

8671
000010

8672
000100

8673
010000

8674
000100

8675
000001

8676
000100

8677
000010

8678
000010

8679
000010

8680
010000

8681
000001

8682
000001

8683
000001

8684
001000

8685
001000

8686
001000

8687
010000

8688
000001

8689
000010

8690
000001

8691
100000

8692
001000

8693
000001

8694
000100

8695
100000

8696
100000

8697
000001

8698
100000

8699
000100

8700
001000

8701
100000

8702
100000

8703
010000

8704
100010

8705
000010

8706
000100

8707
000010

8708
000010

8709
000010

8710
100000

8711
000100

8712
010000

8713
010000

8714
001000

8715
010000

8716
001000

8717
000001

8718
001000

8719
000010

8720
001000

8721
010000

8722
000001

8723
000010

8724
000010

8725
000001

8726
010000

8727
000010

8728
000010

8729
010000

8730
010000

8731
000001

8732
001000

8733
010000

8734
100000

8735
000010

8736
010000

8737
000010

8738
010000

8739
000010

8740
000100

8741
000010

8742
000100

8743
000100

8744
000010

8745
001000

8746
001000

8747
010000

8748
000010

8749
000010

8750
000001

8751
000010

8752
010000

8753
010000

8754
110000

8755
010010

8756
000100

8757
111111

8758
000010

8759
100000

8760
000010

8761
010000

8762
000100

8763
101100

8764
100000

8765
000001

8766
000100

8767
000001

8768
010100

8769
000100

8770
100000

8771
000100

8772
010000

8773
100000

8774
010000

8775
100000

8776
001000

8777
001000

8778
000001

8779
100000

8780
100000

8781
000100

8782
000010

8783
010000

8784
000100

8785
010000

8786
010000

8787
000001

8788
010000

8789
000001

8790
001000

8791
010000

8792
010000

8793
010000

8794
001000

8795
001000

8796
000001

8797
010000

8798
010000

8799
100000

8800
000100

8801
001000

8802
000010

8803
100000

8804
010000

8805
010000

8806
000100

8807
001110

8808
000001

8809
100000

8810
001000

8811
010000

8812
100000

8813
000100

8814
100000

8815
000001

8816
000010

8817
000001

8818
100000

8819
000001

8820
000001

8821
001000

8822
000001

8823
000001

8824
100000

8825
001000

8826
010000

8827
001000

8828
010000

8829
001000

8830
000001

8831
000010

8832
010000

8833
000100

8834
000001

8835
000001

8836
010000

8837
001000

8838
010000

8839
010000

8840
000001

8841
001000

8842
010001

8843
000001

8844
000010

8845
100000

8846
100000

8847
010000

8848
001000

8849
000100

8850
100000

8851
100000

8852
010000

8853
000100

8854
010000

8855
000100

8856
000100

8857
000010

8858
000010

8859
001000

8860
000001

8861
000010

8862
000001

8863
100000

8864
001000

8865
010000

8866
001000

8867
001000

8868
100000

8869
001000

8870
001000

8871
100000

8872
100000

8873
010000

8874
110100

8875
010000

8876
100010

8877
001000

8878
000001

8879
001000

8880
001000

8881
000101

8882
000001

8883
000001

8884
100000

8885
100100

8886
000100

8887
010000

8888
010100

8889
100000

8890
000100

8891
001000

8892
010000

8893
000001

8894
100000

8895
000001

8896
010000

8897
000001

8898
000010

8899
000100

8900
010000

8901
000010

8902
000100

8903
000001

8904
001001

8905
100000

8906
000010

8907
000010

8908
000010

8909
000001

8910
010000

8911
100000

8912
100000

8913
000001

8914
000010

8915
000001

8916
001000

8917
010000

8918
100000

8919
100000

8920
000010

8921
110000

8922
000001

8923
000100

8924
001000

8925
000100

8926
001000

8927
000100

8928
000100

8929
000010

8930
001000

8931
000010

8932
000100

8933
010000

8934
000010

8935
001000

8936
001001

8937
000001

8938
000010

8939
100000

8940
000010

8941
000010

8942
000010

8943
001000

8944
000001

8945
000100

8946
001000

8947
001000

8948
000010

8949
010000

8950
100000

8951
010000

8952
010000

8953
000100

8954
000100

8955
001010

8956
000001

8957
000100

8958
010000

8959
001000

8960
000111

8961
000001

8962
100000

8963
000001

8964
000100

8965
000100

8966
001000

8967
010000

8968
001000

8969
100000

8970
000001

8971
000010

8972
100000

8973
010001

8974
100000

8975
000010

8976
010000

8977
000010

8978
100000

8979
000010

8980
000100

8981
000001

8982
000010

8983
000100

8984
000100

8985
001000

8986
001000

8987
010000

8988
100000

8989
010000

8990
000100

8991
000100

8992
000100

8993
000010

8994
000100

8995
000001

8996
000100

8997
011000

8998
000010

8999
000010

9000
000001

9001
000010

9002
000010

9003
000010

9004
001000

9005
010000

9006
000001

9007
000100

9008
000010

9009
010000

9010
100000

9011
001000

9012
000100

9013
000010

9014
000010

9015
001000

9016
000100

9017
010000

9018
010000

9019
011000

9020
100000

9021
100000

9022
001000

9023
000100

9024
000100

9025
000001

9026
100000

9027
001000

9028
010000

9029
001000

9030
000100

9031
000010

9032
000100

9033
000001

9034
100000

9035
000001

9036
000010

9037
000100

9038
000010

9039
011100

9040
010000

9041
100000

9042
001000

9043
000010

9044
000010

9045
001000

9046
010101

9047
100000

9048
010000

9049
001000

9050
000001

9051
100100

9052
000001

9053
000001

9054
001000

9055
000100

9056
000001

9057
001000

9058
000100

9059
000001

9060
000010

9061
000001

9062
110000

9063
010000

9064
000010

9065
001000

9066
000100

9067
000001

9068
000001

9069
000010

9070
001000

9071
100000

9072
000001

9073
000100

9074
000100

9075
100000

9076
010000

9077
100000

9078
010000

9079
100000

9080
001000

9081
000100

9082
010000

9083
000100

9084
000001

9085
001000

9086
000001

9087
010000

9088
000001

9089
001000

9090
000010

9091
100100

9092
000001

9093
000001

9094
000100

9095
000010

9096
000001

9097
000100

9098
100000

9099
000010

9100
000001

9101
100000

9102
001000

9103
010000

9104
000100

9105
000001

9106
000001

9107
000010

9108
010000

9109
000100

9110
100000

9111
010000

9112
000001

9113
100000

9114
001000

9115
000001

9116
000010

9117
000100

9118
100000

9119
100000

9120
001000

9121
010000

9122
000010

9123
000010

9124
000001

9125
000011

9126
100000

9127
000010

9128
001000

9129
001000

9130
010000

9131
001000

9132
000100

9133
000100

9134
001000

9135
010000

9136
010000

9137
000100

9138
000010

9139
001000

9140
000010

9141
000100

9142
000010

9143
000010

9144
001000

9145
010000

9146
001000

9147
100000

9148
000001

9149
101001

9150
000001

9151
100000

9152
000001

9153
100010

9154
010000

9155
000010

9156
000001

9157
010000

9158
100000

9159
100000

9160
001000

9161
100100

9162
010000

9163
100000

9164
001000

9165
000001

9166
000001

9167
000010

9168
000010

9169
000001

9170
100000

9171
010000

9172
000010

9173
100000

9174
100000

9175
000001

9176
001000

9177
001000

9178
000010

9179
000001

9180
010000

9181
001000

9182
001000

9183
010000

9184
001000

9185
100000

9186
001000

9187
001000

9188
000010

9189
010000

9190
000001

9191
000001

9192
000001

9193
000001

9194
010000

9195
000001

9196
100000

9197
001000

9198
100000

9199
000101

9200
000010

9201
001000

9202
000100

9203
010000

9204
001000

9205
000100

9206
100000

9207
100000

9208
001000

9209
010100

9210
000010

9211
010000

9212
010000

9213
010000

9214
010000

9215
001000

9216
001000

9217
000010

9218
000010

9219
000010

9220
000100

9221
000100

9222
010000

9223
010000

9224
000010

9225
000100

9226
010000

9227
100000

9228
010000

9229
100000

9230
000010

9231
001000

9232
000100

9233
001000

9234
000100

9235
000010

9236
001000

9237
000010

9238
000100

9239
010000

9240
001000

9241
100010

9242
000010

9243
001000

9244
000010

9245
000010

9246
001000

9247
001000

9248
000010

9249
000001

9250
000001

9251
000100

9252
000100

9253
000010

9254
000001

9255
010000

9256
000010

9257
010010

9258
000100

9259
010000

9260
010100

9261
100000

9262
000001

9263
001000

9264
001000

9265
000001

9266
000100

9267
100000

9268
000001

9269
010100

9270
010000

9271
000010

9272
010000

9273
001000

9274
000100

9275
000010

9276
010000

9277
000010

9278
001000

9279
000100

9280
001000

9281
000010

9282
001000

9283
000100

9284
001000

9285
010000

9286
100000

9287
001000

9288
000100

9289
010000

9290
000100

9291
001000

9292
000001

9293
010000

9294
000001

9295
100000

9296
001000

9297
000001

9298
000001

9299
000100

9300
010000

9301
000001

9302
000001

9303
000001

9304
100010

9305
000100

9306
100000

9307
000010

9308
100000

9309
001100

9310
100000

9311
000010

9312
010000

9313
100000

9314
000100

9315
000001

9316
000010

9317
000010

9318
010000

9319
000100

9320
100000

9321
000100

9322
001000

9323
000100

9324
000001

9325
010000

9326
000001

9327
010000

9328
100000

9329
001000

9330
000100

9331
000001

9332
000010

9333
000010

9334
100000

9335
100000

9336
000010

9337
001000

9338
100000

9339
001000

9340
000100

9341
000010

9342
000100

9343
001000

9344
100000

9345
000100

9346
000100

9347
100000

9348
000001

9349
000001

9350
100100

9351
010000

9352
011000

9353
000010

9354
000010

9355
000100

9356
001000

9357
100000

9358
000010

9359
000100

9360
001000

9361
000001

9362
100100

9363
000001

9364
001001

9365
010000

9366
000001

9367
010000

9368
010010

9369
001000

9370
010100

9371
100000

9372
001000

9373
010000

9374
000001

9375
001000

9376
000100

9377
001000

9378
001000

9379
000001

9380
000010

9381
000001

9382
001000

9383
000100

9384
000001

9385
001000

9386
001000

9387
010000

9388
000010

9389
000010

9390
001000

9391
000001

9392
000010

9393
100000

9394
000001

9395
100000

9396
110000

9397
000001

9398
000010

9399
000010

9400
000100

9401
000100

9402
000001

9403
000100

9404
000100

9405
010000

9406
000010

9407
000100

9408
000001

9409
000001

9410
010000

9411
001000

9412
000001

9413
100000

9414
010000

9415
010100

9416
000001

9417
000001

9418
100100

9419
001000

9420
000001

9421
000001

9422
010000

9423
001000

9424
000100

9425
000100

9426
010000

9427
000010

9428
000010

9429
000100

9430
000001

9431
010000

9432
010000

9433
001000

9434
100000

9435
001000

9436
000100

9437
100000

9438
100000

9439
000010

9440
000100

9441
000010

9442
001000

9443
100000

9444
100000

9445
000010

9446
000010

9447
000010

9448
000001

9449
000001

9450
000001

9451
000100

9452
000001

9453
001000

9454
000010

9455
010000

9456
100000

9457
001000

9458
000100

9459
010000

9460
000010

9461
000100

9462
000010

9463
001000

9464
100000

9465
000100

9466
010000

9467
001000

9468
100000

9469
000001

9470
000100

9471
000010

9472
010000

9473
001000

9474
000010

9475
000010

9476
000001

9477
010000

9478
100000

9479
100000

9480
001000

9481
000100

9482
000001

9483
001000

9484
000001

9485
000010

9486
000001

9487
010000

9488
001000

9489
010000

9490
001010

9491
001000

9492
001000

9493
000010

9494
100000

9495
000001

9496
000010

9497
001000

9498
001000

9499
100000

9500
000001

9501
000001

9502
000010

9503
100000

9504
001000

9505
010000

9506
100001

9507
000001

9508
010000

9509
000010

9510
010000

9511
100000

9512
001000

9513
100000

9514
100000

9515
000010

9516
010100

9517
010000

9518
001000

9519
000100

9520
000001

9521
010000

9522
000001

9523
000010

9524
100000

9525
111111

9526
000010

9527
010000

9528
110000

9529
001000

9530
010100

9531
100000

9532
100000

9533
010000

9534
000100

9535
100000

9536
000010

9537
100000

9538
000010

9539
000101

9540
001001

9541
010000

9542
000100

9543
000001

9544
000001

9545
000001

9546
100000

9547
000010

9548
010000

9549
000101

9550
100000

9551
000001

9552
000010

9553
100000

9554
000100

9555
000010

9556
010000

9557
001000

9558
000001

9559
001000

9560
000001

9561
000010

9562
010000

9563
001000

9564
100000

9565
000100

9566
000001

9567
001000

9568
100000

9569
000100

9570
000010

9571
000001

9572
100000

9573
100000

9574
100000

9575
010000

9576
001000

9577
001000

9578
000001

9579
000001

9580
001000

9581
000001

9582
001000

9583
010000

9584
001000

9585
000100

9586
100000

9587
000010

9588
000010

9589
000100

9590
000100

9591
000010

9592
000010

9593
010000

9594
000010

9595
000010

9596
000100

9597
000001

9598
001000

9599
000010

9600
100000

9601
001000

9602
000010

9603
000001

9604
000010

9605
000010

9606
100000

9607
000100

9608
000001

9609
000010

9610
010000

9611
000100

9612
001000

9613
000010

9614
100000

9615
010000

9616
000100

9617
100000

9618
010000

9619
000100

9620
000001

9621
010000

9622
000001

9623
000100

9624
000100

9625
100000

9626
000100

9627
000110

9628
100000

9629
010000

9630
100000

9631
010000

9632
000010

9633
000001

9634
001000

9635
000010

9636
000100

9637
000100

9638
100001

9639
100000

9640
000001

9641
010000

9642
000011

9643
000100

9644
000001

9645
000010

9646
000100

9647
000100

9648
001001

9649
100001

9650
000010

9651
100000

9652
010000

9653
001000

9654
100000

9655
100000

9656
100000

9657
010100

9658
000010

9659
100000

9660
000111

9661
000010

9662
100000

9663
000011

9664
000100

9665
000001

9666
000001

9667
000010

9668
000001

9669
001100

9670
000001

9671
000010

9672
000010

9673
000100

9674
010000

9675
000010

9676
010000

9677
010000

9678
010000

9679
100000

9680
001000

9681
100000

9682
001000

9683
100000

9684
010000

9685
100000

9686
001000

9687
000001

9688
000100

9689
000001

9690
000010

9691
100000

9692
000100

9693
000100

9694
000001

9695
010000

9696
000010

9697
010000

9698
000100

9699
100000

9700
000010

9701
000010

9702
100000

9703
000001

9704
110000

9705
100000

9706
000001

9707
000010

9708
010000

9709
001100

9710
100000

9711
000100

9712
010000

9713
000010

9714
000011

9715
100000

9716
000100

9717
000010

9718
100000

9719
001010

9720
000010

9721
000001

9722
100000

9723
100000

9724
010000

9725
000100

9726
000001

9727
000010

9728
000010

9729
000001

9730
010000

9731
000001

9732
000010

9733
000010

9734
000010

9735
000010

9736
001000

9737
100000

9738
000011

9739
100000

9740
000001

9741
000001

9742
010000

9743
010000

9744
000010

9745
000100

9746
100000

9747
000001

9748
000100

9749
000100

9750
000100

9751
100000

9752
000010

9753
001000

9754
001000

9755
000100

9756
100000

9757
001000

9758
010000

9759
110000

9760
010000

9761
010000

9762
010000

9763
100000

9764
000001

9765
010000

9766
100000

9767
000010

9768
001000

9769
001000

9770
000001

9771
100000

9772
000010

9773
001000

9774
000001

9775
001000

9776
000100

9777
000010

9778
000110

9779
000010

9780
100000

9781
000010

9782
010000

9783
001000

9784
000100

9785
010000

9786
010000

9787
010000

9788
001000

9789
000001

9790
000100

9791
001000

9792
100000

9793
001000

9794
001000

9795
010000

9796
010001

9797
000010

9798
000010

9799
000100

9800
000001

9801
000001

9802
000010

9803
000100

9804
000001

9805
010000

9806
100000

9807
001000

9808
000010

9809
010000

9810
000001

9811
100000

9812
000001

9813
001000

9814
100001

9815
001000

9816
000001

9817
000100

9818
000010

9819
000001

9820
000001

9821
100000

9822
000100

9823
010000

9824
001000

9825
000100

9826
001000

9827
000011

9828
000100

9829
000100

9830
000001

9831
000010

9832
000010

9833
000100

9834
000100

9835
000001

9836
000010

9837
000010

9838
010000

9839
001000

9840
100000

9841
000010

9842
100000

9843
001000

9844
010000

9845
000001

9846
110000

9847
001000

9848
000011

9849
010000

9850
001000

9851
000001

9852
010000

9853
000001

9854
001000

9855
100000

9856
000010

9857
000100

9858
000010

9859
100000

9860
000001

9861
001000

9862
100000

9863
000010

9864
000100

9865
011000

9866
010000

9867
001000

9868
000010

9869
001000

9870
000001

9871
100000

9872
010000

9873
000010

9874
001000

9875
001000

9876
000010

9877
010000

9878
010000

9879
000010

9880
000001

9881
000010

9882
000010

9883
000010

9884
010000

9885
100000

9886
000100

9887
000010

9888
000001

9889
000100

9890
000100

9891
100000

9892
010000

9893
001000

9894
000001

9895
000001

9896
010000

9897
100000

9898
000001

9899
000100

9900
000001

9901
010001

9902
000010

9903
000001

9904
010000

9905
001100

9906
000010

9907
100000

9908
000100

9909
000100

9910
000001

9911
010000

9912
000001

9913
010000

9914
001000

9915
000100

9916
001010

9917
000001

9918
000100

9919
000010

9920
001000

9921
000010

9922
000001

9923
000010

9924
001000

9925
000010

9926
000010

9927
010000

9928
001001

9929
001000

9930
000100

9931
100000

9932
000100

9933
000001

9934
010000

9935
100000

9936
101000

9937
010000

9938
010000

9939
010000

9940
001000

9941
000010

9942
001000

9943
001000

9944
100000

9945
001000

9946
000100

9947
100000

9948
001000

9949
001000

9950
100000

9951
010100

9952
100000

9953
000100

9954
001000

9955
000010

9956
000001

9957
000010

9958
100000

9959
000010

9960
000010

9961
000010

9962
000001

9963
100000

9964
000100

9965
100000

9966
000100

9967
000001

9968
100000

9969
000100

9970
000001

9971
000001

9972
000010

9973
000001

9974
000100

9975
000010

9976
001010

9977
100100

9978
001000

9979
010000

9980
010000

9981
100000

9982
010000

9983
000010

9984
010000

9985
001000

9986
000100

9987
000100

9988
000100

9989
100010

9990
000001

9991
010000

9992
100000

9993
000001

9994
000001

9995
100000

9996
000100

9997
100000

9998
001000

9999
100000

