10000

0
00001

1
01000

2
01000

3
01000

4
00001

5
00100

6
00010

7
00100

8
00010

9
00100

10
00010

11
00001

12
10000

13
01000

14
01010

15
00001

16
00010

17
01000

18
01000

19
10000

20
00001

21
00010

22
00010

23
00001

24
01000

25
00100

26
01001

27
00100

28
00100

29
00010

30
00010

31
00010

32
00100

33
00001

34
00011

35
00100

36
00001

37
00010

38
01000

39
10000

40
00100

41
10000

42
01000

43
00010

44
00001

45
01000

46
00001

47
00100

48
10000

49
10000

50
00100

51
01010

52
01000

53
00100

54
00100

55
00100

56
01000

57
01000

58
00100

59
10000

60
00100

61
10000

62
01000

63
01000

64
10000

65
10000

66
01000

67
00100

68
10000

69
00010

70
00001

71
10000

72
00100

73
00100

74
00001

75
00010

76
00010

77
10000

78
10000

79
00100

80
10000

81
10000

82
10100

83
00100

84
00100

85
00001

86
00100

87
00010

88
01000

89
00010

90
00100

91
01000

92
00001

93
00100

94
00010

95
00100

96
00100

97
00100

98
00110

99
01000

100
01000

101
00010

102
00001

103
01000

104
00100

105
00110

106
00010

107
01000

108
00001

109
00010

110
10000

111
01000

112
10000

113
00100

114
00100

115
01000

116
01000

117
00001

118
00100

119
00100

120
00010

121
00100

122
00001

123
00001

124
00010

125
00001

126
00100

127
10000

128
00101

129
00100

130
00001

131
00100

132
00100

133
01000

134
00001

135
00001

136
00001

137
00100

138
00100

139
10000

140
00001

141
00100

142
00001

143
00101

144
01000

145
10000

146
01000

147
01000

148
10000

149
10000

150
00001

151
00010

152
00010

153
00010

154
00100

155
00001

156
00010

157
01000

158
10000

159
01010

160
10000

161
00100

162
01000

163
00010

164
00010

165
00100

166
00100

167
00101

168
00010

169
00010

170
00100

171
00100

172
00010

173
10000

174
00100

175
00010

176
10000

177
00100

178
10000

179
01000

180
10000

181
01000

182
01100

183
00001

184
00001

185
00100

186
00010

187
00100

188
00011

189
10000

190
00001

191
00001

192
00010

193
00001

194
00100

195
00100

196
01000

197
10000

198
01000

199
00001

200
00010

201
00100

202
01000

203
00010

204
10000

205
00010

206
00010

207
00001

208
10000

209
01000

210
10000

211
10000

212
00010

213
00010

214
00001

215
01000

216
01100

217
00100

218
00010

219
00001

220
00100

221
01000

222
00001

223
00110

224
01000

225
00001

226
10000

227
00100

228
00001

229
00100

230
01000

231
00011

232
10001

233
01000

234
00010

235
00010

236
10000

237
00100

238
10000

239
01000

240
00010

241
00100

242
00010

243
01000

244
00010

245
00010

246
00100

247
00110

248
00100

249
01000

250
01000

251
10000

252
01000

253
00010

254
00001

255
01000

256
00010

257
00100

258
00100

259
00010

260
10000

261
10000

262
00001

263
00010

264
01000

265
10000

266
00001

267
00010

268
00100

269
00001

270
00010

271
00001

272
00100

273
00010

274
00100

275
00010

276
00010

277
00100

278
00001

279
00100

280
01000

281
00010

282
00001

283
00100

284
00001

285
00010

286
01000

287
10000

288
00001

289
00010

290
00010

291
00010

292
00111

293
10000

294
01000

295
00100

296
00001

297
00001

298
00010

299
01000

300
01000

301
00001

302
00100

303
10000

304
00010

305
01000

306
00100

307
00001

308
01000

309
10000

310
00100

311
10000

312
01000

313
00010

314
00001

315
00001

316
00010

317
01000

318
00001

319
00010

320
01000

321
00100

322
00010

323
10000

324
00010

325
00010

326
00100

327
10000

328
00010

329
01000

330
01000

331
00001

332
01000

333
10000

334
00001

335
00011

336
00100

337
10000

338
00101

339
00001

340
00001

341
10010

342
10000

343
10100

344
00010

345
00010

346
00100

347
01000

348
00010

349
00010

350
00100

351
00010

352
00001

353
00100

354
01000

355
01000

356
01000

357
00001

358
10000

359
00001

360
10000

361
01000

362
00100

363
01000

364
00010

365
00100

366
10000

367
10000

368
10000

369
10000

370
00010

371
00100

372
10000

373
00010

374
10001

375
10000

376
00001

377
01000

378
01000

379
10000

380
11000

381
10000

382
01000

383
10000

384
00001

385
01000

386
00001

387
00100

388
00001

389
10001

390
00100

391
00001

392
01000

393
00001

394
11111

395
01000

396
00001

397
01000

398
00100

399
00100

400
00001

401
10000

402
01000

403
00100

404
00001

405
01000

406
00011

407
00101

408
00100

409
00100

410
10000

411
00010

412
00001

413
00010

414
01000

415
00100

416
00100

417
00100

418
01000

419
01000

420
00010

421
00001

422
00100

423
00101

424
10000

425
10000

426
00001

427
01000

428
00001

429
00100

430
10000

431
10000

432
00001

433
00010

434
00001

435
00100

436
10000

437
00001

438
00100

439
10000

440
01000

441
00100

442
00100

443
00010

444
00010

445
01000

446
10000

447
01000

448
10000

449
00100

450
00010

451
01000

452
00010

453
10000

454
10000

455
00100

456
01000

457
00010

458
00010

459
00001

460
00100

461
00001

462
10000

463
10000

464
01000

465
00100

466
01000

467
01000

468
01000

469
01000

470
00100

471
00010

472
00001

473
01000

474
00001

475
00100

476
00100

477
01000

478
01000

479
01000

480
00010

481
00100

482
00001

483
00001

484
00001

485
00010

486
01000

487
10000

488
00100

489
10000

490
00001

491
10000

492
00100

493
01000

494
00100

495
00100

496
10000

497
00010

498
00100

499
00001

500
00001

501
00001

502
00001

503
01000

504
01000

505
00100

506
01000

507
00001

508
01000

509
00001

510
00010

511
01000

512
00100

513
10000

514
10001

515
01000

516
10000

517
01000

518
10000

519
10000

520
00010

521
10010

522
10100

523
00010

524
01000

525
00010

526
00100

527
00010

528
00010

529
01000

530
01000

531
01000

532
10000

533
00010

534
10000

535
10000

536
01000

537
01000

538
10000

539
00100

540
00001

541
00010

542
01000

543
00010

544
01100

545
00100

546
10000

547
00100

548
00100

549
01100

550
00010

551
01000

552
00100

553
01000

554
00100

555
00100

556
01000

557
01000

558
10000

559
01010

560
10000

561
10000

562
00010

563
00010

564
00010

565
00010

566
00001

567
01000

568
01000

569
00010

570
00010

571
00010

572
10000

573
10000

574
00010

575
01000

576
10000

577
00100

578
10000

579
01000

580
01000

581
01000

582
00010

583
00010

584
10001

585
00001

586
00001

587
00010

588
00001

589
00001

590
00010

591
00100

592
00010

593
01000

594
00100

595
01000

596
00100

597
01000

598
00001

599
00001

600
00001

601
01000

602
10000

603
01000

604
00001

605
00100

606
00010

607
01000

608
10000

609
00010

610
01000

611
01010

612
10000

613
10000

614
01000

615
01000

616
01000

617
00001

618
00100

619
00001

620
00001

621
01000

622
00001

623
10000

624
10000

625
10000

626
01000

627
10000

628
00011

629
10000

630
00010

631
00001

632
01000

633
01000

634
00001

635
10000

636
01000

637
00100

638
01000

639
10000

640
00100

641
10000

642
00001

643
00010

644
10000

645
00100

646
00100

647
00001

648
10000

649
00001

650
01000

651
00100

652
01000

653
01000

654
00001

655
00100

656
00010

657
00001

658
00100

659
00010

660
10000

661
01000

662
10000

663
01000

664
00010

665
00010

666
00001

667
01000

668
00010

669
00010

670
00001

671
00001

672
01000

673
00001

674
00100

675
00001

676
00010

677
01000

678
00100

679
00100

680
01000

681
10000

682
00100

683
01000

684
00100

685
00100

686
00010

687
01000

688
01000

689
10000

690
10000

691
00010

692
00001

693
10000

694
00010

695
00010

696
10000

697
00100

698
10000

699
10000

700
00100

701
00001

702
00100

703
00100

704
01000

705
10000

706
00001

707
00001

708
00001

709
01000

710
00001

711
10100

712
00100

713
00100

714
01000

715
10000

716
00100

717
10000

718
10000

719
00100

720
10000

721
00010

722
01000

723
10000

724
00001

725
10000

726
00010

727
00100

728
00010

729
00100

730
00010

731
00010

732
00010

733
01000

734
01000

735
00100

736
00010

737
00010

738
10000

739
00010

740
10000

741
00010

742
01000

743
00010

744
10000

745
00100

746
01000

747
00001

748
10000

749
00001

750
00001

751
10000

752
00100

753
00010

754
00010

755
00001

756
00100

757
01000

758
00100

759
00001

760
00010

761
00100

762
01011

763
00001

764
00010

765
01000

766
00011

767
00011

768
01000

769
00100

770
10000

771
10000

772
01000

773
10000

774
00010

775
00110

776
10000

777
01000

778
10000

779
00010

780
00001

781
00101

782
00010

783
00001

784
00001

785
00100

786
00001

787
00100

788
10000

789
00100

790
00100

791
10000

792
00100

793
00100

794
00010

795
10000

796
10000

797
01000

798
10000

799
00010

800
00100

801
01000

802
00010

803
00100

804
10000

805
00100

806
00001

807
00001

808
00001

809
00010

810
10000

811
00010

812
01000

813
00010

814
10000

815
00010

816
00100

817
00100

818
10000

819
01000

820
00100

821
00001

822
11000

823
00001

824
10000

825
00001

826
00001

827
00100

828
00001

829
01000

830
00001

831
00100

832
00100

833
00100

834
00100

835
10000

836
00010

837
00010

838
00010

839
01000

840
00100

841
00001

842
00010

843
01000

844
00010

845
01000

846
00100

847
00100

848
10000

849
00100

850
10000

851
01000

852
01000

853
01000

854
00010

855
10000

856
01000

857
00100

858
01000

859
10000

860
00100

861
00001

862
00001

863
00001

864
01000

865
10000

866
01000

867
00010

868
01000

869
00001

870
10000

871
00001

872
00001

873
00001

874
00100

875
10000

876
10010

877
00010

878
00100

879
10000

880
00100

881
01000

882
00100

883
00010

884
01000

885
00001

886
01000

887
10000

888
00100

889
01000

890
00001

891
01000

892
10100

893
00010

894
00100

895
10000

896
00001

897
00001

898
00100

899
00010

900
01000

901
00010

902
00001

903
01000

904
00010

905
00010

906
11000

907
00100

908
00100

909
10000

910
10000

911
10000

912
00010

913
10000

914
00110

915
00100

916
00010

917
00001

918
01000

919
00001

920
01000

921
01000

922
00001

923
00010

924
00010

925
00010

926
00100

927
01000

928
01100

929
00010

930
10000

931
00001

932
10000

933
00001

934
10000

935
00001

936
00100

937
10000

938
10001

939
01010

940
00010

941
00001

942
10100

943
10000

944
00100

945
10000

946
01000

947
01000

948
01000

949
00100

950
00001

951
00100

952
10000

953
10000

954
00001

955
01000

956
00001

957
10010

958
00010

959
00010

960
00010

961
01000

962
00100

963
00001

964
01000

965
00001

966
00100

967
00001

968
10000

969
00010

970
00010

971
10000

972
00001

973
00100

974
00100

975
10000

976
00100

977
01000

978
00100

979
00010

980
00001

981
00010

982
01000

983
01001

984
00001

985
00100

986
00001

987
00101

988
00100

989
00100

990
01000

991
00100

992
00100

993
00010

994
10000

995
10000

996
10000

997
00001

998
00010

999
10000

1000
00010

1001
00010

1002
10000

1003
00100

1004
01000

1005
00100

1006
00010

1007
01000

1008
01000

1009
01000

1010
00001

1011
00001

1012
00001

1013
01000

1014
00010

1015
01000

1016
10000

1017
10000

1018
00100

1019
00001

1020
10000

1021
00001

1022
00010

1023
00010

1024
01000

1025
10000

1026
10000

1027
10000

1028
00010

1029
01100

1030
10000

1031
10000

1032
00001

1033
00010

1034
00100

1035
10000

1036
00100

1037
00001

1038
01000

1039
01000

1040
00010

1041
00100

1042
00010

1043
00010

1044
00001

1045
00001

1046
00001

1047
10000

1048
00100

1049
00001

1050
00010

1051
00010

1052
00001

1053
10000

1054
00010

1055
00100

1056
00001

1057
01000

1058
00010

1059
00001

1060
00010

1061
00100

1062
00010

1063
10000

1064
00100

1065
00010

1066
00001

1067
00010

1068
10000

1069
00010

1070
10000

1071
00001

1072
00100

1073
01000

1074
00100

1075
01000

1076
10000

1077
00100

1078
10000

1079
01000

1080
00001

1081
11000

1082
00010

1083
10000

1084
10000

1085
00100

1086
00001

1087
01000

1088
00001

1089
00100

1090
00010

1091
00001

1092
00001

1093
01000

1094
10000

1095
00100

1096
10000

1097
00101

1098
00101

1099
10000

1100
00001

1101
00001

1102
00100

1103
00010

1104
00010

1105
00010

1106
00100

1107
00001

1108
00001

1109
00010

1110
00100

1111
00100

1112
01000

1113
01000

1114
01000

1115
00100

1116
01000

1117
00100

1118
00100

1119
00001

1120
00010

1121
00100

1122
00010

1123
00001

1124
00100

1125
00100

1126
00100

1127
00010

1128
10000

1129
11010

1130
01000

1131
11111

1132
10001

1133
00010

1134
01000

1135
00100

1136
00001

1137
00001

1138
10000

1139
00010

1140
00100

1141
00100

1142
00010

1143
00010

1144
00100

1145
10000

1146
01000

1147
00001

1148
00010

1149
00100

1150
01000

1151
01000

1152
01000

1153
00100

1154
00100

1155
00001

1156
01000

1157
00100

1158
00100

1159
00100

1160
00010

1161
00010

1162
00010

1163
00010

1164
10000

1165
00001

1166
01010

1167
10000

1168
01000

1169
00100

1170
00010

1171
01001

1172
10000

1173
11000

1174
10000

1175
00010

1176
00010

1177
10000

1178
00100

1179
00100

1180
00100

1181
00001

1182
00100

1183
00010

1184
00001

1185
10000

1186
10000

1187
00100

1188
00010

1189
00100

1190
01000

1191
00010

1192
00100

1193
00100

1194
00100

1195
00010

1196
10000

1197
00001

1198
00010

1199
01000

1200
00010

1201
10000

1202
00010

1203
01000

1204
00001

1205
01010

1206
10000

1207
00001

1208
10000

1209
00001

1210
00010

1211
01000

1212
00001

1213
00100

1214
10000

1215
00010

1216
00100

1217
10000

1218
00010

1219
10000

1220
01000

1221
01000

1222
00001

1223
01000

1224
10000

1225
00001

1226
00110

1227
00010

1228
00100

1229
00100

1230
10000

1231
00001

1232
00001

1233
00010

1234
00001

1235
00001

1236
01000

1237
10000

1238
00001

1239
00001

1240
10000

1241
10000

1242
10000

1243
00001

1244
00001

1245
00010

1246
00100

1247
10000

1248
00100

1249
00010

1250
00010

1251
10000

1252
00100

1253
10000

1254
00010

1255
00100

1256
00100

1257
00010

1258
00100

1259
00001

1260
00001

1261
00100

1262
00010

1263
00001

1264
00001

1265
00010

1266
00100

1267
01000

1268
01000

1269
01000

1270
00001

1271
00100

1272
00010

1273
01000

1274
10000

1275
01000

1276
01000

1277
00100

1278
10000

1279
00100

1280
01000

1281
00010

1282
00010

1283
00100

1284
01000

1285
10000

1286
00100

1287
10000

1288
00100

1289
00001

1290
00100

1291
01000

1292
00001

1293
01000

1294
00001

1295
00010

1296
01000

1297
00100

1298
00010

1299
01000

1300
10000

1301
00100

1302
01000

1303
00010

1304
00010

1305
00100

1306
00100

1307
10000

1308
11000

1309
01000

1310
00100

1311
00010

1312
00001

1313
00001

1314
00010

1315
00110

1316
00001

1317
01000

1318
00100

1319
00001

1320
01000

1321
00001

1322
01000

1323
01000

1324
00010

1325
00001

1326
00010

1327
01000

1328
00100

1329
10000

1330
01000

1331
00100

1332
01000

1333
10000

1334
00010

1335
00100

1336
00001

1337
00100

1338
00010

1339
00010

1340
00100

1341
01010

1342
00100

1343
00010

1344
01000

1345
01000

1346
10000

1347
00010

1348
00010

1349
01000

1350
00100

1351
01010

1352
10000

1353
10000

1354
00001

1355
00100

1356
10000

1357
00001

1358
10000

1359
01000

1360
10000

1361
10000

1362
10000

1363
01000

1364
10010

1365
01100

1366
00001

1367
00100

1368
00010

1369
10001

1370
01010

1371
10000

1372
00111

1373
00010

1374
01000

1375
00010

1376
00100

1377
00010

1378
00100

1379
00100

1380
10000

1381
10000

1382
00001

1383
00001

1384
00100

1385
01100

1386
00001

1387
00100

1388
10000

1389
00100

1390
00100

1391
00001

1392
00001

1393
00010

1394
01000

1395
00100

1396
00001

1397
00001

1398
00100

1399
00100

1400
01000

1401
00010

1402
00001

1403
00100

1404
00001

1405
10000

1406
10000

1407
10000

1408
10000

1409
10000

1410
10000

1411
10000

1412
10000

1413
00001

1414
00100

1415
01000

1416
10000

1417
10000

1418
10010

1419
00100

1420
00001

1421
10000

1422
00001

1423
10000

1424
01000

1425
00100

1426
00010

1427
01000

1428
10000

1429
00110

1430
00100

1431
00001

1432
00001

1433
01000

1434
00010

1435
00101

1436
00100

1437
01100

1438
00010

1439
01000

1440
10000

1441
00010

1442
10000

1443
10000

1444
00001

1445
00010

1446
01000

1447
10000

1448
00001

1449
00001

1450
00001

1451
00001

1452
00001

1453
00100

1454
01000

1455
00100

1456
00100

1457
00001

1458
00001

1459
01000

1460
10000

1461
00100

1462
00001

1463
10000

1464
00100

1465
00001

1466
10000

1467
00010

1468
00100

1469
00101

1470
00001

1471
00010

1472
00100

1473
00001

1474
00001

1475
10100

1476
00001

1477
01001

1478
00001

1479
00010

1480
00100

1481
00100

1482
01000

1483
01000

1484
00001

1485
01000

1486
00001

1487
00001

1488
01000

1489
01000

1490
10000

1491
01000

1492
00100

1493
00100

1494
00001

1495
10001

1496
00001

1497
10000

1498
00110

1499
00001

1500
10000

1501
00001

1502
01000

1503
01000

1504
10000

1505
01001

1506
01000

1507
10000

1508
00010

1509
00100

1510
00001

1511
00001

1512
01000

1513
10000

1514
00100

1515
01000

1516
00100

1517
10000

1518
10000

1519
00100

1520
00100

1521
00010

1522
00010

1523
01000

1524
00010

1525
00010

1526
00100

1527
01000

1528
00001

1529
11000

1530
00010

1531
00001

1532
00100

1533
00001

1534
00010

1535
00010

1536
00010

1537
01000

1538
00100

1539
00001

1540
10000

1541
00010

1542
00010

1543
11100

1544
00001

1545
00010

1546
00010

1547
00001

1548
00100

1549
00100

1550
00010

1551
01000

1552
01000

1553
00001

1554
10000

1555
00010

1556
00001

1557
10000

1558
00001

1559
01000

1560
10000

1561
01000

1562
00001

1563
01000

1564
00001

1565
01000

1566
00100

1567
00001

1568
10000

1569
10000

1570
00101

1571
00100

1572
00010

1573
10000

1574
10000

1575
00001

1576
00010

1577
00100

1578
01000

1579
01000

1580
00010

1581
00001

1582
00010

1583
00011

1584
00010

1585
01000

1586
10000

1587
01000

1588
00100

1589
00001

1590
01000

1591
01000

1592
00100

1593
00010

1594
00100

1595
01000

1596
00100

1597
00001

1598
01000

1599
00100

1600
01000

1601
00100

1602
00101

1603
00100

1604
10000

1605
01000

1606
01000

1607
00001

1608
10000

1609
00001

1610
00100

1611
10000

1612
00010

1613
01100

1614
10000

1615
00010

1616
01000

1617
10000

1618
01000

1619
00001

1620
00001

1621
01000

1622
00010

1623
01000

1624
00001

1625
00001

1626
01000

1627
00001

1628
00001

1629
00001

1630
00010

1631
00010

1632
10000

1633
10000

1634
00110

1635
00010

1636
01000

1637
10000

1638
00001

1639
01000

1640
00010

1641
01000

1642
01000

1643
00010

1644
00001

1645
00100

1646
00010

1647
00010

1648
01000

1649
00001

1650
00010

1651
00001

1652
01000

1653
00001

1654
00001

1655
01000

1656
01000

1657
00100

1658
10100

1659
10000

1660
10100

1661
00100

1662
00100

1663
10000

1664
00100

1665
00010

1666
00100

1667
10000

1668
00101

1669
00100

1670
01000

1671
00100

1672
00010

1673
10000

1674
01000

1675
00010

1676
01001

1677
00100

1678
10000

1679
10011

1680
00010

1681
00010

1682
00100

1683
10000

1684
00010

1685
01000

1686
00100

1687
00100

1688
00010

1689
00001

1690
00001

1691
10000

1692
00001

1693
01000

1694
10000

1695
00001

1696
01000

1697
01000

1698
00001

1699
10000

1700
00010

1701
00001

1702
00100

1703
01000

1704
01000

1705
11111

1706
00100

1707
00100

1708
01000

1709
00001

1710
11000

1711
10000

1712
01000

1713
10000

1714
00010

1715
00010

1716
00100

1717
00100

1718
10000

1719
00010

1720
01000

1721
00010

1722
00100

1723
01000

1724
00010

1725
10000

1726
10000

1727
00001

1728
10000

1729
00001

1730
10000

1731
00001

1732
00001

1733
00100

1734
00001

1735
00100

1736
00100

1737
00100

1738
01000

1739
00001

1740
00001

1741
10000

1742
01000

1743
10000

1744
00010

1745
10000

1746
01000

1747
00010

1748
10000

1749
00010

1750
00100

1751
00100

1752
00010

1753
00001

1754
00101

1755
00100

1756
00010

1757
00100

1758
10000

1759
10000

1760
11111

1761
00100

1762
10000

1763
00100

1764
10000

1765
00001

1766
10000

1767
01000

1768
10100

1769
00010

1770
01000

1771
00001

1772
10110

1773
00100

1774
00010

1775
01000

1776
10000

1777
01000

1778
00010

1779
00001

1780
00001

1781
10000

1782
00010

1783
00001

1784
00001

1785
00010

1786
00010

1787
00100

1788
00010

1789
00001

1790
00001

1791
00010

1792
10001

1793
01000

1794
10000

1795
00100

1796
00010

1797
01000

1798
10000

1799
00001

1800
01000

1801
10110

1802
00100

1803
00010

1804
10000

1805
01000

1806
01000

1807
00100

1808
00100

1809
10000

1810
00010

1811
10000

1812
10000

1813
00001

1814
10000

1815
00010

1816
01000

1817
00001

1818
01000

1819
00001

1820
00100

1821
01010

1822
00100

1823
00010

1824
00001

1825
00010

1826
00001

1827
10000

1828
10000

1829
00100

1830
11100

1831
00010

1832
00001

1833
00100

1834
00001

1835
00010

1836
01000

1837
00100

1838
00100

1839
01000

1840
00001

1841
00001

1842
00001

1843
10000

1844
01000

1845
10000

1846
00001

1847
00010

1848
00001

1849
10001

1850
01000

1851
10110

1852
00100

1853
00010

1854
10000

1855
01000

1856
10000

1857
10000

1858
00010

1859
00010

1860
00010

1861
10000

1862
00100

1863
00100

1864
01000

1865
00001

1866
00100

1867
10000

1868
00100

1869
10000

1870
10100

1871
10000

1872
00100

1873
00100

1874
00001

1875
00100

1876
00001

1877
01000

1878
00010

1879
10000

1880
01000

1881
01000

1882
00010

1883
10000

1884
00010

1885
00010

1886
10000

1887
00010

1888
00010

1889
10000

1890
10000

1891
00100

1892
10000

1893
01000

1894
00100

1895
10101

1896
01000

1897
00100

1898
01000

1899
00100

1900
00001

1901
01000

1902
10000

1903
00100

1904
01000

1905
00001

1906
01000

1907
01100

1908
01000

1909
10000

1910
01000

1911
00010

1912
01010

1913
10000

1914
00010

1915
01000

1916
00001

1917
00100

1918
00100

1919
00010

1920
00011

1921
10000

1922
00001

1923
00001

1924
11001

1925
00100

1926
00010

1927
00010

1928
00001

1929
10000

1930
10000

1931
01000

1932
00010

1933
10000

1934
10000

1935
01000

1936
00010

1937
00010

1938
10000

1939
10000

1940
00001

1941
10000

1942
00010

1943
01000

1944
01000

1945
00001

1946
01000

1947
00001

1948
10000

1949
00001

1950
00001

1951
01000

1952
00100

1953
00100

1954
01000

1955
00010

1956
00001

1957
00010

1958
01000

1959
00010

1960
00001

1961
10000

1962
00100

1963
01000

1964
00010

1965
00001

1966
10001

1967
00100

1968
10000

1969
00001

1970
00010

1971
01000

1972
01010

1973
00001

1974
00001

1975
01000

1976
00100

1977
10000

1978
10000

1979
00001

1980
00100

1981
01000

1982
00001

1983
10000

1984
00010

1985
10000

1986
00010

1987
10000

1988
00010

1989
00100

1990
10001

1991
10000

1992
00010

1993
01000

1994
10000

1995
00010

1996
01000

1997
00010

1998
00010

1999
10000

2000
00001

2001
00100

2002
00100

2003
10000

2004
10000

2005
00010

2006
00001

2007
00100

2008
10000

2009
01000

2010
00001

2011
00001

2012
10100

2013
00100

2014
00010

2015
01000

2016
01100

2017
00001

2018
10000

2019
01000

2020
10000

2021
00100

2022
00001

2023
01001

2024
10000

2025
10000

2026
10000

2027
00001

2028
00001

2029
00100

2030
01000

2031
01000

2032
01000

2033
00100

2034
00001

2035
01000

2036
00001

2037
00100

2038
01000

2039
01000

2040
10000

2041
01000

2042
01000

2043
00100

2044
01000

2045
10000

2046
00010

2047
00100

2048
00100

2049
00001

2050
00001

2051
00001

2052
01000

2053
00001

2054
10000

2055
00100

2056
00001

2057
10000

2058
01000

2059
00010

2060
00010

2061
00100

2062
10000

2063
10000

2064
00100

2065
00010

2066
00100

2067
00100

2068
00010

2069
00100

2070
10000

2071
10000

2072
00100

2073
01010

2074
00001

2075
11000

2076
00010

2077
00100

2078
00001

2079
00010

2080
00100

2081
01000

2082
00010

2083
01000

2084
00100

2085
00001

2086
00100

2087
10000

2088
00010

2089
11111

2090
00001

2091
00010

2092
00010

2093
10001

2094
00001

2095
10000

2096
01000

2097
00001

2098
01000

2099
00001

2100
01000

2101
00100

2102
01000

2103
01000

2104
10000

2105
00001

2106
10000

2107
01001

2108
00001

2109
01100

2110
00100

2111
01000

2112
10000

2113
00010

2114
00001

2115
00001

2116
00001

2117
01000

2118
01010

2119
01000

2120
00100

2121
01000

2122
10000

2123
00100

2124
00100

2125
00100

2126
00100

2127
01000

2128
00100

2129
00100

2130
00100

2131
00100

2132
01000

2133
00001

2134
00010

2135
10000

2136
01000

2137
00100

2138
00100

2139
00100

2140
00001

2141
00001

2142
00010

2143
10000

2144
00010

2145
00100

2146
00001

2147
00001

2148
00100

2149
01000

2150
00100

2151
10000

2152
01000

2153
00001

2154
01000

2155
00010

2156
01000

2157
00001

2158
00010

2159
01000

2160
00100

2161
10000

2162
00001

2163
10000

2164
10000

2165
01000

2166
00100

2167
00010

2168
00100

2169
00101

2170
01000

2171
00010

2172
00010

2173
10000

2174
01000

2175
00100

2176
00010

2177
10000

2178
10000

2179
00010

2180
00010

2181
01000

2182
00100

2183
10000

2184
00100

2185
00001

2186
00010

2187
10000

2188
00100

2189
00001

2190
00001

2191
10000

2192
00001

2193
01000

2194
10000

2195
00010

2196
00100

2197
01000

2198
10000

2199
00100

2200
00001

2201
10000

2202
10000

2203
00001

2204
00010

2205
00100

2206
00100

2207
01000

2208
01000

2209
00010

2210
00001

2211
10000

2212
00010

2213
10000

2214
00100

2215
01000

2216
10000

2217
01000

2218
10000

2219
00010

2220
01000

2221
01000

2222
00010

2223
10000

2224
00010

2225
10000

2226
00001

2227
00010

2228
00001

2229
00010

2230
00001

2231
00100

2232
00001

2233
00100

2234
01000

2235
00100

2236
11111

2237
00100

2238
00010

2239
10000

2240
00100

2241
10000

2242
00100

2243
01000

2244
01000

2245
00011

2246
10000

2247
00010

2248
00100

2249
00010

2250
01000

2251
00010

2252
00010

2253
10000

2254
01000

2255
01000

2256
01000

2257
01000

2258
01000

2259
00010

2260
10000

2261
00001

2262
01000

2263
01000

2264
10000

2265
00010

2266
00010

2267
10000

2268
10001

2269
00100

2270
10000

2271
00010

2272
00001

2273
10000

2274
00011

2275
01000

2276
01000

2277
00001

2278
00001

2279
00100

2280
01000

2281
00001

2282
00010

2283
00100

2284
00010

2285
00100

2286
00010

2287
00001

2288
10000

2289
00100

2290
10000

2291
00011

2292
00001

2293
00001

2294
10000

2295
00001

2296
00001

2297
01000

2298
00100

2299
00001

2300
00010

2301
00001

2302
01000

2303
01000

2304
01000

2305
00001

2306
01000

2307
00010

2308
01000

2309
00010

2310
00100

2311
10000

2312
00100

2313
10100

2314
01000

2315
00001

2316
00011

2317
00010

2318
01000

2319
00010

2320
00100

2321
01000

2322
00100

2323
00010

2324
00100

2325
00100

2326
01000

2327
01000

2328
11000

2329
01000

2330
00010

2331
01000

2332
00100

2333
01000

2334
01100

2335
00100

2336
10000

2337
00001

2338
00010

2339
00100

2340
00010

2341
10000

2342
00001

2343
10000

2344
00001

2345
00100

2346
00010

2347
10000

2348
00001

2349
00001

2350
00100

2351
00010

2352
00100

2353
00010

2354
00010

2355
00010

2356
01000

2357
00100

2358
00100

2359
01000

2360
00100

2361
00001

2362
00100

2363
00001

2364
00100

2365
10000

2366
01000

2367
00010

2368
00001

2369
00001

2370
00100

2371
00100

2372
10000

2373
10010

2374
01000

2375
01000

2376
00100

2377
00001

2378
11111

2379
10000

2380
10000

2381
00010

2382
01000

2383
00010

2384
01000

2385
00100

2386
00100

2387
00001

2388
01000

2389
01000

2390
00001

2391
00001

2392
10000

2393
10000

2394
00010

2395
01000

2396
00001

2397
10000

2398
00010

2399
10000

2400
00001

2401
00010

2402
00100

2403
01000

2404
00100

2405
00010

2406
00100

2407
01000

2408
10000

2409
00010

2410
00010

2411
00100

2412
00100

2413
00001

2414
00100

2415
01001

2416
00010

2417
01000

2418
00010

2419
01000

2420
10000

2421
01000

2422
00100

2423
00101

2424
00001

2425
00010

2426
01000

2427
01000

2428
00100

2429
11001

2430
01000

2431
00001

2432
10000

2433
00010

2434
00010

2435
01000

2436
00100

2437
00101

2438
00100

2439
00001

2440
00100

2441
01000

2442
01010

2443
00001

2444
00100

2445
00001

2446
01000

2447
00001

2448
00001

2449
01000

2450
00001

2451
00100

2452
00100

2453
00010

2454
01000

2455
00100

2456
00100

2457
00010

2458
00100

2459
00010

2460
01000

2461
10000

2462
11000

2463
00100

2464
00001

2465
10000

2466
00001

2467
00100

2468
00001

2469
10000

2470
00001

2471
00010

2472
00001

2473
00001

2474
01000

2475
00100

2476
00010

2477
00010

2478
00010

2479
01000

2480
01000

2481
00010

2482
00001

2483
10000

2484
00100

2485
00100

2486
10000

2487
00011

2488
00100

2489
10000

2490
01000

2491
00010

2492
00001

2493
00100

2494
00010

2495
00001

2496
10000

2497
00010

2498
00100

2499
00001

2500
01000

2501
00010

2502
00001

2503
00001

2504
00001

2505
01100

2506
00100

2507
00010

2508
01000

2509
10001

2510
01000

2511
01000

2512
00010

2513
00001

2514
00001

2515
01000

2516
10000

2517
01000

2518
10001

2519
00001

2520
00010

2521
00001

2522
00001

2523
10000

2524
00001

2525
00100

2526
00001

2527
00010

2528
01000

2529
00010

2530
00100

2531
00010

2532
00010

2533
00100

2534
01000

2535
00001

2536
00010

2537
00010

2538
10000

2539
00001

2540
00001

2541
00010

2542
10000

2543
01000

2544
10000

2545
00001

2546
00010

2547
01000

2548
00001

2549
10000

2550
00001

2551
10000

2552
01000

2553
00010

2554
00100

2555
00010

2556
10000

2557
00010

2558
01000

2559
00001

2560
00010

2561
10000

2562
00100

2563
00010

2564
10100

2565
00100

2566
00001

2567
00001

2568
00001

2569
10000

2570
00100

2571
01000

2572
00100

2573
00010

2574
00001

2575
00100

2576
01000

2577
01000

2578
00001

2579
01000

2580
00001

2581
10000

2582
10000

2583
11000

2584
01000

2585
01000

2586
00001

2587
10000

2588
10000

2589
01000

2590
00100

2591
00001

2592
01000

2593
00100

2594
10000

2595
10000

2596
10000

2597
00010

2598
00001

2599
01000

2600
00100

2601
00100

2602
00010

2603
10000

2604
00010

2605
00100

2606
00100

2607
00100

2608
00001

2609
00010

2610
00001

2611
01000

2612
10000

2613
10000

2614
01000

2615
01000

2616
01100

2617
00100

2618
00010

2619
10000

2620
00010

2621
01000

2622
00001

2623
00010

2624
00100

2625
01000

2626
00010

2627
01100

2628
00010

2629
01000

2630
00010

2631
10001

2632
00001

2633
00001

2634
00010

2635
00010

2636
11000

2637
00100

2638
00010

2639
10000

2640
01000

2641
00010

2642
10001

2643
00100

2644
00100

2645
00001

2646
00100

2647
10100

2648
00100

2649
11001

2650
00100

2651
00010

2652
00001

2653
01000

2654
00001

2655
10000

2656
00100

2657
00001

2658
00001

2659
00001

2660
00010

2661
00001

2662
01000

2663
01000

2664
00010

2665
00010

2666
10000

2667
00001

2668
10000

2669
10000

2670
10000

2671
10010

2672
10000

2673
10000

2674
00010

2675
01000

2676
01000

2677
00001

2678
00010

2679
10000

2680
01000

2681
00001

2682
00010

2683
00100

2684
01000

2685
10000

2686
00100

2687
10000

2688
10000

2689
00001

2690
00010

2691
00010

2692
01000

2693
00100

2694
00010

2695
10000

2696
10000

2697
10000

2698
00100

2699
00001

2700
00010

2701
00010

2702
01000

2703
01000

2704
00001

2705
00100

2706
10000

2707
10000

2708
01000

2709
10000

2710
01000

2711
00100

2712
10000

2713
00010

2714
10000

2715
01000

2716
10000

2717
00100

2718
01000

2719
01000

2720
00001

2721
00100

2722
00010

2723
01000

2724
01000

2725
00100

2726
10000

2727
01000

2728
00001

2729
10000

2730
00100

2731
00001

2732
00100

2733
00010

2734
10000

2735
00100

2736
00100

2737
00010

2738
00010

2739
00010

2740
10000

2741
10000

2742
01000

2743
10000

2744
00100

2745
00100

2746
00010

2747
00001

2748
00010

2749
00010

2750
00001

2751
10000

2752
00001

2753
00100

2754
00110

2755
00010

2756
00100

2757
10000

2758
00010

2759
00001

2760
00010

2761
00001

2762
00001

2763
01000

2764
10000

2765
00010

2766
00001

2767
00001

2768
00001

2769
10000

2770
00001

2771
00100

2772
00001

2773
00010

2774
00100

2775
00100

2776
10000

2777
01000

2778
10000

2779
00100

2780
00100

2781
10000

2782
00010

2783
01000

2784
00100

2785
00001

2786
00100

2787
00001

2788
10000

2789
01000

2790
00010

2791
00001

2792
01000

2793
00010

2794
10000

2795
00010

2796
00001

2797
10000

2798
00010

2799
10000

2800
00100

2801
10000

2802
01000

2803
00001

2804
00001

2805
01000

2806
10000

2807
00001

2808
00110

2809
01000

2810
00010

2811
10000

2812
00101

2813
01000

2814
00010

2815
00100

2816
10000

2817
00100

2818
10000

2819
10000

2820
10000

2821
00100

2822
00110

2823
01000

2824
00100

2825
10000

2826
00100

2827
00010

2828
01000

2829
01000

2830
00100

2831
10000

2832
10000

2833
00010

2834
00100

2835
01000

2836
00001

2837
00100

2838
00010

2839
10000

2840
01010

2841
00100

2842
00011

2843
00001

2844
00010

2845
01000

2846
00001

2847
00001

2848
01100

2849
00001

2850
00100

2851
01000

2852
10000

2853
01000

2854
00001

2855
01000

2856
00100

2857
00100

2858
00010

2859
10000

2860
00001

2861
00100

2862
00100

2863
01000

2864
00010

2865
00100

2866
10000

2867
01100

2868
00001

2869
00010

2870
01000

2871
11000

2872
00001

2873
00001

2874
00010

2875
00100

2876
00010

2877
00001

2878
00100

2879
01000

2880
01000

2881
10000

2882
00010

2883
00010

2884
00100

2885
10000

2886
10000

2887
01000

2888
00100

2889
00010

2890
01000

2891
00001

2892
00010

2893
00011

2894
01000

2895
00001

2896
00001

2897
01000

2898
00001

2899
00010

2900
00010

2901
00010

2902
10000

2903
00010

2904
00010

2905
01001

2906
00001

2907
00100

2908
01000

2909
01000

2910
01000

2911
00100

2912
00100

2913
00010

2914
10000

2915
01000

2916
01000

2917
01000

2918
00001

2919
00001

2920
00010

2921
00010

2922
01000

2923
00010

2924
10000

2925
00100

2926
00010

2927
00100

2928
00010

2929
00001

2930
00100

2931
00010

2932
00100

2933
11000

2934
00001

2935
01000

2936
00001

2937
00001

2938
10000

2939
00001

2940
00010

2941
00001

2942
01000

2943
00100

2944
10000

2945
01000

2946
01000

2947
00001

2948
00010

2949
00001

2950
01000

2951
01000

2952
00100

2953
00100

2954
00001

2955
00100

2956
01000

2957
00001

2958
00010

2959
10010

2960
00010

2961
00010

2962
10000

2963
00001

2964
00010

2965
00001

2966
00100

2967
10000

2968
00001

2969
10000

2970
00010

2971
00001

2972
01010

2973
01000

2974
00100

2975
01000

2976
10000

2977
01000

2978
00010

2979
01100

2980
00010

2981
00010

2982
00010

2983
00001

2984
01000

2985
10000

2986
10000

2987
10000

2988
00001

2989
10000

2990
00001

2991
00100

2992
00001

2993
10000

2994
00100

2995
00001

2996
00001

2997
10000

2998
01000

2999
00100

3000
01001

3001
00001

3002
01000

3003
10000

3004
01000

3005
00100

3006
00010

3007
01000

3008
00100

3009
01000

3010
00001

3011
00110

3012
11111

3013
01000

3014
01000

3015
10000

3016
00100

3017
00100

3018
00010

3019
00001

3020
10000

3021
00001

3022
00001

3023
00001

3024
00010

3025
00010

3026
00100

3027
00001

3028
00010

3029
00010

3030
00010

3031
00001

3032
01100

3033
01000

3034
00010

3035
00100

3036
01000

3037
00010

3038
00010

3039
00001

3040
01000

3041
10000

3042
00110

3043
00001

3044
00001

3045
00001

3046
00001

3047
01000

3048
01000

3049
10000

3050
11000

3051
00010

3052
00100

3053
00001

3054
00001

3055
10010

3056
00100

3057
00010

3058
10000

3059
10000

3060
10000

3061
10000

3062
01000

3063
00001

3064
00001

3065
00100

3066
00100

3067
10000

3068
10000

3069
00100

3070
01001

3071
00010

3072
00010

3073
01000

3074
01000

3075
00100

3076
10000

3077
10000

3078
00001

3079
00100

3080
01000

3081
01000

3082
01000

3083
00100

3084
00001

3085
00010

3086
00100

3087
01000

3088
01000

3089
00010

3090
10000

3091
01000

3092
01000

3093
00010

3094
00100

3095
10000

3096
00100

3097
00001

3098
01000

3099
10000

3100
10000

3101
00010

3102
01000

3103
10000

3104
10000

3105
10000

3106
00001

3107
01000

3108
01000

3109
00100

3110
00010

3111
10000

3112
01000

3113
10000

3114
01000

3115
01001

3116
00010

3117
00010

3118
00100

3119
01000

3120
00010

3121
01000

3122
10000

3123
00010

3124
01000

3125
11111

3126
00010

3127
01000

3128
01000

3129
00100

3130
00010

3131
00010

3132
01000

3133
00010

3134
01000

3135
00100

3136
00001

3137
00100

3138
00100

3139
00100

3140
01100

3141
00001

3142
00100

3143
01000

3144
00010

3145
00001

3146
10000

3147
10000

3148
00101

3149
00101

3150
01000

3151
00001

3152
00010

3153
10000

3154
10000

3155
00100

3156
01000

3157
00001

3158
00001

3159
00010

3160
10101

3161
00100

3162
01000

3163
01000

3164
00011

3165
00010

3166
10000

3167
00100

3168
00010

3169
00001

3170
10000

3171
01000

3172
01000

3173
00100

3174
00010

3175
00100

3176
01000

3177
01000

3178
10000

3179
00100

3180
01000

3181
00001

3182
01000

3183
00100

3184
00001

3185
00010

3186
01000

3187
00010

3188
00010

3189
00100

3190
10000

3191
00010

3192
00100

3193
00100

3194
10000

3195
00001

3196
00001

3197
00001

3198
10000

3199
10000

3200
00001

3201
10000

3202
00010

3203
01100

3204
00100

3205
00100

3206
10000

3207
01000

3208
01010

3209
00100

3210
00001

3211
00010

3212
00010

3213
00100

3214
00001

3215
00100

3216
00001

3217
00001

3218
10000

3219
01000

3220
10000

3221
00010

3222
00001

3223
00001

3224
01100

3225
10000

3226
10100

3227
00001

3228
00001

3229
00001

3230
10000

3231
00001

3232
11000

3233
00010

3234
01000

3235
01000

3236
00100

3237
01000

3238
01000

3239
10000

3240
01000

3241
01000

3242
00001

3243
00100

3244
10001

3245
10000

3246
10000

3247
00100

3248
00100

3249
01000

3250
00100

3251
01000

3252
01000

3253
00010

3254
00001

3255
10000

3256
00010

3257
10000

3258
00010

3259
00010

3260
01000

3261
00100

3262
10000

3263
00010

3264
00001

3265
10000

3266
00001

3267
10000

3268
00100

3269
10000

3270
00001

3271
01000

3272
10000

3273
00100

3274
01000

3275
00100

3276
00010

3277
00001

3278
00010

3279
10000

3280
10000

3281
10000

3282
10000

3283
00001

3284
10000

3285
01000

3286
01000

3287
00100

3288
10000

3289
00010

3290
00001

3291
01000

3292
10000

3293
00010

3294
01000

3295
00100

3296
10100

3297
10000

3298
01000

3299
01000

3300
00001

3301
00001

3302
00001

3303
00001

3304
00001

3305
10000

3306
00001

3307
00001

3308
10000

3309
01000

3310
10000

3311
00100

3312
01001

3313
10000

3314
00100

3315
00001

3316
01000

3317
10000

3318
00010

3319
01000

3320
00001

3321
00100

3322
00100

3323
00001

3324
00010

3325
10000

3326
00010

3327
01000

3328
00001

3329
01000

3330
00110

3331
11000

3332
00010

3333
00010

3334
01000

3335
10000

3336
00010

3337
01000

3338
10000

3339
00010

3340
00001

3341
01000

3342
01000

3343
00001

3344
00010

3345
10000

3346
01000

3347
01000

3348
00001

3349
00100

3350
00010

3351
10000

3352
11000

3353
00010

3354
10000

3355
00100

3356
00001

3357
01000

3358
00100

3359
10000

3360
10000

3361
10000

3362
01000

3363
01000

3364
00010

3365
00001

3366
00010

3367
10000

3368
00001

3369
01000

3370
00100

3371
01000

3372
10000

3373
00100

3374
10000

3375
01100

3376
00011

3377
00010

3378
00100

3379
00001

3380
00001

3381
00010

3382
00100

3383
00010

3384
01000

3385
00001

3386
10000

3387
00001

3388
00100

3389
00010

3390
10000

3391
01000

3392
00011

3393
10000

3394
00100

3395
00001

3396
10000

3397
00010

3398
00100

3399
10000

3400
00010

3401
00100

3402
01000

3403
10000

3404
01000

3405
00100

3406
10000

3407
00100

3408
00001

3409
00100

3410
00010

3411
01000

3412
00001

3413
01000

3414
10000

3415
00010

3416
10000

3417
00001

3418
00010

3419
00100

3420
00100

3421
10000

3422
10000

3423
00100

3424
00010

3425
00010

3426
01000

3427
10000

3428
01000

3429
10000

3430
00100

3431
10000

3432
00100

3433
00100

3434
01000

3435
01100

3436
10000

3437
00010

3438
00001

3439
00110

3440
00001

3441
00001

3442
00100

3443
00001

3444
00010

3445
01000

3446
00010

3447
00001

3448
00100

3449
01000

3450
10000

3451
10000

3452
00010

3453
10000

3454
00100

3455
00010

3456
01000

3457
00100

3458
00100

3459
01000

3460
01000

3461
10101

3462
00001

3463
10000

3464
00010

3465
01110

3466
10000

3467
00001

3468
10000

3469
00010

3470
10000

3471
01000

3472
10000

3473
00100

3474
00010

3475
01000

3476
10110

3477
10001

3478
10100

3479
00001

3480
10000

3481
01000

3482
00001

3483
01001

3484
00001

3485
01000

3486
00100

3487
00010

3488
00100

3489
00010

3490
10000

3491
00010

3492
00100

3493
10000

3494
01000

3495
10000

3496
00010

3497
00100

3498
00001

3499
00001

3500
10000

3501
00100

3502
00001

3503
01000

3504
00100

3505
00100

3506
01000

3507
00010

3508
10000

3509
00100

3510
00100

3511
10000

3512
10000

3513
00001

3514
10000

3515
01000

3516
10000

3517
10000

3518
01000

3519
10000

3520
00001

3521
01000

3522
00010

3523
00001

3524
01000

3525
01000

3526
00100

3527
01000

3528
10000

3529
00010

3530
10000

3531
00001

3532
01000

3533
00010

3534
10000

3535
00110

3536
01000

3537
10000

3538
00010

3539
00100

3540
00001

3541
00100

3542
10000

3543
00010

3544
00100

3545
01000

3546
10000

3547
00100

3548
00100

3549
00010

3550
00001

3551
10000

3552
00100

3553
10000

3554
01000

3555
00010

3556
00001

3557
00001

3558
00100

3559
00001

3560
01000

3561
10000

3562
10000

3563
11000

3564
00100

3565
00001

3566
10000

3567
00010

3568
00100

3569
00100

3570
00010

3571
10000

3572
00010

3573
00001

3574
01000

3575
00001

3576
00001

3577
01000

3578
00100

3579
00001

3580
10000

3581
00100

3582
00100

3583
10000

3584
00100

3585
00100

3586
10000

3587
01000

3588
00010

3589
00010

3590
10000

3591
00001

3592
10000

3593
10000

3594
00001

3595
00100

3596
01000

3597
00100

3598
00100

3599
01000

3600
00101

3601
00100

3602
00010

3603
00001

3604
01000

3605
01000

3606
00100

3607
00010

3608
00010

3609
01000

3610
01001

3611
00010

3612
00001

3613
00011

3614
01000

3615
00001

3616
01000

3617
00001

3618
10000

3619
00001

3620
00001

3621
00010

3622
00001

3623
01000

3624
00010

3625
10000

3626
00100

3627
10000

3628
00010

3629
00001

3630
00100

3631
10000

3632
00100

3633
10000

3634
00001

3635
00001

3636
01000

3637
00010

3638
10000

3639
00001

3640
01000

3641
01000

3642
01000

3643
00100

3644
00001

3645
10000

3646
10000

3647
00001

3648
00010

3649
10000

3650
01000

3651
00100

3652
01000

3653
01100

3654
00010

3655
00010

3656
00100

3657
01000

3658
00010

3659
00001

3660
01000

3661
10100

3662
00001

3663
01000

3664
00010

3665
10000

3666
00001

3667
01000

3668
00100

3669
00001

3670
10000

3671
00010

3672
00100

3673
00010

3674
00001

3675
00001

3676
00010

3677
01000

3678
00100

3679
10000

3680
01000

3681
00100

3682
10000

3683
00001

3684
00010

3685
00100

3686
00010

3687
00010

3688
01000

3689
00100

3690
10000

3691
10000

3692
00001

3693
00001

3694
00001

3695
10000

3696
01101

3697
01010

3698
00100

3699
00100

3700
00001

3701
00100

3702
01000

3703
01000

3704
00010

3705
00010

3706
00010

3707
01000

3708
00100

3709
00010

3710
00100

3711
00001

3712
10000

3713
00010

3714
00001

3715
00010

3716
01000

3717
00100

3718
00001

3719
01000

3720
00010

3721
10000

3722
00100

3723
00001

3724
00100

3725
00100

3726
00001

3727
10000

3728
01000

3729
00010

3730
10110

3731
00100

3732
01000

3733
00010

3734
00010

3735
10000

3736
01000

3737
00100

3738
00001

3739
01000

3740
01000

3741
01000

3742
00010

3743
10000

3744
00100

3745
00100

3746
00100

3747
00010

3748
00100

3749
00001

3750
00011

3751
00010

3752
10000

3753
00010

3754
00001

3755
00001

3756
11000

3757
00110

3758
00100

3759
00010

3760
00010

3761
00010

3762
10000

3763
00100

3764
00010

3765
00010

3766
00010

3767
00010

3768
10000

3769
00101

3770
00001

3771
00010

3772
01000

3773
00100

3774
00001

3775
00010

3776
00001

3777
00100

3778
00001

3779
10000

3780
00100

3781
10000

3782
10000

3783
10000

3784
00100

3785
00010

3786
00001

3787
10000

3788
01000

3789
00101

3790
01000

3791
00001

3792
01000

3793
10100

3794
01000

3795
01000

3796
00100

3797
00001

3798
00001

3799
00010

3800
10000

3801
01000

3802
00100

3803
10000

3804
11010

3805
00010

3806
01000

3807
00010

3808
10000

3809
00010

3810
10000

3811
00100

3812
00100

3813
10000

3814
00100

3815
00001

3816
01000

3817
01000

3818
10000

3819
10000

3820
00001

3821
10000

3822
00100

3823
01000

3824
01000

3825
00001

3826
00100

3827
01000

3828
01000

3829
00010

3830
00001

3831
10000

3832
01000

3833
00001

3834
10000

3835
00100

3836
00010

3837
00001

3838
10000

3839
01000

3840
10000

3841
01000

3842
00001

3843
00010

3844
00010

3845
01000

3846
10000

3847
10000

3848
10001

3849
01000

3850
00010

3851
00001

3852
10000

3853
10000

3854
01000

3855
01000

3856
00100

3857
10000

3858
10000

3859
10000

3860
00100

3861
01010

3862
00001

3863
00100

3864
10000

3865
01000

3866
10000

3867
00100

3868
00010

3869
01000

3870
01000

3871
00100

3872
00010

3873
01000

3874
01000

3875
10010

3876
10000

3877
01000

3878
01000

3879
00100

3880
00100

3881
01000

3882
01000

3883
01000

3884
00100

3885
00100

3886
00100

3887
10000

3888
11000

3889
10000

3890
01000

3891
01000

3892
00100

3893
00010

3894
00001

3895
10000

3896
00100

3897
00010

3898
00100

3899
00100

3900
00100

3901
00001

3902
01000

3903
00001

3904
00010

3905
10100

3906
10000

3907
01000

3908
00100

3909
00001

3910
10000

3911
01000

3912
10000

3913
01010

3914
00100

3915
10000

3916
01000

3917
10000

3918
10000

3919
00001

3920
01000

3921
00100

3922
00010

3923
00010

3924
00010

3925
00001

3926
10000

3927
10000

3928
10000

3929
01010

3930
00100

3931
01000

3932
01000

3933
01000

3934
00001

3935
00100

3936
00010

3937
00010

3938
01000

3939
00001

3940
00010

3941
00100

3942
00100

3943
01000

3944
00100

3945
00001

3946
00010

3947
10000

3948
00100

3949
00100

3950
01000

3951
01100

3952
00100

3953
10000

3954
00001

3955
00010

3956
10000

3957
00101

3958
00100

3959
01000

3960
00001

3961
00100

3962
10000

3963
00001

3964
00100

3965
10100

3966
01000

3967
00100

3968
10000

3969
00010

3970
00010

3971
00010

3972
00001

3973
10000

3974
00100

3975
10000

3976
01000

3977
10000

3978
00100

3979
10000

3980
00001

3981
00010

3982
00100

3983
00100

3984
00100

3985
10000

3986
10000

3987
00010

3988
00010

3989
00001

3990
00010

3991
10000

3992
00001

3993
10000

3994
10000

3995
00010

3996
10000

3997
10000

3998
00001

3999
10000

4000
00010

4001
00010

4002
01000

4003
00010

4004
00010

4005
00010

4006
00100

4007
10000

4008
00001

4009
00100

4010
00001

4011
10100

4012
00001

4013
00010

4014
00100

4015
00100

4016
00001

4017
10000

4018
00001

4019
10000

4020
00010

4021
00100

4022
01000

4023
01000

4024
00110

4025
10000

4026
00100

4027
00001

4028
10000

4029
10000

4030
00100

4031
00001

4032
00100

4033
00001

4034
00001

4035
00100

4036
01000

4037
00100

4038
00100

4039
00100

4040
00100

4041
00010

4042
10000

4043
01000

4044
00010

4045
10000

4046
01000

4047
10000

4048
00001

4049
00100

4050
00001

4051
00001

4052
00001

4053
11000

4054
10000

4055
01100

4056
01000

4057
00100

4058
01010

4059
00010

4060
01000

4061
00001

4062
10000

4063
01000

4064
00100

4065
00010

4066
10000

4067
10000

4068
01000

4069
00001

4070
00010

4071
00100

4072
00001

4073
00010

4074
10000

4075
10000

4076
10001

4077
10000

4078
10000

4079
10000

4080
00001

4081
00010

4082
00001

4083
00010

4084
00100

4085
00100

4086
01100

4087
01000

4088
01000

4089
00010

4090
00100

4091
00100

4092
10000

4093
00100

4094
00010

4095
10000

4096
00001

4097
00010

4098
10000

4099
00100

4100
00010

4101
00100

4102
01000

4103
00100

4104
00100

4105
00010

4106
00100

4107
00100

4108
00001

4109
00001

4110
00001

4111
10000

4112
00100

4113
00010

4114
00010

4115
00001

4116
00010

4117
00100

4118
00010

4119
00100

4120
01000

4121
01000

4122
00010

4123
00100

4124
01000

4125
00100

4126
00001

4127
00001

4128
10000

4129
10000

4130
00001

4131
00010

4132
10000

4133
01000

4134
01000

4135
00010

4136
10000

4137
00010

4138
00010

4139
00010

4140
10000

4141
10000

4142
00010

4143
00010

4144
00001

4145
00100

4146
00100

4147
10000

4148
01000

4149
01001

4150
00010

4151
01000

4152
01000

4153
01000

4154
00001

4155
10000

4156
01000

4157
00001

4158
00001

4159
00010

4160
00110

4161
00100

4162
01000

4163
00001

4164
01000

4165
00010

4166
01000

4167
10000

4168
00001

4169
00010

4170
00010

4171
10000

4172
00100

4173
00010

4174
01000

4175
01000

4176
01000

4177
10000

4178
10000

4179
00010

4180
11111

4181
01000

4182
00010

4183
00100

4184
00100

4185
00100

4186
01000

4187
01000

4188
00100

4189
01000

4190
00010

4191
00100

4192
00100

4193
00010

4194
00100

4195
10000

4196
00010

4197
00001

4198
00001

4199
00010

4200
00010

4201
00010

4202
10000

4203
01100

4204
01000

4205
00010

4206
00100

4207
10000

4208
01000

4209
00001

4210
01000

4211
00100

4212
00100

4213
01000

4214
00001

4215
00001

4216
00001

4217
00001

4218
00010

4219
01000

4220
10000

4221
01100

4222
10000

4223
10000

4224
10000

4225
00001

4226
00010

4227
01000

4228
10000

4229
00100

4230
00100

4231
00001

4232
01000

4233
10000

4234
00001

4235
00100

4236
00010

4237
10000

4238
10000

4239
01000

4240
01000

4241
00100

4242
00001

4243
01010

4244
00010

4245
10100

4246
00001

4247
00001

4248
00001

4249
00001

4250
00010

4251
00010

4252
00100

4253
01000

4254
10000

4255
01000

4256
00010

4257
01000

4258
00001

4259
10000

4260
10000

4261
01000

4262
00001

4263
10000

4264
01000

4265
01000

4266
00110

4267
00010

4268
00100

4269
00100

4270
00010

4271
00001

4272
00001

4273
00010

4274
00001

4275
00010

4276
10000

4277
00001

4278
00100

4279
00010

4280
01000

4281
00100

4282
00010

4283
01000

4284
00100

4285
10000

4286
01000

4287
10000

4288
00100

4289
10000

4290
01000

4291
10000

4292
00100

4293
00001

4294
01100

4295
00100

4296
10000

4297
00100

4298
01000

4299
01000

4300
00010

4301
10000

4302
00011

4303
00001

4304
10000

4305
00010

4306
00100

4307
00001

4308
10000

4309
00100

4310
10000

4311
10000

4312
00100

4313
01000

4314
00010

4315
10000

4316
00010

4317
00100

4318
10000

4319
01100

4320
00001

4321
00100

4322
00100

4323
00010

4324
00100

4325
00001

4326
00010

4327
00001

4328
10000

4329
10000

4330
01001

4331
00100

4332
00010

4333
00001

4334
00001

4335
00010

4336
00001

4337
00100

4338
00010

4339
00001

4340
00100

4341
00101

4342
00100

4343
01000

4344
10001

4345
10000

4346
01010

4347
10000

4348
01000

4349
00100

4350
00010

4351
00100

4352
00010

4353
00001

4354
01000

4355
00010

4356
10000

4357
10000

4358
01000

4359
01000

4360
00100

4361
10000

4362
00100

4363
00100

4364
10000

4365
10000

4366
00010

4367
00001

4368
10000

4369
01000

4370
10000

4371
00010

4372
10000

4373
00011

4374
10000

4375
00100

4376
10000

4377
00001

4378
00001

4379
10000

4380
00001

4381
01000

4382
01000

4383
01000

4384
00001

4385
00001

4386
00100

4387
10000

4388
01000

4389
10000

4390
00010

4391
00010

4392
00001

4393
00001

4394
00100

4395
01000

4396
00100

4397
00001

4398
01000

4399
01000

4400
10000

4401
00010

4402
10000

4403
00001

4404
01000

4405
01000

4406
10000

4407
00001

4408
00001

4409
00001

4410
00010

4411
10000

4412
00100

4413
00011

4414
00100

4415
00100

4416
00100

4417
10000

4418
00110

4419
00001

4420
10000

4421
10000

4422
00001

4423
01000

4424
00100

4425
00001

4426
00100

4427
00100

4428
00100

4429
00010

4430
10000

4431
10001

4432
00100

4433
01000

4434
10000

4435
01000

4436
10000

4437
00100

4438
00001

4439
00001

4440
00100

4441
01000

4442
00100

4443
00010

4444
00001

4445
00010

4446
00001

4447
00010

4448
00100

4449
00001

4450
10000

4451
01000

4452
01000

4453
00100

4454
10000

4455
00100

4456
10000

4457
00010

4458
10000

4459
01000

4460
10000

4461
00100

4462
01100

4463
00010

4464
00101

4465
00100

4466
00100

4467
01000

4468
10000

4469
10000

4470
00010

4471
00010

4472
00001

4473
00100

4474
00100

4475
00010

4476
00010

4477
10000

4478
00100

4479
00010

4480
00010

4481
00100

4482
00001

4483
00100

4484
01000

4485
00100

4486
01000

4487
10000

4488
10000

4489
00001

4490
00010

4491
10000

4492
00010

4493
01000

4494
00100

4495
01000

4496
00100

4497
00100

4498
00010

4499
00101

4500
00100

4501
00100

4502
00100

4503
00010

4504
01000

4505
00100

4506
00001

4507
00100

4508
00100

4509
01000

4510
10000

4511
00010

4512
10000

4513
00100

4514
00010

4515
01010

4516
00100

4517
00100

4518
00100

4519
00001

4520
00100

4521
00001

4522
01000

4523
00010

4524
00100

4525
10000

4526
00100

4527
00010

4528
00010

4529
10000

4530
00001

4531
01000

4532
00100

4533
00001

4534
11000

4535
00001

4536
10000

4537
00001

4538
00100

4539
01000

4540
10000

4541
01000

4542
00100

4543
00001

4544
00001

4545
00100

4546
01000

4547
00100

4548
00001

4549
10000

4550
00001

4551
00100

4552
00010

4553
00100

4554
01000

4555
10000

4556
00100

4557
00001

4558
00010

4559
00100

4560
10100

4561
00100

4562
00100

4563
00010

4564
00010

4565
01000

4566
10000

4567
01000

4568
00010

4569
00100

4570
01000

4571
00101

4572
10000

4573
01000

4574
00001

4575
10010

4576
01000

4577
00001

4578
10000

4579
00001

4580
00010

4581
00001

4582
00001

4583
00001

4584
01000

4585
10000

4586
00001

4587
10000

4588
01000

4589
00100

4590
00100

4591
10000

4592
00100

4593
00011

4594
01000

4595
00100

4596
00001

4597
10000

4598
00001

4599
00001

4600
01000

4601
11111

4602
01010

4603
00100

4604
10000

4605
00001

4606
10010

4607
10000

4608
00010

4609
00100

4610
10000

4611
00010

4612
00100

4613
00001

4614
01001

4615
10000

4616
01000

4617
00010

4618
01000

4619
01001

4620
01000

4621
10000

4622
00100

4623
10000

4624
00001

4625
01000

4626
01000

4627
10000

4628
00010

4629
00100

4630
10000

4631
01000

4632
00010

4633
00100

4634
10000

4635
00100

4636
00010

4637
01000

4638
00010

4639
01000

4640
00100

4641
10000

4642
00010

4643
10000

4644
00010

4645
00100

4646
11000

4647
00100

4648
10000

4649
10000

4650
00010

4651
10000

4652
00011

4653
01000

4654
10000

4655
00010

4656
10000

4657
00100

4658
00010

4659
00010

4660
00100

4661
00100

4662
01000

4663
00001

4664
00010

4665
10000

4666
00100

4667
10000

4668
00001

4669
00001

4670
10000

4671
10000

4672
00010

4673
00100

4674
00001

4675
11111

4676
00010

4677
00100

4678
10000

4679
00010

4680
00001

4681
00100

4682
10000

4683
00010

4684
01000

4685
10000

4686
10000

4687
01000

4688
00100

4689
10000

4690
10000

4691
00010

4692
10000

4693
10000

4694
00010

4695
01000

4696
01000

4697
01000

4698
10000

4699
00010

4700
01000

4701
00100

4702
01000

4703
10000

4704
00100

4705
10000

4706
00001

4707
00010

4708
01000

4709
00010

4710
01000

4711
10101

4712
00010

4713
00100

4714
00001

4715
01010

4716
00010

4717
00001

4718
00010

4719
00010

4720
00100

4721
00010

4722
00100

4723
10000

4724
01000

4725
00001

4726
00010

4727
10000

4728
01000

4729
10000

4730
01000

4731
00010

4732
00100

4733
10000

4734
01000

4735
00010

4736
00010

4737
00001

4738
00010

4739
01000

4740
01000

4741
01000

4742
00010

4743
00001

4744
00100

4745
00100

4746
00100

4747
01000

4748
00001

4749
00100

4750
00100

4751
00001

4752
00001

4753
01000

4754
01000

4755
11000

4756
00001

4757
01000

4758
10001

4759
10000

4760
00010

4761
00010

4762
00010

4763
01000

4764
01000

4765
00100

4766
01000

4767
00101

4768
00100

4769
00100

4770
01000

4771
01000

4772
00100

4773
00010

4774
10000

4775
00100

4776
01000

4777
00001

4778
00001

4779
00001

4780
00010

4781
00100

4782
00001

4783
00001

4784
10000

4785
01000

4786
00110

4787
00100

4788
00100

4789
00100

4790
00100

4791
01000

4792
00010

4793
10000

4794
00010

4795
00001

4796
10000

4797
10000

4798
10000

4799
00001

4800
01000

4801
01000

4802
00001

4803
00001

4804
00010

4805
01000

4806
00001

4807
00100

4808
00100

4809
00001

4810
00010

4811
00100

4812
00010

4813
00001

4814
00001

4815
00100

4816
01000

4817
00001

4818
01000

4819
01000

4820
01000

4821
00001

4822
10000

4823
00100

4824
00100

4825
00001

4826
00100

4827
10000

4828
01000

4829
00010

4830
10000

4831
00010

4832
00001

4833
00010

4834
00010

4835
01000

4836
00001

4837
01000

4838
00001

4839
10000

4840
10000

4841
10000

4842
01000

4843
00001

4844
00100

4845
00010

4846
00010

4847
00100

4848
01000

4849
10000

4850
10000

4851
00001

4852
00010

4853
00010

4854
00100

4855
00001

4856
10000

4857
01000

4858
00010

4859
00001

4860
01000

4861
00010

4862
01000

4863
00001

4864
10000

4865
00010

4866
01000

4867
00010

4868
00100

4869
10000

4870
00001

4871
01000

4872
00001

4873
00010

4874
00001

4875
00001

4876
00001

4877
00100

4878
00100

4879
00100

4880
00100

4881
01000

4882
01000

4883
10000

4884
00100

4885
00100

4886
00010

4887
00010

4888
00010

4889
11000

4890
00001

4891
10000

4892
10000

4893
00010

4894
01000

4895
00001

4896
10000

4897
00010

4898
00100

4899
01000

4900
00101

4901
10000

4902
10000

4903
01000

4904
01000

4905
00100

4906
01000

4907
00001

4908
00010

4909
00010

4910
10000

4911
00010

4912
00001

4913
10000

4914
00001

4915
00100

4916
00100

4917
00100

4918
00010

4919
00010

4920
00010

4921
00010

4922
00010

4923
00010

4924
11000

4925
01000

4926
00010

4927
00001

4928
00010

4929
10000

4930
00001

4931
10000

4932
00011

4933
10000

4934
00001

4935
00001

4936
10000

4937
00010

4938
00100

4939
00010

4940
00010

4941
01000

4942
00010

4943
10000

4944
00010

4945
10000

4946
00001

4947
01000

4948
01000

4949
00100

4950
00010

4951
10000

4952
00010

4953
10000

4954
10000

4955
10000

4956
00001

4957
00001

4958
01000

4959
00001

4960
01000

4961
01000

4962
00001

4963
00001

4964
00010

4965
10000

4966
10000

4967
00100

4968
01000

4969
00100

4970
01000

4971
00010

4972
01000

4973
00010

4974
00100

4975
00100

4976
00100

4977
00001

4978
10000

4979
00100

4980
00010

4981
01000

4982
10000

4983
00100

4984
00001

4985
01000

4986
01000

4987
00100

4988
00001

4989
00010

4990
10000

4991
01100

4992
00010

4993
10000

4994
00010

4995
00001

4996
10000

4997
00100

4998
01000

4999
10100

5000
10000

5001
00001

5002
00100

5003
01000

5004
10000

5005
01000

5006
10000

5007
10000

5008
00100

5009
00010

5010
10000

5011
01000

5012
10000

5013
10000

5014
00010

5015
00010

5016
01000

5017
00010

5018
10000

5019
01000

5020
00001

5021
01000

5022
10000

5023
00001

5024
00010

5025
00100

5026
00001

5027
00001

5028
01000

5029
00010

5030
01000

5031
00010

5032
01100

5033
00001

5034
01000

5035
00010

5036
01000

5037
01010

5038
00010

5039
00010

5040
00100

5041
00010

5042
01000

5043
00001

5044
00010

5045
00010

5046
01000

5047
00001

5048
01010

5049
00100

5050
10000

5051
11000

5052
10000

5053
10000

5054
11000

5055
00111

5056
10000

5057
00100

5058
00100

5059
00100

5060
00001

5061
00100

5062
00100

5063
10000

5064
10000

5065
00100

5066
10000

5067
10000

5068
10000

5069
10010

5070
00010

5071
01000

5072
10000

5073
10000

5074
00001

5075
01001

5076
01000

5077
00100

5078
00001

5079
10000

5080
10000

5081
00010

5082
10000

5083
00010

5084
10000

5085
10000

5086
00110

5087
10000

5088
00100

5089
01000

5090
10000

5091
00100

5092
00010

5093
01010

5094
10000

5095
00100

5096
01000

5097
01000

5098
00100

5099
01000

5100
00001

5101
00001

5102
01000

5103
00100

5104
00010

5105
00001

5106
01000

5107
10000

5108
00100

5109
01000

5110
10000

5111
00100

5112
00010

5113
10000

5114
00001

5115
00001

5116
00100

5117
00001

5118
00001

5119
01000

5120
01000

5121
00100

5122
10100

5123
01000

5124
10000

5125
00001

5126
00001

5127
01000

5128
00100

5129
01000

5130
00100

5131
00100

5132
01000

5133
01000

5134
10000

5135
00010

5136
10000

5137
00100

5138
10000

5139
00010

5140
00001

5141
11000

5142
00100

5143
00100

5144
00001

5145
00001

5146
00010

5147
10100

5148
00100

5149
00101

5150
00100

5151
00100

5152
00100

5153
00100

5154
00010

5155
00010

5156
00001

5157
00100

5158
00100

5159
00100

5160
00100

5161
00100

5162
00100

5163
01000

5164
10000

5165
10000

5166
10000

5167
00001

5168
00001

5169
00001

5170
00010

5171
00100

5172
00001

5173
00010

5174
10000

5175
00100

5176
10000

5177
00001

5178
01100

5179
10000

5180
10000

5181
01000

5182
11111

5183
01000

5184
00001

5185
01100

5186
00001

5187
00001

5188
00010

5189
00010

5190
01000

5191
10000

5192
01000

5193
00010

5194
00010

5195
01000

5196
10000

5197
10000

5198
01000

5199
00001

5200
10000

5201
00010

5202
01000

5203
00100

5204
01000

5205
00010

5206
01000

5207
00011

5208
10000

5209
01000

5210
01000

5211
00100

5212
00001

5213
01000

5214
00010

5215
10000

5216
00001

5217
00001

5218
00010

5219
00001

5220
10000

5221
11000

5222
01001

5223
01000

5224
00100

5225
00001

5226
01000

5227
00010

5228
00110

5229
01000

5230
00100

5231
00001

5232
01000

5233
00001

5234
00001

5235
00010

5236
00100

5237
01000

5238
00001

5239
00110

5240
00001

5241
00100

5242
01000

5243
00010

5244
10000

5245
01000

5246
01100

5247
00100

5248
00010

5249
00001

5250
00010

5251
10000

5252
00010

5253
10000

5254
00010

5255
00010

5256
00100

5257
00010

5258
00010

5259
00100

5260
00100

5261
10000

5262
00010

5263
00010

5264
00100

5265
00001

5266
00001

5267
01000

5268
01000

5269
00010

5270
01000

5271
10010

5272
00010

5273
10000

5274
10000

5275
01000

5276
10000

5277
10100

5278
00101

5279
00100

5280
10000

5281
00100

5282
01000

5283
00010

5284
00010

5285
00010

5286
00001

5287
00001

5288
00001

5289
10000

5290
00100

5291
10000

5292
10000

5293
00010

5294
10000

5295
01000

5296
00001

5297
00100

5298
00001

5299
10000

5300
00010

5301
00100

5302
01000

5303
01000

5304
00100

5305
00001

5306
00010

5307
00100

5308
00010

5309
10000

5310
00010

5311
00010

5312
01000

5313
00001

5314
00001

5315
10000

5316
00100

5317
00100

5318
00010

5319
00001

5320
00001

5321
00100

5322
00100

5323
10000

5324
00100

5325
00001

5326
10010

5327
10000

5328
01000

5329
01000

5330
10000

5331
10000

5332
10000

5333
00100

5334
00100

5335
10000

5336
00100

5337
00100

5338
01000

5339
00001

5340
00010

5341
01000

5342
10000

5343
00001

5344
00010

5345
01000

5346
00010

5347
10000

5348
00100

5349
01000

5350
01000

5351
10000

5352
00010

5353
00100

5354
10000

5355
00100

5356
00001

5357
01000

5358
10000

5359
00001

5360
00010

5361
00010

5362
10000

5363
10000

5364
00001

5365
00010

5366
00100

5367
01000

5368
00001

5369
01000

5370
01000

5371
01000

5372
01000

5373
01000

5374
10000

5375
10000

5376
00100

5377
00001

5378
10000

5379
00011

5380
10000

5381
01000

5382
00001

5383
01000

5384
10000

5385
00001

5386
10000

5387
00100

5388
00010

5389
00001

5390
00010

5391
00001

5392
00100

5393
00100

5394
00010

5395
10000

5396
10000

5397
01000

5398
10000

5399
00010

5400
01000

5401
00001

5402
00010

5403
00010

5404
00100

5405
00001

5406
00001

5407
00001

5408
00100

5409
00100

5410
01000

5411
00010

5412
10000

5413
00001

5414
10000

5415
00001

5416
00001

5417
00010

5418
10010

5419
00100

5420
00011

5421
00010

5422
00100

5423
10000

5424
00001

5425
00101

5426
00100

5427
00100

5428
10000

5429
01100

5430
00010

5431
10000

5432
00001

5433
10000

5434
00010

5435
10000

5436
00010

5437
00001

5438
00001

5439
01000

5440
00001

5441
00010

5442
00001

5443
00001

5444
10000

5445
01000

5446
00001

5447
00001

5448
01000

5449
00100

5450
00001

5451
00001

5452
00100

5453
00100

5454
00100

5455
00100

5456
00100

5457
01000

5458
00100

5459
00010

5460
00001

5461
00001

5462
00001

5463
00001

5464
10000

5465
01000

5466
01000

5467
10000

5468
00001

5469
10000

5470
00010

5471
00001

5472
00001

5473
10000

5474
00100

5475
10000

5476
00001

5477
00010

5478
00010

5479
01000

5480
00001

5481
00001

5482
00100

5483
01000

5484
00100

5485
00001

5486
00001

5487
00010

5488
00101

5489
01000

5490
00001

5491
01000

5492
10000

5493
10000

5494
00110

5495
10000

5496
01000

5497
10000

5498
00010

5499
10000

5500
00010

5501
00010

5502
00100

5503
00001

5504
10000

5505
00100

5506
00001

5507
10000

5508
00001

5509
00001

5510
00010

5511
11000

5512
10000

5513
00001

5514
00010

5515
01000

5516
10000

5517
00010

5518
01100

5519
00001

5520
01000

5521
00010

5522
00100

5523
01001

5524
00010

5525
10000

5526
00100

5527
00010

5528
00001

5529
00010

5530
00001

5531
01010

5532
00010

5533
00100

5534
01000

5535
10000

5536
00100

5537
10000

5538
00010

5539
11000

5540
10000

5541
01000

5542
10100

5543
00010

5544
10000

5545
00010

5546
01000

5547
00010

5548
10000

5549
00001

5550
01000

5551
00001

5552
00010

5553
10000

5554
10000

5555
01000

5556
00010

5557
00001

5558
00010

5559
00001

5560
01000

5561
00001

5562
00010

5563
01000

5564
10010

5565
00001

5566
10000

5567
00100

5568
00010

5569
10000

5570
01000

5571
01000

5572
00100

5573
01000

5574
10000

5575
00001

5576
10000

5577
10000

5578
10100

5579
00010

5580
10000

5581
00001

5582
00100

5583
00001

5584
00010

5585
01000

5586
01000

5587
00001

5588
00001

5589
00100

5590
10000

5591
00010

5592
01000

5593
00001

5594
01000

5595
00001

5596
10000

5597
10000

5598
00001

5599
00001

5600
00100

5601
00001

5602
00010

5603
00001

5604
00001

5605
00100

5606
00010

5607
00010

5608
00010

5609
00100

5610
00001

5611
00101

5612
00001

5613
00100

5614
10000

5615
00001

5616
10000

5617
00100

5618
01000

5619
00010

5620
00010

5621
10000

5622
00110

5623
10000

5624
01000

5625
01000

5626
10000

5627
10000

5628
00001

5629
00010

5630
00010

5631
00001

5632
01000

5633
00010

5634
10000

5635
00100

5636
00010

5637
10000

5638
00010

5639
00100

5640
01000

5641
01000

5642
10000

5643
00010

5644
10000

5645
00010

5646
00010

5647
00001

5648
00100

5649
01000

5650
00001

5651
00001

5652
01000

5653
00100

5654
00001

5655
01000

5656
01000

5657
00001

5658
00100

5659
01000

5660
10000

5661
00010

5662
01000

5663
00010

5664
00010

5665
00010

5666
00010

5667
01000

5668
00001

5669
00001

5670
10100

5671
00100

5672
00100

5673
00100

5674
10000

5675
00100

5676
00010

5677
00100

5678
01000

5679
00010

5680
00010

5681
00001

5682
01000

5683
01000

5684
00101

5685
10000

5686
00100

5687
00100

5688
00010

5689
10000

5690
11001

5691
00100

5692
10000

5693
00100

5694
01001

5695
10000

5696
00001

5697
10000

5698
00001

5699
10000

5700
10100

5701
00010

5702
00100

5703
01000

5704
01000

5705
01000

5706
01000

5707
00100

5708
01000

5709
01000

5710
00101

5711
01000

5712
10000

5713
01000

5714
00001

5715
01000

5716
10000

5717
00001

5718
10000

5719
00010

5720
00010

5721
10000

5722
10000

5723
00010

5724
10000

5725
00100

5726
00010

5727
00100

5728
01000

5729
00001

5730
10000

5731
00010

5732
00010

5733
00100

5734
00001

5735
10000

5736
01000

5737
00010

5738
00100

5739
00100

5740
01000

5741
00001

5742
00001

5743
00001

5744
00001

5745
00010

5746
01000

5747
00010

5748
00010

5749
00010

5750
00010

5751
00001

5752
00001

5753
01000

5754
00001

5755
01000

5756
00100

5757
01000

5758
10000

5759
00100

5760
00100

5761
00001

5762
10000

5763
10000

5764
01000

5765
00100

5766
00010

5767
00010

5768
00001

5769
01000

5770
01000

5771
00011

5772
00100

5773
00001

5774
10000

5775
00010

5776
00100

5777
00001

5778
00001

5779
00001

5780
10000

5781
01000

5782
01000

5783
01000

5784
10000

5785
01000

5786
10000

5787
00100

5788
00010

5789
10010

5790
10000

5791
00001

5792
01000

5793
01000

5794
00010

5795
01000

5796
00010

5797
01000

5798
00010

5799
00100

5800
01000

5801
01000

5802
10000

5803
00010

5804
01000

5805
00100

5806
01000

5807
01000

5808
10000

5809
00010

5810
01000

5811
10000

5812
01000

5813
00010

5814
01000

5815
00010

5816
01000

5817
00010

5818
10000

5819
11000

5820
01000

5821
00001

5822
00001

5823
10000

5824
00100

5825
00010

5826
10000

5827
10000

5828
01000

5829
00010

5830
00010

5831
00100

5832
01000

5833
00010

5834
00001

5835
01000

5836
10000

5837
10000

5838
00010

5839
00010

5840
00010

5841
01000

5842
10000

5843
00010

5844
10000

5845
00001

5846
00001

5847
00001

5848
01000

5849
00100

5850
10000

5851
00010

5852
00100

5853
01000

5854
00001

5855
00010

5856
00100

5857
01000

5858
00001

5859
00100

5860
00010

5861
01000

5862
00100

5863
10000

5864
01000

5865
00010

5866
00010

5867
01000

5868
01000

5869
00100

5870
00100

5871
00100

5872
00011

5873
01000

5874
00100

5875
00001

5876
10000

5877
10000

5878
01000

5879
01000

5880
00001

5881
00100

5882
00010

5883
10000

5884
00010

5885
10000

5886
01001

5887
00001

5888
01000

5889
10000

5890
00100

5891
00100

5892
00100

5893
11010

5894
00001

5895
00010

5896
10000

5897
00001

5898
01010

5899
10000

5900
00010

5901
00001

5902
01000

5903
01000

5904
00001

5905
01000

5906
00001

5907
10000

5908
10010

5909
01000

5910
00001

5911
00001

5912
00100

5913
00001

5914
10000

5915
00100

5916
01000

5917
00010

5918
10100

5919
00010

5920
00001

5921
00001

5922
01000

5923
00010

5924
00100

5925
10000

5926
00001

5927
00010

5928
00001

5929
00001

5930
10000

5931
00010

5932
00001

5933
01000

5934
00001

5935
10000

5936
00010

5937
01000

5938
10000

5939
00001

5940
00100

5941
00001

5942
01000

5943
00100

5944
10001

5945
01000

5946
10000

5947
00001

5948
00100

5949
00100

5950
01000

5951
10000

5952
01100

5953
10000

5954
00001

5955
00010

5956
00010

5957
10000

5958
00001

5959
10000

5960
11000

5961
01000

5962
01000

5963
00100

5964
10000

5965
01100

5966
10000

5967
10000

5968
01000

5969
00010

5970
11000

5971
00001

5972
00010

5973
00100

5974
01000

5975
00010

5976
00001

5977
00010

5978
00010

5979
00001

5980
00101

5981
10000

5982
00001

5983
00001

5984
00010

5985
00100

5986
10010

5987
00010

5988
00001

5989
00010

5990
01000

5991
10000

5992
10000

5993
00100

5994
10000

5995
00100

5996
00001

5997
00010

5998
01000

5999
00001

6000
00100

6001
01000

6002
00010

6003
00010

6004
00001

6005
00010

6006
00100

6007
10000

6008
00010

6009
00010

6010
00100

6011
00100

6012
00010

6013
00010

6014
10000

6015
01000

6016
00100

6017
01000

6018
00010

6019
00100

6020
00100

6021
00101

6022
00100

6023
01000

6024
10000

6025
10000

6026
00100

6027
00010

6028
10000

6029
00100

6030
00100

6031
00101

6032
10000

6033
01000

6034
10000

6035
00100

6036
01000

6037
10000

6038
00011

6039
01000

6040
00001

6041
00100

6042
00010

6043
10001

6044
00001

6045
10000

6046
00001

6047
00100

6048
00100

6049
10000

6050
01000

6051
01000

6052
10010

6053
01000

6054
00001

6055
10000

6056
10000

6057
10000

6058
01000

6059
00010

6060
10000

6061
10000

6062
01000

6063
10000

6064
10000

6065
00001

6066
10000

6067
00100

6068
00001

6069
10000

6070
00100

6071
01000

6072
00100

6073
00100

6074
01000

6075
10000

6076
00010

6077
10000

6078
00001

6079
10000

6080
00001

6081
00100

6082
01000

6083
00001

6084
00100

6085
10000

6086
10000

6087
10000

6088
10000

6089
01000

6090
11000

6091
11000

6092
00010

6093
10000

6094
00110

6095
00100

6096
10000

6097
10000

6098
00001

6099
01000

6100
10000

6101
10000

6102
00001

6103
00001

6104
01000

6105
00010

6106
00001

6107
00001

6108
01000

6109
00010

6110
01000

6111
00001

6112
00010

6113
01000

6114
00010

6115
00001

6116
00100

6117
01000

6118
00010

6119
00100

6120
00010

6121
01000

6122
00001

6123
00100

6124
00001

6125
00010

6126
10000

6127
00100

6128
10000

6129
00001

6130
00010

6131
00010

6132
10000

6133
10000

6134
00010

6135
01000

6136
01000

6137
01000

6138
11000

6139
01000

6140
00001

6141
10000

6142
10000

6143
00100

6144
00100

6145
10000

6146
00010

6147
00100

6148
01000

6149
10000

6150
00100

6151
00010

6152
00100

6153
10000

6154
00010

6155
00010

6156
00001

6157
01000

6158
00100

6159
00100

6160
01000

6161
00101

6162
00001

6163
00010

6164
00010

6165
00100

6166
01000

6167
10000

6168
00100

6169
00100

6170
00010

6171
01000

6172
00010

6173
00010

6174
00100

6175
10001

6176
10000

6177
00100

6178
10100

6179
00100

6180
00001

6181
00010

6182
10000

6183
01000

6184
00101

6185
00101

6186
10000

6187
00010

6188
00010

6189
01100

6190
00010

6191
00110

6192
10000

6193
00001

6194
00100

6195
01000

6196
00010

6197
10000

6198
01000

6199
10000

6200
00001

6201
00100

6202
00010

6203
10000

6204
01000

6205
00100

6206
01000

6207
01000

6208
00001

6209
00100

6210
10000

6211
00010

6212
00100

6213
00001

6214
00001

6215
11111

6216
01000

6217
01000

6218
00010

6219
00001

6220
00010

6221
00010

6222
01000

6223
10000

6224
00100

6225
00100

6226
01000

6227
10000

6228
00010

6229
00100

6230
00100

6231
00010

6232
01000

6233
00001

6234
00001

6235
00100

6236
00010

6237
01000

6238
10000

6239
10000

6240
10000

6241
00001

6242
01000

6243
00001

6244
00010

6245
01000

6246
00001

6247
00010

6248
00010

6249
00001

6250
00001

6251
00010

6252
00010

6253
00010

6254
10000

6255
01000

6256
01000

6257
00001

6258
00100

6259
00100

6260
00001

6261
00010

6262
01000

6263
10000

6264
00001

6265
00001

6266
00001

6267
10000

6268
00100

6269
00001

6270
00001

6271
00101

6272
00010

6273
01000

6274
00010

6275
00001

6276
00100

6277
01000

6278
01000

6279
10000

6280
01000

6281
10000

6282
01000

6283
00001

6284
10000

6285
00010

6286
11000

6287
01000

6288
10000

6289
01000

6290
00010

6291
01000

6292
00010

6293
01000

6294
00001

6295
01000

6296
00001

6297
00001

6298
00010

6299
10000

6300
00010

6301
00001

6302
00001

6303
10000

6304
01010

6305
01000

6306
00001

6307
10000

6308
00010

6309
01000

6310
00001

6311
10000

6312
00001

6313
00100

6314
01000

6315
10000

6316
00100

6317
00001

6318
00001

6319
10000

6320
00100

6321
00001

6322
01000

6323
10000

6324
10000

6325
01000

6326
01000

6327
00110

6328
00101

6329
10000

6330
01000

6331
10000

6332
00100

6333
00100

6334
10000

6335
00110

6336
01000

6337
00010

6338
10000

6339
00010

6340
10000

6341
00001

6342
00010

6343
00010

6344
01000

6345
00100

6346
00001

6347
10000

6348
00010

6349
00010

6350
10000

6351
00001

6352
00001

6353
00100

6354
10000

6355
00010

6356
10000

6357
00001

6358
10000

6359
01000

6360
00010

6361
00010

6362
10000

6363
00100

6364
00010

6365
10000

6366
01000

6367
01000

6368
00100

6369
00011

6370
00100

6371
00100

6372
00100

6373
00101

6374
10000

6375
01000

6376
00001

6377
10000

6378
01000

6379
00010

6380
10000

6381
00001

6382
00100

6383
10000

6384
00001

6385
10000

6386
10000

6387
00010

6388
10000

6389
00001

6390
01000

6391
10000

6392
01000

6393
01000

6394
10000

6395
10000

6396
00100

6397
00100

6398
10000

6399
00001

6400
10000

6401
00001

6402
01000

6403
00110

6404
10000

6405
00001

6406
00100

6407
00001

6408
00010

6409
01000

6410
00010

6411
00001

6412
00100

6413
00010

6414
10000

6415
00001

6416
00100

6417
10000

6418
01000

6419
01000

6420
10000

6421
01000

6422
10000

6423
00001

6424
00011

6425
00001

6426
01000

6427
00010

6428
00010

6429
10000

6430
01000

6431
01000

6432
01000

6433
00001

6434
00001

6435
00001

6436
01000

6437
00100

6438
01000

6439
10000

6440
01000

6441
01000

6442
00001

6443
00010

6444
10000

6445
01000

6446
01000

6447
00010

6448
01000

6449
01000

6450
01000

6451
00001

6452
10000

6453
01000

6454
10000

6455
10000

6456
01010

6457
00010

6458
01000

6459
00001

6460
01000

6461
00010

6462
00010

6463
00010

6464
01000

6465
10000

6466
00010

6467
00100

6468
00001

6469
00001

6470
00001

6471
00001

6472
00001

6473
01000

6474
00100

6475
10000

6476
10000

6477
00100

6478
00010

6479
10000

6480
10000

6481
01000

6482
01000

6483
00100

6484
10000

6485
00001

6486
00100

6487
00001

6488
00010

6489
00010

6490
10001

6491
10000

6492
10000

6493
00010

6494
00010

6495
00100

6496
00100

6497
00010

6498
10000

6499
00010

6500
01000

6501
00100

6502
00010

6503
01000

6504
00010

6505
00001

6506
10000

6507
00100

6508
00100

6509
01000

6510
10000

6511
00001

6512
01000

6513
00100

6514
00001

6515
01000

6516
00001

6517
10000

6518
00010

6519
10000

6520
00010

6521
01000

6522
00001

6523
00100

6524
10100

6525
10000

6526
00001

6527
00100

6528
00010

6529
01000

6530
00001

6531
00001

6532
00100

6533
00001

6534
00010

6535
00010

6536
10000

6537
10000

6538
01000

6539
01000

6540
00010

6541
10000

6542
10000

6543
10000

6544
00100

6545
00100

6546
00001

6547
00001

6548
00110

6549
00100

6550
10000

6551
01000

6552
00010

6553
00001

6554
00010

6555
01000

6556
00001

6557
00010

6558
00001

6559
10100

6560
10000

6561
00100

6562
00010

6563
00100

6564
00010

6565
00001

6566
00011

6567
01000

6568
01000

6569
00001

6570
10001

6571
10000

6572
00001

6573
10000

6574
00001

6575
00100

6576
00010

6577
00010

6578
10000

6579
10000

6580
01000

6581
00010

6582
00001

6583
00001

6584
00001

6585
00010

6586
00100

6587
00010

6588
00100

6589
00010

6590
00010

6591
01000

6592
10000

6593
10000

6594
00010

6595
00010

6596
10000

6597
00001

6598
10000

6599
00100

6600
10100

6601
00010

6602
00001

6603
01000

6604
00100

6605
00001

6606
00100

6607
00101

6608
01000

6609
00010

6610
00010

6611
01000

6612
00001

6613
00010

6614
11000

6615
00100

6616
10000

6617
01000

6618
00100

6619
01000

6620
00100

6621
01000

6622
00100

6623
10000

6624
00100

6625
00100

6626
00100

6627
00010

6628
00001

6629
00001

6630
01000

6631
00010

6632
00100

6633
10000

6634
01000

6635
00001

6636
00001

6637
00010

6638
01000

6639
00010

6640
00010

6641
00100

6642
00100

6643
00001

6644
00100

6645
10000

6646
00001

6647
00010

6648
01000

6649
00001

6650
10100

6651
10000

6652
00010

6653
10000

6654
00001

6655
01000

6656
10000

6657
00001

6658
00001

6659
00001

6660
00100

6661
00010

6662
01000

6663
01000

6664
00100

6665
10000

6666
00010

6667
10000

6668
01000

6669
00100

6670
10000

6671
10000

6672
00010

6673
00100

6674
00100

6675
00001

6676
00010

6677
10000

6678
00001

6679
10000

6680
00100

6681
01000

6682
01000

6683
00001

6684
00100

6685
00001

6686
10000

6687
00100

6688
01000

6689
10000

6690
10000

6691
00100

6692
00001

6693
01000

6694
10000

6695
00010

6696
00001

6697
00001

6698
01000

6699
00010

6700
00010

6701
10000

6702
00100

6703
00001

6704
00001

6705
00001

6706
10000

6707
00010

6708
00010

6709
10000

6710
01000

6711
00100

6712
01000

6713
01000

6714
00010

6715
10000

6716
00001

6717
00010

6718
00101

6719
00100

6720
00001

6721
10000

6722
00010

6723
00100

6724
00010

6725
00001

6726
01000

6727
01000

6728
10000

6729
00100

6730
00010

6731
00001

6732
10000

6733
00001

6734
10000

6735
01000

6736
00100

6737
00001

6738
10000

6739
10000

6740
00100

6741
11000

6742
00010

6743
10000

6744
00001

6745
00010

6746
00001

6747
00100

6748
00010

6749
00010

6750
00001

6751
01000

6752
10000

6753
00010

6754
00010

6755
10000

6756
00010

6757
00010

6758
00010

6759
01000

6760
10000

6761
00001

6762
00100

6763
01000

6764
01000

6765
01000

6766
01000

6767
00001

6768
10000

6769
00100

6770
01000

6771
00100

6772
00010

6773
00001

6774
10000

6775
00010

6776
00001

6777
01000

6778
10000

6779
10000

6780
10000

6781
00100

6782
10000

6783
00010

6784
00100

6785
00001

6786
00001

6787
01001

6788
00110

6789
01000

6790
00010

6791
01000

6792
00010

6793
10000

6794
00100

6795
01000

6796
00001

6797
10010

6798
00001

6799
01000

6800
01000

6801
00001

6802
00100

6803
00010

6804
00100

6805
00100

6806
10000

6807
00001

6808
00010

6809
00100

6810
00010

6811
00100

6812
00010

6813
01000

6814
00010

6815
00100

6816
00001

6817
10000

6818
01000

6819
00010

6820
00100

6821
00100

6822
01000

6823
01000

6824
00100

6825
00001

6826
01000

6827
00001

6828
00001

6829
00100

6830
10000

6831
00010

6832
10000

6833
00001

6834
10000

6835
00100

6836
00010

6837
10000

6838
00010

6839
10000

6840
00010

6841
00001

6842
00100

6843
10000

6844
10000

6845
00001

6846
01000

6847
01000

6848
00010

6849
10000

6850
10000

6851
10000

6852
00001

6853
00001

6854
10000

6855
00001

6856
00001

6857
00010

6858
00100

6859
00010

6860
00100

6861
00001

6862
01000

6863
01000

6864
10000

6865
00100

6866
10000

6867
00100

6868
01000

6869
10000

6870
01001

6871
01011

6872
00001

6873
00101

6874
01000

6875
00010

6876
00001

6877
00100

6878
00001

6879
01000

6880
00010

6881
00100

6882
01000

6883
00001

6884
10010

6885
01000

6886
10000

6887
10100

6888
01000

6889
01000

6890
00001

6891
01000

6892
00001

6893
00100

6894
01000

6895
10000

6896
01000

6897
01000

6898
01000

6899
01000

6900
00001

6901
00100

6902
00100

6903
00001

6904
01000

6905
00010

6906
01000

6907
00100

6908
01000

6909
00010

6910
10000

6911
00100

6912
10000

6913
00001

6914
10000

6915
10000

6916
10000

6917
10000

6918
00010

6919
00010

6920
01000

6921
00010

6922
10000

6923
01100

6924
00010

6925
10000

6926
01000

6927
00010

6928
00100

6929
00100

6930
00001

6931
00001

6932
01000

6933
10000

6934
10000

6935
00010

6936
01000

6937
00010

6938
00001

6939
01000

6940
00100

6941
10000

6942
00100

6943
00010

6944
00010

6945
00010

6946
01000

6947
01000

6948
00100

6949
10000

6950
00001

6951
01000

6952
00001

6953
00011

6954
00100

6955
01001

6956
00001

6957
00001

6958
01000

6959
00001

6960
01000

6961
00001

6962
00001

6963
00001

6964
01000

6965
01000

6966
00001

6967
00001

6968
00100

6969
00010

6970
01000

6971
00100

6972
00100

6973
01000

6974
00010

6975
01000

6976
01000

6977
00001

6978
01000

6979
10100

6980
10000

6981
00010

6982
01000

6983
00010

6984
01000

6985
01000

6986
00001

6987
01000

6988
01001

6989
00001

6990
00100

6991
00001

6992
00100

6993
10000

6994
00001

6995
10100

6996
00010

6997
00001

6998
00100

6999
00010

7000
00001

7001
10000

7002
00010

7003
00010

7004
00010

7005
00010

7006
00010

7007
10000

7008
00100

7009
00010

7010
10000

7011
01000

7012
00100

7013
10100

7014
10000

7015
00100

7016
01010

7017
00001

7018
00100

7019
10000

7020
00010

7021
00010

7022
01000

7023
00010

7024
00010

7025
00010

7026
00010

7027
01000

7028
00100

7029
00001

7030
01000

7031
01000

7032
00101

7033
00100

7034
00100

7035
10010

7036
10000

7037
10000

7038
00001

7039
00100

7040
01000

7041
00100

7042
00010

7043
10000

7044
00010

7045
01000

7046
00100

7047
00010

7048
10000

7049
01000

7050
00010

7051
01000

7052
01000

7053
01000

7054
01000

7055
10000

7056
00001

7057
00100

7058
10000

7059
10000

7060
10000

7061
10000

7062
10000

7063
00010

7064
01000

7065
00010

7066
00001

7067
10100

7068
01010

7069
00001

7070
10000

7071
00010

7072
10001

7073
00100

7074
00001

7075
00001

7076
00100

7077
10000

7078
00010

7079
10000

7080
01000

7081
00010

7082
10000

7083
10000

7084
10000

7085
00010

7086
00001

7087
00001

7088
00001

7089
10000

7090
01000

7091
00100

7092
00100

7093
00100

7094
01000

7095
00100

7096
01000

7097
00100

7098
01000

7099
00010

7100
00001

7101
10000

7102
00100

7103
00001

7104
00010

7105
10000

7106
00100

7107
00010

7108
10000

7109
00010

7110
00010

7111
10000

7112
00011

7113
01000

7114
00010

7115
00010

7116
00010

7117
00101

7118
00010

7119
01000

7120
01000

7121
00001

7122
00100

7123
00001

7124
10000

7125
00100

7126
00001

7127
10000

7128
10001

7129
01000

7130
00100

7131
00010

7132
00001

7133
01000

7134
00100

7135
00010

7136
00001

7137
00010

7138
10000

7139
00100

7140
01000

7141
00001

7142
00100

7143
01000

7144
00001

7145
00100

7146
00010

7147
01000

7148
01000

7149
00100

7150
00001

7151
00001

7152
00100

7153
01000

7154
00100

7155
01000

7156
00001

7157
01010

7158
01000

7159
00010

7160
00001

7161
01000

7162
10000

7163
00001

7164
00100

7165
00001

7166
00001

7167
00001

7168
00010

7169
00010

7170
10000

7171
00001

7172
01000

7173
00100

7174
00001

7175
00001

7176
10000

7177
00100

7178
00100

7179
00010

7180
00010

7181
00100

7182
00001

7183
00001

7184
10000

7185
00010

7186
00001

7187
00001

7188
01000

7189
00110

7190
00100

7191
00001

7192
00010

7193
00100

7194
10010

7195
00010

7196
00001

7197
00100

7198
10000

7199
01000

7200
00100

7201
00100

7202
00010

7203
00100

7204
10000

7205
10000

7206
01000

7207
00001

7208
01000

7209
00100

7210
00001

7211
00010

7212
00001

7213
00100

7214
01000

7215
10000

7216
01000

7217
10000

7218
00100

7219
00010

7220
01000

7221
01000

7222
00010

7223
00010

7224
00001

7225
01000

7226
00001

7227
00001

7228
10000

7229
10000

7230
00010

7231
00001

7232
10000

7233
10000

7234
10000

7235
10000

7236
10000

7237
00100

7238
10000

7239
00001

7240
10000

7241
10100

7242
00010

7243
01000

7244
01000

7245
10000

7246
00010

7247
01000

7248
00110

7249
01000

7250
00001

7251
01000

7252
00001

7253
00001

7254
01000

7255
00001

7256
00001

7257
00100

7258
00010

7259
00100

7260
01000

7261
00001

7262
10000

7263
00001

7264
10000

7265
00001

7266
01001

7267
10000

7268
00001

7269
10000

7270
10000

7271
00010

7272
01000

7273
01000

7274
00010

7275
10000

7276
10000

7277
10000

7278
10010

7279
00100

7280
10000

7281
00001

7282
00100

7283
01000

7284
00100

7285
00010

7286
00001

7287
00100

7288
00100

7289
10000

7290
11111

7291
00001

7292
00001

7293
00001

7294
10000

7295
10000

7296
01000

7297
00001

7298
10000

7299
01000

7300
10000

7301
10000

7302
01000

7303
00100

7304
00100

7305
01000

7306
00100

7307
00010

7308
00010

7309
00100

7310
11000

7311
00010

7312
00100

7313
00010

7314
00100

7315
10000

7316
00010

7317
00001

7318
00100

7319
01000

7320
01000

7321
10000

7322
01000

7323
00001

7324
00100

7325
00001

7326
10000

7327
00010

7328
11111

7329
00100

7330
01000

7331
10000

7332
10000

7333
01010

7334
10000

7335
00001

7336
00010

7337
00001

7338
01000

7339
00001

7340
00001

7341
01000

7342
10000

7343
01000

7344
00001

7345
00001

7346
00010

7347
10000

7348
10000

7349
00001

7350
00100

7351
00010

7352
00010

7353
00001

7354
01000

7355
10000

7356
00001

7357
00010

7358
00010

7359
01000

7360
00001

7361
10000

7362
00100

7363
10000

7364
00001

7365
00001

7366
00100

7367
00010

7368
00001

7369
10000

7370
01000

7371
00100

7372
00001

7373
10000

7374
00100

7375
10000

7376
01000

7377
00001

7378
00010

7379
00010

7380
10100

7381
01000

7382
00001

7383
00001

7384
00001

7385
01000

7386
01000

7387
00100

7388
01000

7389
00100

7390
00100

7391
00100

7392
01000

7393
10000

7394
10000

7395
00100

7396
00001

7397
10000

7398
00010

7399
00100

7400
10000

7401
00001

7402
00010

7403
00010

7404
00100

7405
01000

7406
00001

7407
00100

7408
01000

7409
00100

7410
00001

7411
00001

7412
10000

7413
00001

7414
10000

7415
10000

7416
01000

7417
00010

7418
01000

7419
00010

7420
00001

7421
00011

7422
00100

7423
00100

7424
01000

7425
00100

7426
00001

7427
01000

7428
00110

7429
10010

7430
01000

7431
00010

7432
01000

7433
01000

7434
00010

7435
00100

7436
00100

7437
00001

7438
00100

7439
00100

7440
10000

7441
01000

7442
01000

7443
01000

7444
00001

7445
10000

7446
10000

7447
10000

7448
00010

7449
10101

7450
00100

7451
10000

7452
00010

7453
00010

7454
01000

7455
00001

7456
00001

7457
10000

7458
10000

7459
00010

7460
10000

7461
10000

7462
00001

7463
00010

7464
01000

7465
00100

7466
00100

7467
01000

7468
00010

7469
00010

7470
00001

7471
11111

7472
00100

7473
00100

7474
00001

7475
01001

7476
00100

7477
00010

7478
01000

7479
01000

7480
01000

7481
01000

7482
00100

7483
01000

7484
00100

7485
00010

7486
00100

7487
00001

7488
01000

7489
10000

7490
00001

7491
00010

7492
01000

7493
00001

7494
00100

7495
11000

7496
00001

7497
01000

7498
00010

7499
00100

7500
10000

7501
00100

7502
10000

7503
00010

7504
01000

7505
00001

7506
00001

7507
10000

7508
00100

7509
00010

7510
10000

7511
00100

7512
00010

7513
10000

7514
00001

7515
00010

7516
00010

7517
00001

7518
00010

7519
00010

7520
00100

7521
00010

7522
00001

7523
00100

7524
00100

7525
10000

7526
01000

7527
00001

7528
00001

7529
00100

7530
10000

7531
01000

7532
10000

7533
10000

7534
01100

7535
01000

7536
00001

7537
00100

7538
00001

7539
10000

7540
00010

7541
01000

7542
10000

7543
00100

7544
10001

7545
01000

7546
10010

7547
10000

7548
01000

7549
01000

7550
01000

7551
00001

7552
00010

7553
10000

7554
00001

7555
00100

7556
00100

7557
00001

7558
00010

7559
10000

7560
00010

7561
01010

7562
10000

7563
01000

7564
00001

7565
00001

7566
10000

7567
10000

7568
00100

7569
00010

7570
10000

7571
00010

7572
01010

7573
10000

7574
00001

7575
01000

7576
00100

7577
00001

7578
00001

7579
00100

7580
10000

7581
01000

7582
00100

7583
00100

7584
00010

7585
01000

7586
00100

7587
01000

7588
00001

7589
10000

7590
00010

7591
11000

7592
10000

7593
00100

7594
01000

7595
10000

7596
00100

7597
00100

7598
10000

7599
10000

7600
00100

7601
00100

7602
00011

7603
00100

7604
01000

7605
10000

7606
00010

7607
10000

7608
00100

7609
01000

7610
01000

7611
00010

7612
00010

7613
10000

7614
01000

7615
00100

7616
00100

7617
00001

7618
00010

7619
01000

7620
00001

7621
00010

7622
00010

7623
00100

7624
00100

7625
00010

7626
01000

7627
00100

7628
00001

7629
01000

7630
10000

7631
00001

7632
00001

7633
00100

7634
00001

7635
00001

7636
10000

7637
10000

7638
01000

7639
00100

7640
01000

7641
00100

7642
00001

7643
00100

7644
01000

7645
01000

7646
00010

7647
10000

7648
00100

7649
01000

7650
00010

7651
10000

7652
10000

7653
01001

7654
00100

7655
00001

7656
00100

7657
00001

7658
10000

7659
01000

7660
01000

7661
00100

7662
00100

7663
00001

7664
00100

7665
00100

7666
10000

7667
00011

7668
00100

7669
01000

7670
01000

7671
10000

7672
00010

7673
00100

7674
00100

7675
00100

7676
00010

7677
00010

7678
00001

7679
10000

7680
10000

7681
00001

7682
00001

7683
00001

7684
00010

7685
00010

7686
00001

7687
01000

7688
10000

7689
00100

7690
00001

7691
00010

7692
00100

7693
00001

7694
01000

7695
00100

7696
10000

7697
00001

7698
00100

7699
01000

7700
01000

7701
00010

7702
00010

7703
00010

7704
00001

7705
00010

7706
00010

7707
00100

7708
10000

7709
00001

7710
00100

7711
10000

7712
00010

7713
00010

7714
00011

7715
00001

7716
00010

7717
10000

7718
00001

7719
00001

7720
01000

7721
00010

7722
01000

7723
01000

7724
01000

7725
01000

7726
01000

7727
10000

7728
00100

7729
01000

7730
10000

7731
00110

7732
10000

7733
00010

7734
00001

7735
00100

7736
00001

7737
00010

7738
00100

7739
01000

7740
00100

7741
00010

7742
00010

7743
10000

7744
00011

7745
11000

7746
01000

7747
10000

7748
00001

7749
00001

7750
00100

7751
10000

7752
00001

7753
00100

7754
00100

7755
00010

7756
00010

7757
00010

7758
00100

7759
01010

7760
01000

7761
10000

7762
01000

7763
11000

7764
00100

7765
00100

7766
00001

7767
00100

7768
00010

7769
00110

7770
00110

7771
00100

7772
00100

7773
01000

7774
00010

7775
00001

7776
01000

7777
01000

7778
01000

7779
00001

7780
00100

7781
11111

7782
00001

7783
00010

7784
01000

7785
10000

7786
01000

7787
00100

7788
01000

7789
00100

7790
00001

7791
10000

7792
10000

7793
00001

7794
10100

7795
10000

7796
01000

7797
00001

7798
01000

7799
00001

7800
01000

7801
00010

7802
00010

7803
01000

7804
01000

7805
00010

7806
00100

7807
10000

7808
00001

7809
00001

7810
00001

7811
00001

7812
01000

7813
00010

7814
00010

7815
01000

7816
00001

7817
00100

7818
10010

7819
00010

7820
10000

7821
01000

7822
00010

7823
01000

7824
00100

7825
00010

7826
00001

7827
00100

7828
10000

7829
00100

7830
00100

7831
00001

7832
10000

7833
00010

7834
00100

7835
00010

7836
00100

7837
00010

7838
00010

7839
01000

7840
01000

7841
10000

7842
10000

7843
00010

7844
00100

7845
01000

7846
00010

7847
10000

7848
10100

7849
00100

7850
00100

7851
01000

7852
00001

7853
00010

7854
00010

7855
00100

7856
00010

7857
00010

7858
00100

7859
00100

7860
00010

7861
10000

7862
00010

7863
00010

7864
00001

7865
00100

7866
00010

7867
10000

7868
01010

7869
00001

7870
00111

7871
00010

7872
01000

7873
01000

7874
00001

7875
01000

7876
00100

7877
01000

7878
10000

7879
10000

7880
01000

7881
01000

7882
00100

7883
00100

7884
00001

7885
00010

7886
01000

7887
00001

7888
10000

7889
01000

7890
00001

7891
10000

7892
00010

7893
00001

7894
10000

7895
00011

7896
00100

7897
01000

7898
00100

7899
10000

7900
00010

7901
00100

7902
01000

7903
00100

7904
00001

7905
01000

7906
10000

7907
10100

7908
00010

7909
00010

7910
10000

7911
10000

7912
01000

7913
10000

7914
00010

7915
10000

7916
00100

7917
00100

7918
10000

7919
00100

7920
00001

7921
01000

7922
00001

7923
00010

7924
00100

7925
00001

7926
10000

7927
00001

7928
01000

7929
00001

7930
01000

7931
01000

7932
10000

7933
00001

7934
10000

7935
00100

7936
00001

7937
00100

7938
00001

7939
00010

7940
00100

7941
00100

7942
00001

7943
01001

7944
01000

7945
00001

7946
00001

7947
00010

7948
10000

7949
00001

7950
00010

7951
00100

7952
00001

7953
00010

7954
00100

7955
10000

7956
00100

7957
00010

7958
00010

7959
00010

7960
01000

7961
00010

7962
00001

7963
00010

7964
10000

7965
00010

7966
10000

7967
00100

7968
00100

7969
00001

7970
00001

7971
00010

7972
00001

7973
00001

7974
00010

7975
00001

7976
01000

7977
00010

7978
01000

7979
00001

7980
01000

7981
10000

7982
00001

7983
00001

7984
00010

7985
00001

7986
01000

7987
00100

7988
01000

7989
00100

7990
00001

7991
01000

7992
01000

7993
00001

7994
00100

7995
10000

7996
00001

7997
01000

7998
11111

7999
00001

8000
00001

8001
00100

8002
00100

8003
00100

8004
00100

8005
00110

8006
10000

8007
00010

8008
00100

8009
00010

8010
00010

8011
10000

8012
10000

8013
01000

8014
00001

8015
00100

8016
00001

8017
00100

8018
00100

8019
10000

8020
00100

8021
00010

8022
00001

8023
10000

8024
00100

8025
00100

8026
01000

8027
00100

8028
00001

8029
01000

8030
10000

8031
10000

8032
00001

8033
00100

8034
10010

8035
00100

8036
00001

8037
01000

8038
00001

8039
01000

8040
10000

8041
10001

8042
00100

8043
00100

8044
00010

8045
00001

8046
10000

8047
01000

8048
10000

8049
00100

8050
00010

8051
01000

8052
01000

8053
10000

8054
01000

8055
11111

8056
01000

8057
00101

8058
00010

8059
00001

8060
10000

8061
00010

8062
00100

8063
00010

8064
01000

8065
00001

8066
00001

8067
10000

8068
10000

8069
10000

8070
01000

8071
10000

8072
00010

8073
00010

8074
00001

8075
00010

8076
00010

8077
00100

8078
10000

8079
00010

8080
10100

8081
00010

8082
10000

8083
00100

8084
00100

8085
01000

8086
10000

8087
00010

8088
01000

8089
01000

8090
10000

8091
00100

8092
00100

8093
10000

8094
10010

8095
10000

8096
00001

8097
00100

8098
00100

8099
10000

8100
00100

8101
00001

8102
01000

8103
00100

8104
11111

8105
01000

8106
00001

8107
01000

8108
01000

8109
00001

8110
10000

8111
00010

8112
10000

8113
00001

8114
01000

8115
00100

8116
00100

8117
10000

8118
10100

8119
01000

8120
00001

8121
00100

8122
01000

8123
00100

8124
10000

8125
10000

8126
00001

8127
00001

8128
00010

8129
10000

8130
01000

8131
00010

8132
00001

8133
00001

8134
01000

8135
11000

8136
00001

8137
00100

8138
00100

8139
00100

8140
00001

8141
00001

8142
00100

8143
10000

8144
00001

8145
01000

8146
10000

8147
00100

8148
00010

8149
00001

8150
00010

8151
11000

8152
00010

8153
11000

8154
00100

8155
01000

8156
10000

8157
00001

8158
10000

8159
00001

8160
00010

8161
00010

8162
01000

8163
01000

8164
00100

8165
01000

8166
00100

8167
10000

8168
10000

8169
00001

8170
00001

8171
00010

8172
10000

8173
01000

8174
00100

8175
10000

8176
10000

8177
10000

8178
10000

8179
00010

8180
10000

8181
00101

8182
00001

8183
11000

8184
00010

8185
00010

8186
00100

8187
00010

8188
00001

8189
00001

8190
00001

8191
01000

8192
00001

8193
10000

8194
10000

8195
00001

8196
00100

8197
10000

8198
00010

8199
10000

8200
01000

8201
00010

8202
00100

8203
10010

8204
00100

8205
00011

8206
01000

8207
00001

8208
00100

8209
00100

8210
01000

8211
00100

8212
10000

8213
01000

8214
00001

8215
00001

8216
10000

8217
01000

8218
01000

8219
00100

8220
00010

8221
10000

8222
10000

8223
00010

8224
00100

8225
11000

8226
11000

8227
00110

8228
00100

8229
10000

8230
01000

8231
01000

8232
00101

8233
10000

8234
00100

8235
00010

8236
10000

8237
00001

8238
10000

8239
01000

8240
01000

8241
00001

8242
00010

8243
00100

8244
00001

8245
00001

8246
01000

8247
00010

8248
00100

8249
00010

8250
00010

8251
00100

8252
10000

8253
01000

8254
01000

8255
01000

8256
00010

8257
10000

8258
00100

8259
00100

8260
00100

8261
00001

8262
00010

8263
10000

8264
00010

8265
00101

8266
10000

8267
01000

8268
01100

8269
00100

8270
00010

8271
10000

8272
00010

8273
00001

8274
00001

8275
00001

8276
00001

8277
00001

8278
00010

8279
00010

8280
00001

8281
00001

8282
00001

8283
10001

8284
00010

8285
00010

8286
10000

8287
00001

8288
01000

8289
01000

8290
00001

8291
00010

8292
10000

8293
00100

8294
10000

8295
00100

8296
00100

8297
00001

8298
00001

8299
00010

8300
01000

8301
00100

8302
00001

8303
00010

8304
00001

8305
10000

8306
00010

8307
00001

8308
10000

8309
11010

8310
00100

8311
00100

8312
01000

8313
10000

8314
00001

8315
00001

8316
01000

8317
00001

8318
01100

8319
10001

8320
00100

8321
00010

8322
01000

8323
00100

8324
00001

8325
01100

8326
00100

8327
00100

8328
00010

8329
00010

8330
00010

8331
11111

8332
01000

8333
00010

8334
00010

8335
00100

8336
01000

8337
00100

8338
01000

8339
00010

8340
00001

8341
00010

8342
10000

8343
00001

8344
00010

8345
00001

8346
00100

8347
00100

8348
10000

8349
10000

8350
00010

8351
00100

8352
10000

8353
00101

8354
10000

8355
00100

8356
10000

8357
00010

8358
00010

8359
10000

8360
00010

8361
00100

8362
00010

8363
10000

8364
10000

8365
10001

8366
00001

8367
00100

8368
00001

8369
10000

8370
00100

8371
10001

8372
10000

8373
00001

8374
01000

8375
00100

8376
01000

8377
00010

8378
00100

8379
00001

8380
00100

8381
10000

8382
00010

8383
01000

8384
01000

8385
00001

8386
00001

8387
10000

8388
10000

8389
11000

8390
00001

8391
00001

8392
00100

8393
00001

8394
01001

8395
10100

8396
01000

8397
01000

8398
00010

8399
00011

8400
10000

8401
01010

8402
01101

8403
00001

8404
00010

8405
10000

8406
10000

8407
00010

8408
00010

8409
01000

8410
01000

8411
00010

8412
10000

8413
10000

8414
00001

8415
10000

8416
10010

8417
01000

8418
00001

8419
00011

8420
01000

8421
00100

8422
00001

8423
10000

8424
00100

8425
00010

8426
01000

8427
01000

8428
01000

8429
10000

8430
00001

8431
00111

8432
00001

8433
00010

8434
10000

8435
01000

8436
00010

8437
00100

8438
00100

8439
10000

8440
00100

8441
00001

8442
01000

8443
01000

8444
00100

8445
10000

8446
00010

8447
10000

8448
00001

8449
00001

8450
10000

8451
01000

8452
00010

8453
10000

8454
00001

8455
00001

8456
10000

8457
00010

8458
10000

8459
01000

8460
00010

8461
00010

8462
11000

8463
10000

8464
10000

8465
01000

8466
00010

8467
00010

8468
00010

8469
00001

8470
01001

8471
10000

8472
00001

8473
10000

8474
00010

8475
00010

8476
10000

8477
00100

8478
00010

8479
00100

8480
01000

8481
00100

8482
00001

8483
00001

8484
00001

8485
00001

8486
10000

8487
00100

8488
01000

8489
10000

8490
01000

8491
01000

8492
01000

8493
00001

8494
00100

8495
00100

8496
10000

8497
00100

8498
00100

8499
00001

8500
01000

8501
00100

8502
00010

8503
01000

8504
10100

8505
10000

8506
01000

8507
00001

8508
00010

8509
01000

8510
10100

8511
01000

8512
00001

8513
00001

8514
00001

8515
00010

8516
10000

8517
00001

8518
01000

8519
01000

8520
00001

8521
01000

8522
00100

8523
10000

8524
00010

8525
01000

8526
00100

8527
00001

8528
01000

8529
00010

8530
00100

8531
01000

8532
00100

8533
10101

8534
00010

8535
10000

8536
10000

8537
00010

8538
00010

8539
10000

8540
00100

8541
00010

8542
10000

8543
00001

8544
00001

8545
00100

8546
00001

8547
00001

8548
10000

8549
00001

8550
10000

8551
00010

8552
00010

8553
00100

8554
00100

8555
00010

8556
00001

8557
00001

8558
01000

8559
10000

8560
00010

8561
00001

8562
10000

8563
01000

8564
00010

8565
10000

8566
00010

8567
00100

8568
00001

8569
00001

8570
00100

8571
01000

8572
00001

8573
00001

8574
00100

8575
10000

8576
00010

8577
00100

8578
00010

8579
10000

8580
10000

8581
00001

8582
00010

8583
00010

8584
10001

8585
00010

8586
10000

8587
00100

8588
10000

8589
00110

8590
01000

8591
01000

8592
00001

8593
00010

8594
00010

8595
10000

8596
01000

8597
00010

8598
00001

8599
10010

8600
10000

8601
00100

8602
00100

8603
01000

8604
00010

8605
00010

8606
00010

8607
01001

8608
00010

8609
00100

8610
01000

8611
00010

8612
10000

8613
01000

8614
00100

8615
01000

8616
00010

8617
00100

8618
00100

8619
10000

8620
00001

8621
10000

8622
00010

8623
00001

8624
01010

8625
00001

8626
00001

8627
00100

8628
10000

8629
10010

8630
00011

8631
00010

8632
01000

8633
00001

8634
00001

8635
11000

8636
01000

8637
00100

8638
00001

8639
10000

8640
00001

8641
00100

8642
00100

8643
00100

8644
00001

8645
10000

8646
01000

8647
01000

8648
10000

8649
01000

8650
10000

8651
00100

8652
00001

8653
01000

8654
01000

8655
10000

8656
10010

8657
00100

8658
10100

8659
01000

8660
00100

8661
01000

8662
10000

8663
10100

8664
10000

8665
10000

8666
00001

8667
00100

8668
01000

8669
00010

8670
00100

8671
00100

8672
01000

8673
00100

8674
10000

8675
00001

8676
00100

8677
00100

8678
00010

8679
10000

8680
00010

8681
10000

8682
00001

8683
00001

8684
00100

8685
01000

8686
10000

8687
00001

8688
01000

8689
00100

8690
01000

8691
00010

8692
01000

8693
10000

8694
00010

8695
00010

8696
00100

8697
00100

8698
00100

8699
00010

8700
10000

8701
00100

8702
00001

8703
01000

8704
00010

8705
00100

8706
00010

8707
01000

8708
00001

8709
01000

8710
00010

8711
00010

8712
00100

8713
01000

8714
00001

8715
10000

8716
01000

8717
00100

8718
00001

8719
00100

8720
00001

8721
10000

8722
01010

8723
01000

8724
00100

8725
00010

8726
00010

8727
00010

8728
00001

8729
00100

8730
11000

8731
00010

8732
10000

8733
10000

8734
10000

8735
00001

8736
00100

8737
10000

8738
10000

8739
00001

8740
00010

8741
00100

8742
11000

8743
00001

8744
11000

8745
00001

8746
00001

8747
01000

8748
00001

8749
00100

8750
00001

8751
00001

8752
01000

8753
00100

8754
00100

8755
01000

8756
00001

8757
00100

8758
01100

8759
00001

8760
10000

8761
00010

8762
10000

8763
00010

8764
00001

8765
01000

8766
01000

8767
01010

8768
10000

8769
00010

8770
00001

8771
00001

8772
10000

8773
10000

8774
10000

8775
00001

8776
01000

8777
00100

8778
00010

8779
00010

8780
01000

8781
10000

8782
00001

8783
01000

8784
00100

8785
00010

8786
01000

8787
01000

8788
01000

8789
01001

8790
00010

8791
00001

8792
01000

8793
00100

8794
00110

8795
00010

8796
00001

8797
00001

8798
00100

8799
00001

8800
10000

8801
00100

8802
01000

8803
00010

8804
00100

8805
00001

8806
00100

8807
00001

8808
10000

8809
00100

8810
01000

8811
10000

8812
10000

8813
00001

8814
00010

8815
10000

8816
10000

8817
10000

8818
00010

8819
10000

8820
00100

8821
00100

8822
01000

8823
00010

8824
00010

8825
00010

8826
01000

8827
10000

8828
00100

8829
00100

8830
00100

8831
01000

8832
00001

8833
10000

8834
01000

8835
10000

8836
10000

8837
00001

8838
10000

8839
00010

8840
01000

8841
00001

8842
10100

8843
01000

8844
00001

8845
00010

8846
10000

8847
10100

8848
00001

8849
00010

8850
01100

8851
10000

8852
10000

8853
00100

8854
01000

8855
00001

8856
00100

8857
01000

8858
00100

8859
00100

8860
10000

8861
00100

8862
00001

8863
10000

8864
00001

8865
01000

8866
10000

8867
00001

8868
00010

8869
01000

8870
10000

8871
00001

8872
11111

8873
00100

8874
00010

8875
10000

8876
00100

8877
00100

8878
00001

8879
00001

8880
00010

8881
01000

8882
01000

8883
00100

8884
10000

8885
00001

8886
10000

8887
00100

8888
10000

8889
01000

8890
00010

8891
10000

8892
00010

8893
00010

8894
00010

8895
01000

8896
00010

8897
00001

8898
10000

8899
00100

8900
01000

8901
10000

8902
10000

8903
00100

8904
01000

8905
00100

8906
00100

8907
00001

8908
00100

8909
00110

8910
01000

8911
10001

8912
00001

8913
01000

8914
10000

8915
10000

8916
11111

8917
10000

8918
01000

8919
00100

8920
00001

8921
10000

8922
01000

8923
00100

8924
10000

8925
00001

8926
10000

8927
00100

8928
10000

8929
10000

8930
00010

8931
00011

8932
00001

8933
00010

8934
01010

8935
00010

8936
01000

8937
01000

8938
10000

8939
00001

8940
00100

8941
00001

8942
00010

8943
01000

8944
10000

8945
00100

8946
00010

8947
00010

8948
01000

8949
01000

8950
10000

8951
00010

8952
00100

8953
00100

8954
00010

8955
00010

8956
00010

8957
01001

8958
01000

8959
00010

8960
00010

8961
10000

8962
00001

8963
00010

8964
01000

8965
01100

8966
10000

8967
10000

8968
00001

8969
10000

8970
00001

8971
00100

8972
00001

8973
00100

8974
10000

8975
10001

8976
00010

8977
01000

8978
00010

8979
00010

8980
10000

8981
01000

8982
00001

8983
10000

8984
00100

8985
00100

8986
00001

8987
10000

8988
00001

8989
00010

8990
00100

8991
01100

8992
00010

8993
10000

8994
01000

8995
00001

8996
10000

8997
00010

8998
00010

8999
01000

9000
00110

9001
10000

9002
11001

9003
00100

9004
00010

9005
00101

9006
01000

9007
00010

9008
10000

9009
00100

9010
00100

9011
10000

9012
00110

9013
00100

9014
00001

9015
10000

9016
00100

9017
00100

9018
00100

9019
00100

9020
00010

9021
01000

9022
00001

9023
00100

9024
00001

9025
01000

9026
00010

9027
01000

9028
10000

9029
10010

9030
10000

9031
00100

9032
10000

9033
00001

9034
00001

9035
00001

9036
00100

9037
00001

9038
10000

9039
10000

9040
00001

9041
01000

9042
00100

9043
00100

9044
10000

9045
10000

9046
01000

9047
00100

9048
00100

9049
10000

9050
00001

9051
00100

9052
01000

9053
01000

9054
00100

9055
00001

9056
00010

9057
00100

9058
10010

9059
01000

9060
00010

9061
00001

9062
00001

9063
10010

9064
10000

9065
00001

9066
10000

9067
00100

9068
00100

9069
10000

9070
01000

9071
00001

9072
00100

9073
00100

9074
10000

9075
01000

9076
01000

9077
01000

9078
00010

9079
00001

9080
01000

9081
00010

9082
01010

9083
00010

9084
00001

9085
00100

9086
00010

9087
00001

9088
00001

9089
00010

9090
11000

9091
10000

9092
00010

9093
00100

9094
00100

9095
01000

9096
01000

9097
00010

9098
00010

9099
00010

9100
00001

9101
00001

9102
00001

9103
10100

9104
11111

9105
00011

9106
00100

9107
00001

9108
10001

9109
01000

9110
01000

9111
00001

9112
01000

9113
00100

9114
00100

9115
01000

9116
01000

9117
00101

9118
00010

9119
10000

9120
00001

9121
00100

9122
00001

9123
10000

9124
01000

9125
00001

9126
01000

9127
00010

9128
00010

9129
00001

9130
01000

9131
00010

9132
01000

9133
10000

9134
10000

9135
00010

9136
10000

9137
01001

9138
00100

9139
01000

9140
01000

9141
01000

9142
00100

9143
00010

9144
01000

9145
00010

9146
10000

9147
01000

9148
00001

9149
00001

9150
00001

9151
00001

9152
00001

9153
01000

9154
10000

9155
00010

9156
01000

9157
10000

9158
10010

9159
10000

9160
00100

9161
01000

9162
10000

9163
01000

9164
00001

9165
00100

9166
11000

9167
00010

9168
00001

9169
10000

9170
10000

9171
00001

9172
00010

9173
10000

9174
00010

9175
00100

9176
01001

9177
00001

9178
00100

9179
00001

9180
01000

9181
00001

9182
00001

9183
10000

9184
00001

9185
00010

9186
00001

9187
00100

9188
10000

9189
10000

9190
00010

9191
00100

9192
00010

9193
01000

9194
10001

9195
00100

9196
00001

9197
00100

9198
00001

9199
00100

9200
00010

9201
00001

9202
00100

9203
00100

9204
00001

9205
10100

9206
00100

9207
10000

9208
01001

9209
00100

9210
00001

9211
10000

9212
01000

9213
01000

9214
01000

9215
01000

9216
00001

9217
01000

9218
10000

9219
00010

9220
00001

9221
00010

9222
00100

9223
00010

9224
10000

9225
00010

9226
00001

9227
00010

9228
11100

9229
01000

9230
00001

9231
00001

9232
00010

9233
00001

9234
01000

9235
00001

9236
00010

9237
00001

9238
10000

9239
10000

9240
00100

9241
00001

9242
00100

9243
10010

9244
01000

9245
00010

9246
00001

9247
10000

9248
10000

9249
10000

9250
00001

9251
01000

9252
01000

9253
00001

9254
00100

9255
00001

9256
01000

9257
10000

9258
10010

9259
01010

9260
01000

9261
00010

9262
01000

9263
01000

9264
00001

9265
00110

9266
00010

9267
10100

9268
10000

9269
00001

9270
00010

9271
00001

9272
10000

9273
01000

9274
00001

9275
01000

9276
00010

9277
00100

9278
10000

9279
00100

9280
01000

9281
01000

9282
00001

9283
10000

9284
00001

9285
00010

9286
01000

9287
10000

9288
00010

9289
01000

9290
01000

9291
00010

9292
01100

9293
00100

9294
00010

9295
00100

9296
00001

9297
10000

9298
00100

9299
01000

9300
00010

9301
10000

9302
00100

9303
00100

9304
01000

9305
00001

9306
01000

9307
00100

9308
10000

9309
10000

9310
10000

9311
00001

9312
10001

9313
00001

9314
00001

9315
00010

9316
00001

9317
10000

9318
00010

9319
00001

9320
01000

9321
01000

9322
00010

9323
00010

9324
00010

9325
10001

9326
00100

9327
00001

9328
00010

9329
10000

9330
00001

9331
01000

9332
10000

9333
00001

9334
01000

9335
10000

9336
00100

9337
10000

9338
01000

9339
00100

9340
00100

9341
00100

9342
10000

9343
00001

9344
00010

9345
00010

9346
01000

9347
00001

9348
00100

9349
00010

9350
00010

9351
10000

9352
00010

9353
00010

9354
10001

9355
01000

9356
01000

9357
00100

9358
00001

9359
01000

9360
01000

9361
00100

9362
00010

9363
00100

9364
10000

9365
00010

9366
10000

9367
00100

9368
00011

9369
00001

9370
00111

9371
00100

9372
00011

9373
00001

9374
01000

9375
00001

9376
10000

9377
01000

9378
00100

9379
10000

9380
00010

9381
10000

9382
01000

9383
00001

9384
00001

9385
01000

9386
10000

9387
10000

9388
00001

9389
01000

9390
01000

9391
00010

9392
10000

9393
10000

9394
10000

9395
01000

9396
00011

9397
01000

9398
00001

9399
01000

9400
01000

9401
00100

9402
00010

9403
01000

9404
00001

9405
01000

9406
01000

9407
10000

9408
01000

9409
00001

9410
00110

9411
00010

9412
10000

9413
01000

9414
00001

9415
01000

9416
00001

9417
10000

9418
01000

9419
00001

9420
10000

9421
10000

9422
10000

9423
00001

9424
00100

9425
01000

9426
01000

9427
01000

9428
00100

9429
10000

9430
00011

9431
01000

9432
00100

9433
01000

9434
00001

9435
00100

9436
00001

9437
00100

9438
10000

9439
10000

9440
01100

9441
10000

9442
01000

9443
00001

9444
00010

9445
00010

9446
00010

9447
00100

9448
01010

9449
10000

9450
01000

9451
00011

9452
11000

9453
00100

9454
00001

9455
10000

9456
00001

9457
10000

9458
01000

9459
10000

9460
10000

9461
00010

9462
00100

9463
00100

9464
00001

9465
01000

9466
00100

9467
00010

9468
00001

9469
00001

9470
00100

9471
10000

9472
00001

9473
01000

9474
00100

9475
00001

9476
00010

9477
00001

9478
00100

9479
00100

9480
01000

9481
00001

9482
00100

9483
00010

9484
10000

9485
01000

9486
00100

9487
01000

9488
10000

9489
00010

9490
10000

9491
00001

9492
00001

9493
10000

9494
00100

9495
01000

9496
00010

9497
00100

9498
10000

9499
00100

9500
00001

9501
00010

9502
10000

9503
10000

9504
00010

9505
01100

9506
01000

9507
01000

9508
00001

9509
00100

9510
00001

9511
01000

9512
10000

9513
01000

9514
00100

9515
00010

9516
01000

9517
00001

9518
01000

9519
00100

9520
00100

9521
00010

9522
01000

9523
01000

9524
10000

9525
00100

9526
10000

9527
10000

9528
10000

9529
01000

9530
10000

9531
01000

9532
01000

9533
00100

9534
00010

9535
00010

9536
01000

9537
00100

9538
10000

9539
01000

9540
10000

9541
01000

9542
10000

9543
10000

9544
10000

9545
00010

9546
01000

9547
00001

9548
00001

9549
01000

9550
01000

9551
10000

9552
00100

9553
00100

9554
00001

9555
00100

9556
00010

9557
01000

9558
10000

9559
00100

9560
00100

9561
10000

9562
10000

9563
11111

9564
00100

9565
00010

9566
00010

9567
00010

9568
00100

9569
00100

9570
01000

9571
00100

9572
00100

9573
01000

9574
01110

9575
10000

9576
10000

9577
01000

9578
00001

9579
00001

9580
00001

9581
00001

9582
00001

9583
00010

9584
10000

9585
01000

9586
01000

9587
00010

9588
10000

9589
00100

9590
10000

9591
00110

9592
10000

9593
10000

9594
00010

9595
00100

9596
00001

9597
10000

9598
00100

9599
00010

9600
00001

9601
00100

9602
10000

9603
01000

9604
00001

9605
00100

9606
00100

9607
10001

9608
01000

9609
00010

9610
01000

9611
00010

9612
00001

9613
01000

9614
00010

9615
00100

9616
00100

9617
00001

9618
10000

9619
01000

9620
00100

9621
00010

9622
00010

9623
00100

9624
00010

9625
01000

9626
00010

9627
10001

9628
00010

9629
01000

9630
00010

9631
00001

9632
00010

9633
00010

9634
00010

9635
10000

9636
00100

9637
00010

9638
01000

9639
10000

9640
00001

9641
00001

9642
00001

9643
01000

9644
10000

9645
00010

9646
01000

9647
10000

9648
01000

9649
10000

9650
00010

9651
00100

9652
01000

9653
00100

9654
00101

9655
01000

9656
10001

9657
00010

9658
01000

9659
00001

9660
10000

9661
00100

9662
00001

9663
00001

9664
00100

9665
00001

9666
10000

9667
00010

9668
00101

9669
10000

9670
10000

9671
01000

9672
00001

9673
00001

9674
00100

9675
00100

9676
00100

9677
01000

9678
01000

9679
00100

9680
00100

9681
00001

9682
00010

9683
00010

9684
00001

9685
00100

9686
01000

9687
10000

9688
00010

9689
10000

9690
10000

9691
01000

9692
00001

9693
10000

9694
00100

9695
01000

9696
10000

9697
00001

9698
00100

9699
00001

9700
00010

9701
00001

9702
01000

9703
10000

9704
10000

9705
10000

9706
00010

9707
00001

9708
01000

9709
00001

9710
00100

9711
01000

9712
00001

9713
00001

9714
01000

9715
10000

9716
00100

9717
10000

9718
00010

9719
01000

9720
00010

9721
10001

9722
10000

9723
00001

9724
00001

9725
01011

9726
01000

9727
00010

9728
01000

9729
01000

9730
10000

9731
01000

9732
01000

9733
00001

9734
00010

9735
00010

9736
00100

9737
01000

9738
00100

9739
00010

9740
00110

9741
10000

9742
00001

9743
01000

9744
10000

9745
10000

9746
01000

9747
10000

9748
00010

9749
10000

9750
01000

9751
01000

9752
01000

9753
00010

9754
00010

9755
10000

9756
01000

9757
10000

9758
00001

9759
10000

9760
10000

9761
01000

9762
00100

9763
00100

9764
00001

9765
00001

9766
00001

9767
10000

9768
01000

9769
00101

9770
00001

9771
10000

9772
00010

9773
01000

9774
00100

9775
01000

9776
00010

9777
01000

9778
00100

9779
01000

9780
10000

9781
01000

9782
01000

9783
00010

9784
10000

9785
01000

9786
00010

9787
00001

9788
00101

9789
00100

9790
00100

9791
10100

9792
01000

9793
01001

9794
10000

9795
10000

9796
01000

9797
00001

9798
00001

9799
00001

9800
00001

9801
10000

9802
01000

9803
10000

9804
00001

9805
00100

9806
00100

9807
01000

9808
10000

9809
01100

9810
10000

9811
00100

9812
00001

9813
00010

9814
00100

9815
00100

9816
01000

9817
00100

9818
01000

9819
00001

9820
10000

9821
01000

9822
01000

9823
01000

9824
00100

9825
00100

9826
01100

9827
10000

9828
00010

9829
00100

9830
00001

9831
00010

9832
00100

9833
00010

9834
01000

9835
00010

9836
00100

9837
00100

9838
01000

9839
00010

9840
10000

9841
00010

9842
01000

9843
01100

9844
00010

9845
00001

9846
00100

9847
10000

9848
00010

9849
01000

9850
01001

9851
01000

9852
10000

9853
10000

9854
00001

9855
00100

9856
00001

9857
00100

9858
10000

9859
01001

9860
01100

9861
10000

9862
01000

9863
00100

9864
00100

9865
00001

9866
00100

9867
00010

9868
01000

9869
10000

9870
01000

9871
00100

9872
00100

9873
10000

9874
10000

9875
00001

9876
00100

9877
00010

9878
00010

9879
00001

9880
00010

9881
00100

9882
00001

9883
01000

9884
00100

9885
10000

9886
00001

9887
00001

9888
10000

9889
10000

9890
00010

9891
10000

9892
00100

9893
00100

9894
00101

9895
00010

9896
00001

9897
00010

9898
00010

9899
01000

9900
01000

9901
10000

9902
00010

9903
10000

9904
01100

9905
01000

9906
00100

9907
00101

9908
00011

9909
00001

9910
10000

9911
00001

9912
00010

9913
00100

9914
11000

9915
00010

9916
01000

9917
00100

9918
00100

9919
10000

9920
00001

9921
00100

9922
00010

9923
10000

9924
10000

9925
00100

9926
00001

9927
00100

9928
00001

9929
10000

9930
00010

9931
10000

9932
00010

9933
00100

9934
00010

9935
11111

9936
00010

9937
00001

9938
10000

9939
00100

9940
00010

9941
00010

9942
00001

9943
00010

9944
00101

9945
00010

9946
00100

9947
10000

9948
00001

9949
01000

9950
00010

9951
01000

9952
00100

9953
00010

9954
00010

9955
01000

9956
00001

9957
00010

9958
01001

9959
01000

9960
01000

9961
00001

9962
01000

9963
00010

9964
10000

9965
00001

9966
00001

9967
10001

9968
00100

9969
00101

9970
00010

9971
10000

9972
01000

9973
00010

9974
00100

9975
00001

9976
00010

9977
01001

9978
00100

9979
00100

9980
00001

9981
00001

9982
00001

9983
01001

9984
01000

9985
00001

9986
00010

9987
10000

9988
01000

9989
00010

9990
00010

9991
00001

9992
00010

9993
00001

9994
01010

9995
00100

9996
00100

9997
00100

9998
00010

9999
01000

