10000

0
00000100

1
00001000

2
10000000

3
00000100

4
10001000

5
00000001

6
10000000

7
00000100

8
00000100

9
00010000

10
01000000

11
00000010

12
01000000

13
00001000

14
01000000

15
00010000

16
10000000

17
01100000

18
10000000

19
00010000

20
10000000

21
00000010

22
00100000

23
00010000

24
01000000

25
00001001

26
00000010

27
00000010

28
00000001

29
00100000

30
00000001

31
00001000

32
10000000

33
10000000

34
01010000

35
00000010

36
01000000

37
00000100

38
00100000

39
00000100

40
00100000

41
10000000

42
00000100

43
00010000

44
00000100

45
00000010

46
01000000

47
10000001

48
00000001

49
00000010

50
00000100

51
00000100

52
00001000

53
00001000

54
00001000

55
00100000

56
00010000

57
00000001

58
00100000

59
10000000

60
00000100

61
01000000

62
01000000

63
10010000

64
00000100

65
00000010

66
00001000

67
00000100

68
00000100

69
00000010

70
00000010

71
00000100

72
00001000

73
00010000

74
10010000

75
00000010

76
01000000

77
00000100

78
00010000

79
00000100

80
10000000

81
10000000

82
00000001

83
00001000

84
00000001

85
00100000

86
00010000

87
00100000

88
00000010

89
00000100

90
01000000

91
00000001

92
10000000

93
01000000

94
01000000

95
00010000

96
00010000

97
00100000

98
10000000

99
00110000

100
10000000

101
00001000

102
10000000

103
00000010

104
10000000

105
01001000

106
00000100

107
00000001

108
00001000

109
00000100

110
00000001

111
00100000

112
00100000

113
00000100

114
00000110

115
00000100

116
00000001

117
00000010

118
00000001

119
00010000

120
01000010

121
00000001

122
00010000

123
00000001

124
00000001

125
10000000

126
00000010

127
00100000

128
00001000

129
01000000

130
01000000

131
00001000

132
00000100

133
00000100

134
00000100

135
00100000

136
00000010

137
00000101

138
00100000

139
00000001

140
00000010

141
01000000

142
00000010

143
00001000

144
00000010

145
00001000

146
10000000

147
00001000

148
00000010

149
00000001

150
00001100

151
11100000

152
00010000

153
00000010

154
00010000

155
00100000

156
01000000

157
00100000

158
00000001

159
00000001

160
00000010

161
10000000

162
01000000

163
00001000

164
10000000

165
00100000

166
00001000

167
00010000

168
00000010

169
00000100

170
00001000

171
00000010

172
00000100

173
10000010

174
00000001

175
00100000

176
10000000

177
00000010

178
00010000

179
00100000

180
00000100

181
00000010

182
00000010

183
00001000

184
00000010

185
00000100

186
10000000

187
00000001

188
00100000

189
00010000

190
10000000

191
00100000

192
01100000

193
00000010

194
01000000

195
00010000

196
00000010

197
00100000

198
00010000

199
00001000

200
00000010

201
01000000

202
00010000

203
10000000

204
00000010

205
01001000

206
00001000

207
00000100

208
00010000

209
01000000

210
00000001

211
00000100

212
00000001

213
00000001

214
00010000

215
00100000

216
00001000

217
00010000

218
00001000

219
10000000

220
01001000

221
00000010

222
00000010

223
00010000

224
10000000

225
00000100

226
00001000

227
00001000

228
00000001

229
10000000

230
00000100

231
00001000

232
00000100

233
10000000

234
10000000

235
00100000

236
00010010

237
00000100

238
00001000

239
00001000

240
01000000

241
00100000

242
00000010

243
01000000

244
10001100

245
10000000

246
00010000

247
10000000

248
00000001

249
00000010

250
00000010

251
01000000

252
00010000

253
00010000

254
00010000

255
10000000

256
00000100

257
00000010

258
00000001

259
00000001

260
00000001

261
10000000

262
00000010

263
00100000

264
00001000

265
00010000

266
00000010

267
00010000

268
00100000

269
00000010

270
01000000

271
00000001

272
01000000

273
00100000

274
01000000

275
00100000

276
00000001

277
00001100

278
00000010

279
00000010

280
00000010

281
10000000

282
00001000

283
10000001

284
00000100

285
00001000

286
00010000

287
00010000

288
10000000

289
00000001

290
00000001

291
00010000

292
01000000

293
01000000

294
00001000

295
10000000

296
10101000

297
00100000

298
00010000

299
00100000

300
00001000

301
00000010

302
00000100

303
10000000

304
10000000

305
00010000

306
00100000

307
10000000

308
01000000

309
00010000

310
00000100

311
00010000

312
00000100

313
01000000

314
00000100

315
00010000

316
01000000

317
00000001

318
01000000

319
00001100

320
00000100

321
00100000

322
00100000

323
01000000

324
00000010

325
00010000

326
01000000

327
00100010

328
00000001

329
00001000

330
10000000

331
00000001

332
10000000

333
00000001

334
00010000

335
00010000

336
00000001

337
00010000

338
00100000

339
00000001

340
00001000

341
00100000

342
00000100

343
00100000

344
00100010

345
00001000

346
00100000

347
00010000

348
10000100

349
10100000

350
00001000

351
10000000

352
00100000

353
00000100

354
00000001

355
00010000

356
00010000

357
00000010

358
00000010

359
00010000

360
00000001

361
00010000

362
10000000

363
01001000

364
00100000

365
00010000

366
00100000

367
00001000

368
00000001

369
00000110

370
00001000

371
01000000

372
00001000

373
00100001

374
00000001

375
00000001

376
01000000

377
01000000

378
01000100

379
10100000

380
00000010

381
00001000

382
00000001

383
01000000

384
10000000

385
00110000

386
00000001

387
00000010

388
01000001

389
00001000

390
00000001

391
00000010

392
00000010

393
01000000

394
00010000

395
01000000

396
00010000

397
00000100

398
00010000

399
00100000

400
01000000

401
00010000

402
00000100

403
11111111

404
00000010

405
10000000

406
00001000

407
00001000

408
00000100

409
00001000

410
00000100

411
00010000

412
00010000

413
00000001

414
10000000

415
00110100

416
00100000

417
01000000

418
10000000

419
00000100

420
00100000

421
00000100

422
00010000

423
00100000

424
00000010

425
00010000

426
01000000

427
00000100

428
00000010

429
00010000

430
00010000

431
01000000

432
00100000

433
00000100

434
00000001

435
00000100

436
00000001

437
00001000

438
00010000

439
00000001

440
00100000

441
00001000

442
01000000

443
00001000

444
00000010

445
01000000

446
00000001

447
00000100

448
00100000

449
01000000

450
01000000

451
00000100

452
00010000

453
01000000

454
00000010

455
00010000

456
00000010

457
01000000

458
00100100

459
10000000

460
00001000

461
00000110

462
00010000

463
10000000

464
00100000

465
00100010

466
00000100

467
00000001

468
00001000

469
10000000

470
00000001

471
10000000

472
00001000

473
00000010

474
00001000

475
00010001

476
00100000

477
01000000

478
00010000

479
00010000

480
00001000

481
01000000

482
00000110

483
10000000

484
00010000

485
00100000

486
01000010

487
00000001

488
00000100

489
00000010

490
00010000

491
11111111

492
10110000

493
00000010

494
00100000

495
01000000

496
01000000

497
10001000

498
10000000

499
00000100

500
00001000

501
01000000

502
00001000

503
00001000

504
00000001

505
00100000

506
00100000

507
00001000

508
10000000

509
00001000

510
00100000

511
00001000

512
00010101

513
00100000

514
01000000

515
01000000

516
10000000

517
00000010

518
00000010

519
01000000

520
01000000

521
00100000

522
01000000

523
00000100

524
00100000

525
10000001

526
00001000

527
00010000

528
00000100

529
00000001

530
10000000

531
01000000

532
01000000

533
00000001

534
00000100

535
00000010

536
00000001

537
00000100

538
00000001

539
01000010

540
00000010

541
00100000

542
00000010

543
00000010

544
00000010

545
00010000

546
00100000

547
00010000

548
00010100

549
10000000

550
00000001

551
00000100

552
01000000

553
10000000

554
01000000

555
10000100

556
10000000

557
00100010

558
10000000

559
00001000

560
10000010

561
00000010

562
01000000

563
00100000

564
00001000

565
10000000

566
10000000

567
00000001

568
00000001

569
00001000

570
00001001

571
00001000

572
00010001

573
00100000

574
00100000

575
00010001

576
00001000

577
00000100

578
00010000

579
00000001

580
01000000

581
11111111

582
00000010

583
00000001

584
00000010

585
00000010

586
00010000

587
00010000

588
00000100

589
00100000

590
01010000

591
00001000

592
10000000

593
01000000

594
00100000

595
00000010

596
00001000

597
01000000

598
10000000

599
00000010

600
00100000

601
01000000

602
00100000

603
00000100

604
00000010

605
10000000

606
00000010

607
01000000

608
00010000

609
01000000

610
00000100

611
01000000

612
00000010

613
10000000

614
01000000

615
01000000

616
00100000

617
10000000

618
00001000

619
00000001

620
10000000

621
00001000

622
00010000

623
00000010

624
10000000

625
10000100

626
00000010

627
00000010

628
01000000

629
00010000

630
00000010

631
00000001

632
00100000

633
00100000

634
00100000

635
00000010

636
10110000

637
00000010

638
00000110

639
00001001

640
10000000

641
00100000

642
00100000

643
00000010

644
11000000

645
00000001

646
00100000

647
01000000

648
00000110

649
00000001

650
00001000

651
00000001

652
00001000

653
10000000

654
00001010

655
00110010

656
00000010

657
00001000

658
01000000

659
00000001

660
00001000

661
00010000

662
00000010

663
10000000

664
00001000

665
00001000

666
00001000

667
00000001

668
00000100

669
00100000

670
00010000

671
00000001

672
00001000

673
00100000

674
10000000

675
00001000

676
00001000

677
00000001

678
10000000

679
00000100

680
00010000

681
00001000

682
00010000

683
00100000

684
00000001

685
00001000

686
00100000

687
00000100

688
10000001

689
01000000

690
00000010

691
01000000

692
10000000

693
00001000

694
00100000

695
10000000

696
00000100

697
10000000

698
00100000

699
00000100

700
00000001

701
01000000

702
00000010

703
00000100

704
00000010

705
00000001

706
00001000

707
00000010

708
00000100

709
10000100

710
00000010

711
00001000

712
00100000

713
00010000

714
00000100

715
01101000

716
10000000

717
00001000

718
00100000

719
00000001

720
00001000

721
00010000

722
00001001

723
00001000

724
00000001

725
10000000

726
00000100

727
00010000

728
00000100

729
00001000

730
00000010

731
01000000

732
00010000

733
00010000

734
10000000

735
00001000

736
10000000

737
01000100

738
10000000

739
00000010

740
00010000

741
00000001

742
00000100

743
01000000

744
00000001

745
01000000

746
00010000

747
00000001

748
01000000

749
00000010

750
00001000

751
00001000

752
00001000

753
00000001

754
00000001

755
01000100

756
00000010

757
00000100

758
00001000

759
00000100

760
00000101

761
00000100

762
00100000

763
10000000

764
00000010

765
00010000

766
00010000

767
00100000

768
01000001

769
00000001

770
01000000

771
00000010

772
00000100

773
00010000

774
10000000

775
10000000

776
00001000

777
00000010

778
00010000

779
00001000

780
00010000

781
00000100

782
10000000

783
00100000

784
00010000

785
00000001

786
10000000

787
00010000

788
00001000

789
01000000

790
00000001

791
10000000

792
00001000

793
10000000

794
00010000

795
00000110

796
00000001

797
00001000

798
00010000

799
00010000

800
01000000

801
00010001

802
00000010

803
10000000

804
00010000

805
10100000

806
00101000

807
00000010

808
00010000

809
01000000

810
01000010

811
00000100

812
00010000

813
00000001

814
00000010

815
00000010

816
00001000

817
00001000

818
00010000

819
00000001

820
00001000

821
00000100

822
00000010

823
01000000

824
00000010

825
00000001

826
00010000

827
00000010

828
10000000

829
00000100

830
01000000

831
00000001

832
00000001

833
00001000

834
10000000

835
00010000

836
00100000

837
00000010

838
00000100

839
00100000

840
00100000

841
00000010

842
10000000

843
00000001

844
00000010

845
00000010

846
00010000

847
00010000

848
00010000

849
00001000

850
00000100

851
01000000

852
00000001

853
10000000

854
00001000

855
00000001

856
00000100

857
00001010

858
00001000

859
00000010

860
00010000

861
00000100

862
00100000

863
00010000

864
01000000

865
01000000

866
00000010

867
00000010

868
00010010

869
00001000

870
10000100

871
10000000

872
00010000

873
00000001

874
00010000

875
00000001

876
00000010

877
00000001

878
00000100

879
01000000

880
00000001

881
01000000

882
00000001

883
10000000

884
00001010

885
00000100

886
00010000

887
00010000

888
00000100

889
00000010

890
00000010

891
00001010

892
00000010

893
00000100

894
00010000

895
00100000

896
00010000

897
00010000

898
10000000

899
01000000

900
00100000

901
10000000

902
00100000

903
00100000

904
10000000

905
00100000

906
00000010

907
00010000

908
00001000

909
00000010

910
00010000

911
00000010

912
01000000

913
00001000

914
00100000

915
10000000

916
00000001

917
00010000

918
00000110

919
00000100

920
00100000

921
00010000

922
00100000

923
00001000

924
00000100

925
00000010

926
10000000

927
10000000

928
10000000

929
00110000

930
00000001

931
00001000

932
00010000

933
00010000

934
01000000

935
00010000

936
00001000

937
01000000

938
10000000

939
00100000

940
00000100

941
00000001

942
00100000

943
01000000

944
00000010

945
00100000

946
00001000

947
00010000

948
00000010

949
00000010

950
10000000

951
01000000

952
00000100

953
00000100

954
00000100

955
00001000

956
00010000

957
00011001

958
00000100

959
00100000

960
00000100

961
00000001

962
01000000

963
00000001

964
00100000

965
10000000

966
00000010

967
00000010

968
00001000

969
01000000

970
00000001

971
10000010

972
00100000

973
00100000

974
01001100

975
00010000

976
01000000

977
00100000

978
10000000

979
00100000

980
00100000

981
01000000

982
00100000

983
00000010

984
00001100

985
00001000

986
00001000

987
00010000

988
00000100

989
00010000

990
00001000

991
00001000

992
00000100

993
01000010

994
01000000

995
10010000

996
00000010

997
00000001

998
00000010

999
00000011

1000
00010000

1001
00001000

1002
00001000

1003
01000000

1004
00000100

1005
00001000

1006
01000000

1007
10000000

1008
01000000

1009
00000010

1010
00000100

1011
01100000

1012
00100000

1013
00010000

1014
01000000

1015
00000001

1016
00010000

1017
00000010

1018
00000010

1019
00000100

1020
10000000

1021
00010000

1022
00000010

1023
01000000

1024
00100000

1025
01000000

1026
10000000

1027
10000010

1028
00100000

1029
00010000

1030
00000010

1031
00001000

1032
00000100

1033
00100000

1034
00000001

1035
01000000

1036
00100000

1037
00000010

1038
10000000

1039
00001000

1040
01100000

1041
00010001

1042
00100000

1043
00010000

1044
00001000

1045
10000000

1046
00100000

1047
00010000

1048
00000100

1049
01000000

1050
00010000

1051
00010000

1052
00000010

1053
10000000

1054
10000000

1055
00000100

1056
00000100

1057
00001000

1058
10000000

1059
00000001

1060
00000010

1061
00100000

1062
00000100

1063
01000000

1064
01000000

1065
00000100

1066
00001000

1067
11111111

1068
00000001

1069
10010000

1070
00000010

1071
00000010

1072
10000000

1073
00100000

1074
01010000

1075
00010000

1076
01000000

1077
00100000

1078
00100100

1079
10000000

1080
00100000

1081
00010000

1082
10000000

1083
00010000

1084
00100000

1085
00000100

1086
00010000

1087
00000100

1088
00001001

1089
00001000

1090
00100010

1091
10000000

1092
00000001

1093
00001000

1094
00100000

1095
00100000

1096
00100000

1097
01000000

1098
00000100

1099
01000000

1100
01001000

1101
10000000

1102
10000000

1103
00000100

1104
00000010

1105
01000000

1106
00010000

1107
00001000

1108
00010000

1109
10010100

1110
00000100

1111
10000000

1112
00000001

1113
00010000

1114
10000000

1115
00000010

1116
01000000

1117
00000100

1118
00010000

1119
00100000

1120
00001010

1121
00000001

1122
00001000

1123
00000100

1124
00010000

1125
00010000

1126
10001000

1127
00100000

1128
00010010

1129
01000000

1130
00010000

1131
00010000

1132
10000000

1133
00100000

1134
10010100

1135
00001000

1136
01000000

1137
00000100

1138
00100000

1139
00000001

1140
00001000

1141
10000000

1142
00000010

1143
01000000

1144
00100000

1145
00010000

1146
00010000

1147
00010000

1148
00000001

1149
00000100

1150
00100000

1151
00010000

1152
00000010

1153
00001000

1154
01000000

1155
01000000

1156
00010001

1157
00100000

1158
01000000

1159
00000010

1160
01000000

1161
00000010

1162
00001000

1163
00010010

1164
00000010

1165
00100000

1166
00000100

1167
00010000

1168
00100000

1169
00100000

1170
00000010

1171
00100000

1172
00000001

1173
00000100

1174
00010000

1175
00100000

1176
00000001

1177
00000010

1178
01001000

1179
00000010

1180
00000001

1181
00010000

1182
00100000

1183
00000010

1184
10000000

1185
10000000

1186
01000000

1187
00000001

1188
10000000

1189
00100000

1190
00001000

1191
01000000

1192
00000001

1193
00100000

1194
00000010

1195
00010000

1196
10000000

1197
00100000

1198
00001000

1199
00100000

1200
00001000

1201
00001000

1202
01000000

1203
00010000

1204
00001000

1205
00001000

1206
00000010

1207
00000010

1208
00000001

1209
00101000

1210
00000010

1211
00000010

1212
00000010

1213
00000010

1214
10000000

1215
00100000

1216
11000000

1217
00000010

1218
10000000

1219
00001000

1220
01000010

1221
00100000

1222
10000000

1223
00010000

1224
00100100

1225
00000100

1226
00010000

1227
00000100

1228
00010000

1229
00000001

1230
00001000

1231
10000000

1232
00000100

1233
01000000

1234
00000100

1235
00000001

1236
00000001

1237
01000000

1238
00000100

1239
00000010

1240
00100000

1241
00000100

1242
00000010

1243
00001000

1244
00010000

1245
00000010

1246
00000100

1247
00100000

1248
00100000

1249
01100000

1250
00100000

1251
00000010

1252
00000010

1253
10000000

1254
01000000

1255
00000100

1256
00010000

1257
00100000

1258
00000001

1259
10000000

1260
00000100

1261
00000010

1262
00010000

1263
00000001

1264
00010000

1265
00100000

1266
00001000

1267
00000010

1268
00100000

1269
00001000

1270
00000100

1271
00100000

1272
00010000

1273
00000010

1274
00001000

1275
00000100

1276
00100000

1277
00000100

1278
10000001

1279
00100000

1280
00000010

1281
00000001

1282
00000100

1283
00001000

1284
00000100

1285
00000010

1286
00000100

1287
00010000

1288
01100000

1289
10000000

1290
00101000

1291
00010000

1292
00100000

1293
00100000

1294
00000100

1295
00000001

1296
10000000

1297
00000001

1298
00001000

1299
00001000

1300
00010000

1301
01000000

1302
00000001

1303
00000010

1304
00000100

1305
00000001

1306
10000000

1307
10000000

1308
00000010

1309
00000010

1310
00000001

1311
00000010

1312
01000000

1313
00010000

1314
01000000

1315
00000100

1316
00100000

1317
00000010

1318
00001000

1319
00010000

1320
00100000

1321
01000000

1322
00001000

1323
01000000

1324
00010000

1325
00001000

1326
00100000

1327
00010000

1328
00001000

1329
00100000

1330
00100000

1331
10000000

1332
00000001

1333
00000110

1334
00001000

1335
00001000

1336
00010000

1337
00000010

1338
10000000

1339
00100000

1340
00001000

1341
00010000

1342
00000001

1343
00000100

1344
10000000

1345
00000001

1346
00001000

1347
01000000

1348
01000000

1349
01000000

1350
00000010

1351
10000000

1352
00001000

1353
01000000

1354
00000001

1355
01010000

1356
00000100

1357
01000000

1358
00000100

1359
00100000

1360
01000000

1361
01000100

1362
00000100

1363
00010000

1364
00000010

1365
10000000

1366
00100000

1367
00000010

1368
10100000

1369
10000000

1370
00000010

1371
11000000

1372
00000110

1373
10000000

1374
00100000

1375
00010000

1376
00010000

1377
00000010

1378
00001000

1379
00000010

1380
00000010

1381
00000001

1382
00000010

1383
01000000

1384
00010000

1385
01000000

1386
00100000

1387
00000100

1388
00001000

1389
00000001

1390
00001000

1391
01000000

1392
10000000

1393
00010000

1394
00000100

1395
00010100

1396
00010000

1397
00000010

1398
01000000

1399
00000010

1400
11111111

1401
00100000

1402
00100000

1403
01000000

1404
10000000

1405
00010000

1406
01000000

1407
01000000

1408
00100100

1409
00100000

1410
00000100

1411
00000001

1412
10000000

1413
00000100

1414
00001000

1415
00000011

1416
10000000

1417
00000001

1418
10001000

1419
01000000

1420
01000000

1421
01000000

1422
00000010

1423
00010000

1424
00000001

1425
00100000

1426
01000000

1427
00001000

1428
10000000

1429
00000100

1430
00000001

1431
01000000

1432
00001000

1433
00000001

1434
00000010

1435
00001000

1436
01000000

1437
00000001

1438
01000000

1439
00010001

1440
00001000

1441
01000000

1442
00010000

1443
10001000

1444
10001000

1445
00000100

1446
00000100

1447
00000100

1448
00000010

1449
00000100

1450
01000000

1451
00001000

1452
00000001

1453
00010000

1454
01000000

1455
00100000

1456
00000010

1457
00010000

1458
01000000

1459
00000010

1460
01000000

1461
00000100

1462
00001000

1463
00010000

1464
01010000

1465
00010000

1466
10000000

1467
00010000

1468
01000000

1469
10000000

1470
00010000

1471
00000001

1472
00001000

1473
00000001

1474
00001000

1475
00000100

1476
01000000

1477
00001000

1478
00000001

1479
00000100

1480
00000010

1481
00110000

1482
00000001

1483
00010000

1484
00000010

1485
10000000

1486
10000000

1487
00000010

1488
00010010

1489
00000001

1490
00100000

1491
00000100

1492
00010000

1493
00001000

1494
00000010

1495
00100000

1496
10000000

1497
00000001

1498
00000010

1499
00100000

1500
00000100

1501
00000001

1502
01000000

1503
00000001

1504
01000000

1505
10000000

1506
00100000

1507
10000000

1508
00000001

1509
00000010

1510
10100000

1511
00001000

1512
00100000

1513
00010000

1514
00001000

1515
00000010

1516
00001100

1517
10000000

1518
01000000

1519
00010000

1520
01000000

1521
00000100

1522
10000000

1523
00000001

1524
00000001

1525
01000000

1526
01000000

1527
00100100

1528
00000100

1529
00001000

1530
00001000

1531
00100000

1532
01000000

1533
00010000

1534
10000000

1535
00100000

1536
10000000

1537
00001000

1538
00001000

1539
01000000

1540
00000010

1541
00000010

1542
00010000

1543
00000010

1544
00001000

1545
00000001

1546
01000000

1547
01000000

1548
00000010

1549
01000000

1550
00000001

1551
00001000

1552
10000000

1553
00010000

1554
10000000

1555
00000010

1556
01000010

1557
00000100

1558
10000000

1559
00000110

1560
10001001

1561
00100010

1562
01100000

1563
00000001

1564
10000000

1565
01000000

1566
00000001

1567
00000010

1568
00010000

1569
10000000

1570
00000001

1571
01001000

1572
00000010

1573
01000000

1574
00000010

1575
00100000

1576
00010000

1577
01000000

1578
00000010

1579
00100000

1580
00010000

1581
01000000

1582
00000001

1583
01000010

1584
00010000

1585
01000000

1586
01000000

1587
10000000

1588
00110000

1589
01000000

1590
00000010

1591
10000000

1592
00000100

1593
00000010

1594
00000001

1595
00100000

1596
00000100

1597
00010000

1598
00100000

1599
00010000

1600
01000100

1601
01000000

1602
00000001

1603
00010000

1604
00000010

1605
00000001

1606
00010000

1607
00000100

1608
00000010

1609
00001000

1610
00100000

1611
00000001

1612
01000000

1613
01000000

1614
00010000

1615
00100000

1616
00000001

1617
11000000

1618
01000000

1619
00000001

1620
00010000

1621
00000100

1622
00111000

1623
00000010

1624
00010000

1625
01000000

1626
01000000

1627
00000100

1628
00100000

1629
00000010

1630
00100000

1631
00000100

1632
00000100

1633
10000000

1634
00100000

1635
00100000

1636
00001000

1637
00100000

1638
10100000

1639
00001000

1640
00001000

1641
00000001

1642
00100000

1643
01000000

1644
10000000

1645
10000000

1646
00000010

1647
10000000

1648
00000100

1649
00000001

1650
00000010

1651
00010000

1652
00000001

1653
00000100

1654
00001000

1655
00000001

1656
01000000

1657
00100000

1658
00010000

1659
00010000

1660
00000001

1661
00010000

1662
00000001

1663
00010000

1664
00000100

1665
00001000

1666
00010000

1667
00010000

1668
00001100

1669
10000000

1670
01000000

1671
00100000

1672
00000100

1673
00010000

1674
00000100

1675
00000010

1676
00100000

1677
00000001

1678
10000000

1679
00000001

1680
01000000

1681
00000001

1682
00000100

1683
00100000

1684
10000000

1685
00010000

1686
00000100

1687
00000010

1688
00000100

1689
00100000

1690
00010000

1691
10000000

1692
00001000

1693
00001000

1694
00100000

1695
01000000

1696
00000100

1697
00100000

1698
00000100

1699
00100000

1700
01000001

1701
00010000

1702
00001000

1703
00100000

1704
00000100

1705
01000000

1706
10000000

1707
00001000

1708
00100000

1709
00010000

1710
00010000

1711
00100000

1712
00001000

1713
00010000

1714
00100000

1715
00000001

1716
00000100

1717
00000100

1718
01000000

1719
00010000

1720
00000001

1721
01000000

1722
00000010

1723
01000000

1724
00001000

1725
00000010

1726
00000001

1727
00000100

1728
10000000

1729
10000000

1730
00000010

1731
00000010

1732
00001000

1733
00000100

1734
10000000

1735
00000100

1736
00010000

1737
00000010

1738
00000100

1739
00000010

1740
00000101

1741
00001000

1742
00010000

1743
00000001

1744
00110000

1745
00010000

1746
00001000

1747
00000100

1748
00000100

1749
00000001

1750
00100000

1751
00100000

1752
00000100

1753
00100000

1754
00000001

1755
00000010

1756
00000010

1757
10000000

1758
00010000

1759
01100000

1760
01000000

1761
00100000

1762
01000000

1763
00000100

1764
00110000

1765
00000010

1766
00000100

1767
00000100

1768
10000000

1769
00000100

1770
00001000

1771
00001000

1772
00100001

1773
00000001

1774
01000000

1775
00100000

1776
10000000

1777
01000000

1778
10000000

1779
00000001

1780
01000000

1781
00000001

1782
00001001

1783
00010000

1784
10000000

1785
10010000

1786
00010000

1787
00001000

1788
01010000

1789
00010000

1790
00100000

1791
00001000

1792
00010000

1793
00010000

1794
00010000

1795
00100000

1796
01000000

1797
00000001

1798
00010000

1799
00100001

1800
00001000

1801
10000000

1802
00001000

1803
00100000

1804
00000010

1805
01000001

1806
00100000

1807
01000000

1808
00000001

1809
00000010

1810
00100000

1811
01000000

1812
00100000

1813
00001000

1814
00000101

1815
00100000

1816
00100000

1817
00010000

1818
00010000

1819
00110000

1820
01000000

1821
01000000

1822
10000000

1823
00001000

1824
01000000

1825
00001000

1826
00010000

1827
00100000

1828
00000001

1829
00000010

1830
00000100

1831
00000100

1832
10000000

1833
00000001

1834
00010000

1835
11000000

1836
00000100

1837
10000000

1838
00000100

1839
00000010

1840
10000000

1841
01000000

1842
00000001

1843
00000010

1844
00100000

1845
01010000

1846
01000000

1847
00010000

1848
00000001

1849
00001000

1850
00000100

1851
00010000

1852
01000000

1853
00000001

1854
00001000

1855
00001000

1856
01000000

1857
00000111

1858
00001000

1859
00000001

1860
00010000

1861
00100000

1862
00010000

1863
01000000

1864
01000000

1865
01000000

1866
01000000

1867
00000100

1868
00001000

1869
00001000

1870
00100000

1871
00000010

1872
00000001

1873
00100000

1874
00000010

1875
00010000

1876
00000010

1877
00000010

1878
00001000

1879
00000010

1880
00000100

1881
00000001

1882
00000100

1883
00000001

1884
00000001

1885
00000010

1886
00000010

1887
10100000

1888
10000000

1889
01000000

1890
01000000

1891
00101000

1892
00000100

1893
00000010

1894
10000000

1895
00000010

1896
00010000

1897
00010000

1898
00001000

1899
00000100

1900
01000000

1901
00000100

1902
01000000

1903
00000001

1904
00000100

1905
00100000

1906
00000001

1907
10000000

1908
00000001

1909
00000100

1910
00001000

1911
00000100

1912
00100001

1913
00000010

1914
00010000

1915
00100000

1916
10000000

1917
00100000

1918
00000110

1919
00000001

1920
00000001

1921
00001000

1922
01000000

1923
00000001

1924
00100000

1925
00010000

1926
10000000

1927
10000000

1928
00001000

1929
00000100

1930
00000100

1931
00001000

1932
00000100

1933
00001000

1934
00000010

1935
00100000

1936
01000010

1937
00010000

1938
00001000

1939
10000000

1940
00000100

1941
01000000

1942
10010001

1943
00110000

1944
00001000

1945
01000000

1946
00010000

1947
00100000

1948
00010100

1949
00000011

1950
00000010

1951
00000100

1952
00000010

1953
10000000

1954
11111111

1955
00010000

1956
00000010

1957
00010000

1958
10000000

1959
01000000

1960
00100000

1961
00000100

1962
00000101

1963
00000010

1964
10000000

1965
00000001

1966
00000001

1967
10000000

1968
00000100

1969
10001000

1970
00000010

1971
00000001

1972
00000001

1973
00000100

1974
00100000

1975
00010000

1976
00010000

1977
00010000

1978
00100000

1979
00001100

1980
10000000

1981
00000010

1982
00000001

1983
00010100

1984
10000000

1985
00100000

1986
00000001

1987
00010000

1988
10000000

1989
10000000

1990
00010000

1991
00000010

1992
00000100

1993
00001000

1994
11111111

1995
00100000

1996
00001000

1997
00001000

1998
00000100

1999
00100000

2000
00000100

2001
00010000

2002
00001000

2003
00010000

2004
10000000

2005
00100000

2006
00000001

2007
00100000

2008
00000010

2009
00000100

2010
00000100

2011
00001000

2012
00000010

2013
00001000

2014
00000100

2015
00000001

2016
00100000

2017
01000000

2018
01000000

2019
00000100

2020
00100000

2021
10000000

2022
00001000

2023
10000000

2024
00000010

2025
01001000

2026
00010000

2027
00100000

2028
10000000

2029
10000000

2030
01000000

2031
00000001

2032
10100000

2033
00100000

2034
00010000

2035
00100000

2036
01000000

2037
01000100

2038
00000001

2039
00000100

2040
01000000

2041
00000001

2042
00000100

2043
10000000

2044
00101000

2045
10000000

2046
10000001

2047
00000100

2048
00000010

2049
00000100

2050
10000000

2051
00001000

2052
00000010

2053
00010000

2054
00010000

2055
00000001

2056
00100000

2057
00000100

2058
10000000

2059
00001000

2060
00000100

2061
00000010

2062
00010000

2063
01000000

2064
00000001

2065
00000010

2066
00000100

2067
00010000

2068
00001000

2069
01000000

2070
00010000

2071
00000100

2072
00100000

2073
00100000

2074
10000000

2075
00000010

2076
00000010

2077
00100000

2078
00010000

2079
00010000

2080
00100000

2081
10001000

2082
00000001

2083
00000001

2084
00100000

2085
01100000

2086
00000010

2087
01000000

2088
00010100

2089
00010000

2090
00001000

2091
00000001

2092
10000000

2093
00000001

2094
00010000

2095
00100000

2096
00010000

2097
00010000

2098
00000001

2099
00001000

2100
00000010

2101
00001000

2102
00001000

2103
00000100

2104
10000000

2105
00100000

2106
00010000

2107
10000000

2108
10000000

2109
00000100

2110
10000000

2111
00001000

2112
01000000

2113
01000000

2114
00001000

2115
00000001

2116
00000100

2117
10000000

2118
01000000

2119
00000001

2120
00001100

2121
00000010

2122
00000100

2123
00100000

2124
00001000

2125
01000000

2126
10000000

2127
00000001

2128
00010000

2129
00000100

2130
10000000

2131
00001000

2132
10000000

2133
00010000

2134
10000000

2135
01000000

2136
00000010

2137
00000001

2138
01000010

2139
00000001

2140
00000001

2141
00000001

2142
00010000

2143
00100000

2144
00100000

2145
00001000

2146
00001000

2147
01010010

2148
00000001

2149
00000010

2150
00001001

2151
01000000

2152
00010000

2153
00000001

2154
00000010

2155
01000000

2156
00000010

2157
10000000

2158
00001000

2159
00100000

2160
00100000

2161
00100000

2162
10000000

2163
00010000

2164
00010000

2165
00001000

2166
00100000

2167
00000100

2168
00100000

2169
00001000

2170
00001000

2171
10010000

2172
00010000

2173
00000001

2174
00000010

2175
00000010

2176
01000000

2177
01010000

2178
00100000

2179
01000000

2180
00000010

2181
00100000

2182
00000010

2183
00000001

2184
01010000

2185
10000000

2186
00000001

2187
10000000

2188
00000001

2189
00010000

2190
00010000

2191
00000001

2192
00000001

2193
00010000

2194
00000100

2195
00000010

2196
00100000

2197
00100000

2198
10000000

2199
10000000

2200
00000010

2201
00010000

2202
00000100

2203
00010000

2204
00100000

2205
00000001

2206
00100000

2207
00001110

2208
00001000

2209
00000100

2210
10000000

2211
00000010

2212
01000000

2213
00000010

2214
00000100

2215
00000010

2216
00000001

2217
00001000

2218
10000010

2219
00000100

2220
00000100

2221
00100000

2222
00010000

2223
00001000

2224
00000010

2225
00010000

2226
01000000

2227
00001000

2228
00000100

2229
01000000

2230
00010000

2231
00100000

2232
00000010

2233
00000100

2234
00001000

2235
01000000

2236
00000010

2237
00010000

2238
00000001

2239
00010000

2240
10000000

2241
00010000

2242
01000000

2243
00001000

2244
01001000

2245
00000001

2246
01000000

2247
00001000

2248
10000000

2249
00000010

2250
00010000

2251
10000000

2252
00100000

2253
00000001

2254
00100000

2255
00001000

2256
00001000

2257
00100000

2258
00000111

2259
01000100

2260
00001000

2261
00000001

2262
00000010

2263
00100000

2264
00100000

2265
10000001

2266
00000100

2267
10010100

2268
00001000

2269
00000100

2270
01000000

2271
00010000

2272
00000001

2273
10000000

2274
01000000

2275
01000000

2276
00001000

2277
00010000

2278
00110100

2279
00000001

2280
00000110

2281
00100000

2282
00010001

2283
10000000

2284
00000100

2285
00010000

2286
01000000

2287
00000100

2288
00000100

2289
00000010

2290
00001000

2291
01000000

2292
00000001

2293
00010000

2294
00001000

2295
00000001

2296
10000000

2297
00010000

2298
00010000

2299
00000010

2300
00001000

2301
00000100

2302
00000010

2303
00010000

2304
00000100

2305
00000100

2306
00100000

2307
00100000

2308
00100000

2309
00010000

2310
00010010

2311
00001000

2312
00000001

2313
00010000

2314
01000000

2315
00000001

2316
00000010

2317
00001000

2318
00100000

2319
01000000

2320
10000000

2321
00001000

2322
00001000

2323
01100000

2324
00000001

2325
00000010

2326
00010000

2327
00000100

2328
00000100

2329
00000001

2330
01000000

2331
00100000

2332
00001000

2333
00000010

2334
11000000

2335
00001000

2336
00100000

2337
00010000

2338
00010001

2339
01000000

2340
00001000

2341
00100000

2342
00100000

2343
00000010

2344
01000000

2345
00001000

2346
00010000

2347
00010000

2348
00000010

2349
00000001

2350
00000001

2351
00000100

2352
00000010

2353
10001100

2354
00010100

2355
00000010

2356
00010000

2357
00001000

2358
01000000

2359
00000001

2360
00100000

2361
00010001

2362
00100000

2363
10000000

2364
00000001

2365
00000001

2366
01000010

2367
00100000

2368
10000000

2369
01000000

2370
00000001

2371
00000001

2372
00000100

2373
00010000

2374
00000010

2375
10000000

2376
00100000

2377
00010000

2378
00010000

2379
00100000

2380
00010000

2381
00100000

2382
10000000

2383
10000000

2384
00100000

2385
00010000

2386
00000100

2387
00001000

2388
00101000

2389
00000001

2390
01000000

2391
01000000

2392
00000010

2393
00000010

2394
00100000

2395
01000000

2396
00000100

2397
00100000

2398
01000000

2399
00000100

2400
10000000

2401
01000010

2402
00000100

2403
00100000

2404
00000001

2405
00001000

2406
00010000

2407
00001000

2408
00100000

2409
01000000

2410
00000100

2411
00000010

2412
00001001

2413
01000000

2414
10000000

2415
00000100

2416
00000001

2417
01000000

2418
00100000

2419
00000001

2420
00000010

2421
00100000

2422
00001001

2423
00001000

2424
00100000

2425
10000000

2426
00001001

2427
00000010

2428
01000000

2429
00000110

2430
01000000

2431
01000010

2432
10000000

2433
10000000

2434
00000010

2435
00010000

2436
00100000

2437
00000100

2438
00000100

2439
10000000

2440
00010000

2441
00000010

2442
00010000

2443
00001000

2444
00000010

2445
10000000

2446
10000000

2447
00000100

2448
00010100

2449
01000110

2450
00001000

2451
00000100

2452
10000000

2453
00100000

2454
10000000

2455
00100000

2456
00001000

2457
00100000

2458
00100000

2459
00000010

2460
00000010

2461
00010000

2462
10000000

2463
01000000

2464
01000000

2465
00001000

2466
00000001

2467
01000000

2468
00000010

2469
10000100

2470
00010000

2471
00000010

2472
00100000

2473
00101010

2474
00100000

2475
00010000

2476
00001001

2477
00100000

2478
01000000

2479
00000010

2480
00100000

2481
00001000

2482
00100000

2483
00000001

2484
00000100

2485
00010000

2486
00010000

2487
00100000

2488
00000100

2489
00000010

2490
00000010

2491
00001000

2492
00100000

2493
11010000

2494
00000100

2495
00001000

2496
00100000

2497
00000100

2498
10000000

2499
00000010

2500
00010000

2501
00100010

2502
00001000

2503
00000001

2504
00010000

2505
00010000

2506
00100000

2507
00000100

2508
00000100

2509
00001001

2510
00000001

2511
00010000

2512
00000001

2513
00001000

2514
00100000

2515
00000100

2516
01000000

2517
00010000

2518
10000000

2519
00110000

2520
00010000

2521
10000000

2522
01000000

2523
00000100

2524
00001000

2525
10000000

2526
00001000

2527
00000001

2528
01000000

2529
01000000

2530
01000000

2531
10000000

2532
01000000

2533
00000001

2534
00000001

2535
00100000

2536
01000000

2537
00001000

2538
00100010

2539
10000000

2540
00000100

2541
00001000

2542
00010000

2543
00000001

2544
10000000

2545
00000001

2546
00000100

2547
01000000

2548
00000100

2549
00100000

2550
00000100

2551
01000000

2552
00000100

2553
01000000

2554
01100001

2555
00010000

2556
10000000

2557
00000010

2558
10000000

2559
10000000

2560
00000001

2561
00001000

2562
00001000

2563
00000001

2564
00000001

2565
01000000

2566
00000100

2567
00100000

2568
01000000

2569
10000000

2570
00000010

2571
00010000

2572
01000000

2573
00000001

2574
00001000

2575
01000000

2576
00100000

2577
00000001

2578
00000001

2579
00100000

2580
01000000

2581
00000001

2582
00010000

2583
00001000

2584
00000100

2585
00010000

2586
00000001

2587
01000000

2588
00000100

2589
01000000

2590
01000000

2591
00001000

2592
00001000

2593
10000000

2594
00000001

2595
00000001

2596
10000000

2597
10100000

2598
00000010

2599
00000100

2600
00100000

2601
00100000

2602
00001000

2603
00010000

2604
00010000

2605
00100000

2606
01000000

2607
01000000

2608
00000100

2609
00001000

2610
00100000

2611
00100000

2612
01000000

2613
01000000

2614
00100000

2615
00100000

2616
00000001

2617
00100000

2618
00100000

2619
00000100

2620
10000000

2621
00000100

2622
10000000

2623
00000001

2624
00001010

2625
00010000

2626
00010000

2627
01000000

2628
00000100

2629
01000000

2630
01000000

2631
01100000

2632
00100000

2633
00100000

2634
00000100

2635
00000010

2636
00001000

2637
00000100

2638
00001000

2639
00100000

2640
10000000

2641
00100000

2642
01000000

2643
00000100

2644
00010000

2645
00001000

2646
00010000

2647
00010000

2648
00100000

2649
00000010

2650
01000000

2651
00100000

2652
00100000

2653
00000100

2654
10000000

2655
00000001

2656
00010000

2657
00010000

2658
01010010

2659
00100000

2660
00010000

2661
00010000

2662
00000010

2663
10100100

2664
00010000

2665
00000001

2666
00000010

2667
00100000

2668
00010000

2669
00010000

2670
10000000

2671
01100000

2672
00001000

2673
00100000

2674
00000001

2675
00000001

2676
00000100

2677
00010000

2678
00000001

2679
00010000

2680
00000010

2681
00000100

2682
00010000

2683
00010000

2684
00100000

2685
10000000

2686
00010000

2687
10000000

2688
00100000

2689
00100000

2690
00000100

2691
00001000

2692
00110000

2693
00100000

2694
00010000

2695
00100000

2696
00000010

2697
00010000

2698
00001000

2699
00000010

2700
00000010

2701
00000001

2702
01000000

2703
10000000

2704
01000000

2705
00000001

2706
10000000

2707
01000000

2708
00010000

2709
01000000

2710
00001000

2711
00000010

2712
00000001

2713
00001000

2714
00010000

2715
00000001

2716
00010000

2717
10000010

2718
00010000

2719
10000000

2720
01000000

2721
10000000

2722
01000000

2723
00010000

2724
00001000

2725
00001000

2726
01000000

2727
00010000

2728
00001000

2729
00001000

2730
00000001

2731
10000000

2732
00100000

2733
10000001

2734
00010000

2735
00000001

2736
00000010

2737
00000101

2738
00000001

2739
00000001

2740
00001100

2741
00001000

2742
00001001

2743
00000001

2744
00100000

2745
00010000

2746
00100000

2747
00100000

2748
00000001

2749
10000000

2750
01000000

2751
00000100

2752
01000010

2753
00001000

2754
00000001

2755
01000010

2756
00000010

2757
00100000

2758
00100000

2759
00000010

2760
00010000

2761
00100000

2762
00000010

2763
10000000

2764
10000000

2765
00100000

2766
00000010

2767
00001000

2768
00010000

2769
00010000

2770
00001000

2771
00000001

2772
10100000

2773
00001000

2774
00000001

2775
00110000

2776
00001000

2777
10000000

2778
00100000

2779
00000001

2780
01000000

2781
00100000

2782
00000010

2783
00100001

2784
00000001

2785
01000000

2786
00100000

2787
10000000

2788
00000001

2789
00100000

2790
00100000

2791
00000010

2792
00000100

2793
00100000

2794
01000000

2795
01000000

2796
01000000

2797
00000010

2798
00010010

2799
00010001

2800
00001000

2801
00000100

2802
00100000

2803
00000010

2804
00000100

2805
00101001

2806
00010000

2807
00010000

2808
00010000

2809
00101000

2810
00010000

2811
00000010

2812
10000000

2813
01000000

2814
00010000

2815
00010000

2816
00001000

2817
00000100

2818
01000000

2819
00000100

2820
10000010

2821
00010000

2822
00100000

2823
00100000

2824
00001000

2825
00010000

2826
00000010

2827
00000001

2828
10000000

2829
00000001

2830
00000100

2831
01000000

2832
00000100

2833
00000010

2834
00000001

2835
00100000

2836
10000000

2837
00001010

2838
00100000

2839
00000100

2840
00010000

2841
01000000

2842
01000000

2843
00100000

2844
00000001

2845
00001000

2846
00100001

2847
00100000

2848
00010000

2849
00010000

2850
00100000

2851
00010010

2852
00001000

2853
00000001

2854
01000000

2855
00000010

2856
00100010

2857
00001000

2858
10000110

2859
00000100

2860
00000100

2861
00010000

2862
10000000

2863
00000100

2864
00000100

2865
00011000

2866
00000001

2867
00010000

2868
01000000

2869
00100000

2870
00000100

2871
10000000

2872
00001000

2873
00000001

2874
01000000

2875
00001000

2876
00000010

2877
10000000

2878
01000000

2879
01000000

2880
01000000

2881
10000000

2882
10000000

2883
00001000

2884
00000010

2885
00000100

2886
10000001

2887
00000010

2888
00010000

2889
00000100

2890
00000100

2891
00000010

2892
00100000

2893
00110000

2894
00010000

2895
10000000

2896
01000000

2897
00100000

2898
00010000

2899
00101000

2900
00000010

2901
00100000

2902
00000010

2903
00001000

2904
00000010

2905
00100000

2906
00100000

2907
00000001

2908
01000000

2909
00100000

2910
00010000

2911
01000000

2912
00000010

2913
00001100

2914
00000100

2915
01100000

2916
00001000

2917
00100000

2918
00100000

2919
00000100

2920
00000100

2921
00000100

2922
00001000

2923
11111111

2924
00010000

2925
00000010

2926
00001000

2927
00000001

2928
00010000

2929
00000001

2930
01000000

2931
00100000

2932
00000100

2933
00000100

2934
00100000

2935
00000010

2936
00000100

2937
00000001

2938
00000010

2939
00000001

2940
10000000

2941
00100000

2942
00000010

2943
10000000

2944
00110000

2945
00000100

2946
00000100

2947
00001000

2948
00100000

2949
00000010

2950
00010000

2951
00010100

2952
01000000

2953
00001000

2954
00101000

2955
00100100

2956
10000000

2957
00100000

2958
10100010

2959
00010001

2960
00011000

2961
00100100

2962
00000100

2963
01000000

2964
10000000

2965
00100000

2966
00000001

2967
00000100

2968
00101000

2969
01000000

2970
01001000

2971
00000001

2972
00010000

2973
01000000

2974
10000000

2975
01000000

2976
00001000

2977
00010000

2978
00010000

2979
00000010

2980
00100001

2981
00000100

2982
00010000

2983
00010000

2984
01000000

2985
00010000

2986
00100000

2987
00000100

2988
01000000

2989
00000001

2990
10000100

2991
00010000

2992
00100000

2993
01000000

2994
10000000

2995
00001000

2996
00110000

2997
00001000

2998
01000000

2999
10000000

3000
01001000

3001
00000001

3002
01000000

3003
00000100

3004
10000010

3005
00001000

3006
00010000

3007
00000100

3008
00101000

3009
00000010

3010
00000100

3011
00010000

3012
00100000

3013
00010000

3014
01000000

3015
00000010

3016
00000100

3017
00000001

3018
00001000

3019
00000010

3020
00010000

3021
00100000

3022
10000000

3023
00001000

3024
00000010

3025
00000100

3026
00000100

3027
00000001

3028
00000001

3029
00100000

3030
10000000

3031
00100000

3032
01000000

3033
10000000

3034
01000000

3035
10000000

3036
00100000

3037
01000000

3038
00100000

3039
00000100

3040
00000001

3041
00010000

3042
00001000

3043
11000001

3044
00000001

3045
01000000

3046
00010000

3047
00000100

3048
00010000

3049
00001000

3050
00000010

3051
00000010

3052
01000000

3053
01000000

3054
00000010

3055
01000000

3056
00001000

3057
00100000

3058
00100000

3059
00000001

3060
00000100

3061
00001000

3062
01000000

3063
00010000

3064
00101000

3065
00100000

3066
10000000

3067
00100001

3068
00000001

3069
01000000

3070
01000000

3071
00001001

3072
10000000

3073
00010000

3074
00000010

3075
00010000

3076
01000000

3077
01000001

3078
00000100

3079
00000010

3080
00000010

3081
11111111

3082
01000000

3083
00010000

3084
00001000

3085
00000001

3086
00010000

3087
00000100

3088
00001000

3089
01000000

3090
00000010

3091
00001000

3092
00010000

3093
00010000

3094
01000000

3095
01000000

3096
00001000

3097
00001000

3098
00001000

3099
10000000

3100
10000000

3101
00100000

3102
00100000

3103
01000001

3104
00000010

3105
00001000

3106
00001000

3107
00000001

3108
01000000

3109
00010000

3110
00010000

3111
00100000

3112
01000000

3113
00001000

3114
00010000

3115
00000100

3116
10000000

3117
00000100

3118
01000000

3119
01000000

3120
01010100

3121
10000000

3122
00011000

3123
00000001

3124
00000100

3125
00000001

3126
10000000

3127
10000000

3128
10000011

3129
00000100

3130
00000010

3131
01000000

3132
00000100

3133
01000000

3134
00000010

3135
00100000

3136
00000100

3137
00100000

3138
00100000

3139
00001000

3140
00001000

3141
10000000

3142
00010100

3143
00100000

3144
00000010

3145
00000100

3146
00000010

3147
00100000

3148
00010000

3149
01000000

3150
00100000

3151
00100000

3152
00000100

3153
10000000

3154
00000100

3155
00000010

3156
00010101

3157
00000001

3158
00100000

3159
10000000

3160
10000000

3161
00000010

3162
10000000

3163
00000001

3164
01000000

3165
01000000

3166
01000000

3167
01000000

3168
00001000

3169
00000001

3170
00000001

3171
00010000

3172
00010000

3173
01000000

3174
00000010

3175
00001000

3176
01000000

3177
00010000

3178
00000010

3179
00000001

3180
00000100

3181
00010000

3182
00000100

3183
00000100

3184
00100000

3185
01000000

3186
00100000

3187
00000100

3188
00000010

3189
00100000

3190
00000001

3191
00010000

3192
00010000

3193
00000001

3194
00000001

3195
01000000

3196
00000100

3197
00000010

3198
00001000

3199
00010000

3200
00001000

3201
00000100

3202
00001000

3203
00100000

3204
00001010

3205
00011000

3206
00001000

3207
00000001

3208
01000000

3209
00000010

3210
01000000

3211
00000100

3212
01000100

3213
01000000

3214
00001000

3215
00100000

3216
00000100

3217
00001000

3218
00001000

3219
00001000

3220
10000000

3221
10000000

3222
01000000

3223
00000001

3224
00001000

3225
10000000

3226
00000100

3227
10000001

3228
01000000

3229
00001000

3230
00010000

3231
01000000

3232
01000000

3233
00100000

3234
00000100

3235
01000000

3236
00100000

3237
00000001

3238
00000011

3239
00001100

3240
00100000

3241
01000000

3242
01000000

3243
00000100

3244
00001000

3245
10000000

3246
10000000

3247
00010000

3248
00000100

3249
00000100

3250
00000100

3251
00000010

3252
00000010

3253
01000000

3254
00000001

3255
00000010

3256
00000001

3257
00000010

3258
01000000

3259
00000001

3260
01000000

3261
00000010

3262
00000001

3263
01000001

3264
00100000

3265
00001000

3266
10000000

3267
00100000

3268
11000000

3269
00100000

3270
00000001

3271
01000000

3272
00000001

3273
01000000

3274
00100000

3275
01010010

3276
01000000

3277
10000001

3278
01000000

3279
01000000

3280
00100000

3281
00100000

3282
01000000

3283
00001000

3284
00000001

3285
01000000

3286
01000000

3287
00001000

3288
00001000

3289
00100000

3290
00100000

3291
00000100

3292
00000001

3293
10000000

3294
00000001

3295
00000001

3296
00000001

3297
00000010

3298
00100000

3299
00100000

3300
00001000

3301
00010010

3302
00001000

3303
00000001

3304
00001000

3305
00100000

3306
00010000

3307
00000010

3308
00010000

3309
00010000

3310
00101000

3311
00001000

3312
00010000

3313
00010000

3314
00010000

3315
01000000

3316
00100000

3317
01000000

3318
00100000

3319
10000000

3320
00000100

3321
00100000

3322
00000010

3323
01001010

3324
00010000

3325
00010000

3326
00000010

3327
00001000

3328
00100000

3329
00001000

3330
00101000

3331
00000010

3332
00010000

3333
01000001

3334
10000000

3335
00100000

3336
00001000

3337
00000001

3338
00000001

3339
00000100

3340
00100000

3341
10000000

3342
00000010

3343
10000000

3344
00000010

3345
00000001

3346
00000100

3347
00000010

3348
00001000

3349
00001000

3350
00000001

3351
10000000

3352
10000000

3353
00000010

3354
00010000

3355
01100100

3356
00000010

3357
00100000

3358
00100000

3359
00001000

3360
10000000

3361
00001000

3362
00000010

3363
10000000

3364
01000000

3365
00000100

3366
00000010

3367
10000100

3368
00010000

3369
00000001

3370
00000010

3371
00000001

3372
10010001

3373
01000000

3374
00100000

3375
10000000

3376
01001000

3377
00010000

3378
01000000

3379
00010100

3380
00100000

3381
00001000

3382
00000001

3383
01000100

3384
00100000

3385
10000000

3386
00001000

3387
00000010

3388
00000100

3389
10000000

3390
00001000

3391
00001000

3392
00001000

3393
00000001

3394
00001000

3395
00100000

3396
11000000

3397
00000010

3398
00100000

3399
00100000

3400
00100000

3401
01000000

3402
00010000

3403
00100000

3404
00000010

3405
01000000

3406
00100000

3407
00100000

3408
10000010

3409
00001000

3410
00100000

3411
00000001

3412
00010000

3413
10000000

3414
00000001

3415
00000100

3416
00000010

3417
10100001

3418
00000100

3419
00001000

3420
00010000

3421
00000010

3422
00000100

3423
00100000

3424
00001000

3425
00000100

3426
00000100

3427
00010100

3428
00011000

3429
10000000

3430
00001000

3431
00000100

3432
00000100

3433
10000000

3434
00100000

3435
01000000

3436
00000010

3437
10000000

3438
00000010

3439
10000000

3440
00000010

3441
00001000

3442
00100000

3443
00010000

3444
00011000

3445
00000100

3446
00000001

3447
01000000

3448
00001000

3449
00000010

3450
00000001

3451
00101000

3452
01000000

3453
00000001

3454
00010000

3455
00000001

3456
01000000

3457
00000010

3458
00010000

3459
00010000

3460
00001000

3461
01000000

3462
00000100

3463
00001000

3464
01000000

3465
00100000

3466
00010000

3467
00100000

3468
00100000

3469
00000100

3470
00000010

3471
00000010

3472
00000100

3473
10100000

3474
01000000

3475
00000100

3476
00001000

3477
00100000

3478
00010010

3479
00000100

3480
00000010

3481
00000001

3482
00010000

3483
00000001

3484
00100000

3485
10000000

3486
10010000

3487
00010000

3488
00100000

3489
00000100

3490
00100000

3491
00000001

3492
01000000

3493
00000010

3494
00100000

3495
00001000

3496
00100000

3497
00001000

3498
00000001

3499
00000001

3500
00001000

3501
00010000

3502
01000000

3503
10000000

3504
01000000

3505
01000010

3506
10000000

3507
00010100

3508
00000010

3509
10000000

3510
00001000

3511
00010000

3512
10000000

3513
10000000

3514
00010000

3515
01000000

3516
00001000

3517
01000000

3518
00000010

3519
00001000

3520
00010000

3521
01000100

3522
10000000

3523
10000000

3524
00010000

3525
00000001

3526
00010000

3527
00001000

3528
10000000

3529
01100000

3530
00000001

3531
00000100

3532
00000100

3533
00000010

3534
00000001

3535
00001001

3536
00000001

3537
10000000

3538
00000010

3539
00000010

3540
00000010

3541
00000100

3542
00001000

3543
00100000

3544
01100000

3545
00000001

3546
00100000

3547
00000010

3548
00000001

3549
00001000

3550
00010000

3551
00000001

3552
00101000

3553
00001000

3554
10000000

3555
00000010

3556
00001000

3557
00010000

3558
00001000

3559
10000000

3560
00010000

3561
11111111

3562
00010000

3563
00000001

3564
00100000

3565
00001001

3566
00000001

3567
10000000

3568
01000000

3569
00000100

3570
00000010

3571
00000100

3572
00000100

3573
00010000

3574
00100000

3575
00010000

3576
00001000

3577
00000100

3578
01000000

3579
00000001

3580
00100000

3581
00001010

3582
00000001

3583
01100000

3584
10000000

3585
00001000

3586
00100000

3587
00000001

3588
00000010

3589
00010000

3590
00100100

3591
00000100

3592
00000100

3593
01000000

3594
10000000

3595
00000001

3596
00000100

3597
00001000

3598
01000000

3599
00000100

3600
00000110

3601
10000000

3602
10000000

3603
00001000

3604
01000000

3605
00100000

3606
01000000

3607
01000000

3608
00001000

3609
00100000

3610
00001000

3611
00001000

3612
00000010

3613
10000000

3614
00000010

3615
00000010

3616
10000000

3617
00000010

3618
01000000

3619
00001000

3620
10000000

3621
00001000

3622
00010000

3623
00100000

3624
00000001

3625
00000001

3626
00100000

3627
10010000

3628
10100000

3629
10000000

3630
00001000

3631
10000000

3632
00001000

3633
00000001

3634
00100000

3635
00010000

3636
01000000

3637
10010000

3638
10000000

3639
00000101

3640
10000000

3641
00100100

3642
00100000

3643
01000000

3644
00001000

3645
10100000

3646
10000000

3647
00100000

3648
10000000

3649
00000100

3650
00100000

3651
00100000

3652
00100000

3653
01000000

3654
00000010

3655
01000000

3656
00000001

3657
00010000

3658
00000100

3659
10000000

3660
01000000

3661
00100000

3662
00000010

3663
10100000

3664
01000000

3665
00010001

3666
00000001

3667
00001000

3668
00001000

3669
00000001

3670
00010000

3671
00010000

3672
00000100

3673
00100101

3674
00000010

3675
00010000

3676
01000000

3677
10000000

3678
00000010

3679
00000001

3680
00010000

3681
00100000

3682
00010000

3683
00001000

3684
00000010

3685
00000100

3686
01000000

3687
01010000

3688
11001000

3689
01000000

3690
00000100

3691
00010000

3692
00001010

3693
01000000

3694
00100000

3695
00000100

3696
00001000

3697
00000001

3698
00010000

3699
01000000

3700
00001000

3701
00001000

3702
00010000

3703
11000000

3704
00100000

3705
01000000

3706
00001000

3707
00000100

3708
00001000

3709
00000001

3710
00010000

3711
10000000

3712
00000001

3713
00000001

3714
00000100

3715
00000100

3716
00000100

3717
10000010

3718
10000000

3719
00000010

3720
00100000

3721
00010000

3722
00100000

3723
00000010

3724
00010000

3725
00001000

3726
01000000

3727
01000000

3728
00010000

3729
10000000

3730
00010000

3731
10000000

3732
01000000

3733
01000000

3734
10000000

3735
00001000

3736
00000001

3737
00010100

3738
00100000

3739
00100000

3740
01011000

3741
01000000

3742
00100000

3743
00100000

3744
00001000

3745
00000001

3746
10000000

3747
00000100

3748
00000001

3749
01000000

3750
00000001

3751
10000000

3752
01000000

3753
00000001

3754
10100000

3755
00000001

3756
00000010

3757
10010000

3758
00001000

3759
00100000

3760
10000000

3761
00000100

3762
00000100

3763
01000000

3764
10000000

3765
01000000

3766
00100000

3767
10000000

3768
00000100

3769
00000010

3770
00000010

3771
00010000

3772
00010000

3773
00000100

3774
00100000

3775
00000001

3776
00001000

3777
01100000

3778
00010000

3779
01010000

3780
00000010

3781
01000000

3782
00100100

3783
00001000

3784
00110011

3785
00010000

3786
00000100

3787
00000100

3788
00000001

3789
00000010

3790
10000101

3791
00001000

3792
00100000

3793
00000100

3794
00000100

3795
00000010

3796
00100100

3797
00100000

3798
00000010

3799
00000001

3800
01100000

3801
00010000

3802
01000000

3803
00001000

3804
00000100

3805
00000010

3806
10000000

3807
00010000

3808
00010000

3809
10000000

3810
00010000

3811
11111111

3812
00000001

3813
00001000

3814
00001000

3815
01000010

3816
00010000

3817
10000000

3818
00100000

3819
10000000

3820
00100000

3821
00000100

3822
00001000

3823
00010000

3824
00100000

3825
01000000

3826
00100010

3827
00001100

3828
00001000

3829
00100000

3830
00010000

3831
00010000

3832
00000001

3833
01000000

3834
01000000

3835
00010000

3836
00001000

3837
00000010

3838
00100000

3839
00001000

3840
01000000

3841
00000100

3842
00000001

3843
00100000

3844
00100000

3845
00000001

3846
10100000

3847
00000010

3848
00010000

3849
00001000

3850
00000100

3851
10000000

3852
00100000

3853
00001000

3854
01000000

3855
00100000

3856
00000010

3857
10000000

3858
00000001

3859
00100000

3860
00100000

3861
01000000

3862
01000000

3863
10000000

3864
00001000

3865
00001000

3866
00000100

3867
01000000

3868
10000000

3869
01000000

3870
10000000

3871
10000000

3872
00010001

3873
00000001

3874
00100000

3875
00000001

3876
00010000

3877
00010000

3878
00000101

3879
00000100

3880
01000100

3881
00000010

3882
00000001

3883
00000100

3884
00000001

3885
01000001

3886
00100000

3887
10000000

3888
00000100

3889
00000100

3890
00100000

3891
01000000

3892
00000001

3893
11111111

3894
00000100

3895
00100000

3896
00001000

3897
01000000

3898
00001000

3899
10000000

3900
00000010

3901
00000001

3902
00100000

3903
01000000

3904
00010000

3905
00010000

3906
01000000

3907
00010000

3908
00010000

3909
00000100

3910
10000010

3911
00010000

3912
00100000

3913
01000000

3914
01000000

3915
00001000

3916
00000100

3917
00010000

3918
00000010

3919
00100000

3920
00000001

3921
00000100

3922
00010000

3923
00000100

3924
00000001

3925
10000000

3926
01000000

3927
01000000

3928
00010100

3929
00000100

3930
00000001

3931
10000000

3932
10000000

3933
00000001

3934
10000000

3935
00000001

3936
00010000

3937
01000000

3938
10000000

3939
00000001

3940
00010000

3941
00001000

3942
00000100

3943
00100000

3944
10000000

3945
00100000

3946
00010000

3947
00001000

3948
00001000

3949
00000100

3950
00010000

3951
00001000

3952
00000101

3953
10000000

3954
01000000

3955
00000100

3956
00000010

3957
10000000

3958
00100000

3959
00000001

3960
00100000

3961
00000100

3962
00000001

3963
00000100

3964
00000001

3965
00000010

3966
00000010

3967
00000010

3968
00000100

3969
00100000

3970
00000001

3971
00010000

3972
00000001

3973
00001000

3974
00001000

3975
00000010

3976
00010000

3977
00000100

3978
00000001

3979
00001000

3980
00000001

3981
00000010

3982
01000000

3983
00000001

3984
00000100

3985
00001000

3986
00000010

3987
00000010

3988
00010000

3989
00000100

3990
10000000

3991
01000000

3992
01000000

3993
00000010

3994
10000000

3995
00010000

3996
00000001

3997
00010000

3998
01000000

3999
00001000

4000
01000000

4001
10000000

4002
00000100

4003
00001000

4004
00000010

4005
00100000

4006
00010000

4007
00000001

4008
00000010

4009
01000000

4010
00000010

4011
00001000

4012
00000100

4013
00001000

4014
10000000

4015
00000001

4016
00100000

4017
00000100

4018
00000010

4019
00010000

4020
00000001

4021
00000010

4022
10000000

4023
00000010

4024
01001000

4025
10000000

4026
00100000

4027
00100000

4028
00000010

4029
00010000

4030
00001000

4031
00100000

4032
10000000

4033
00000010

4034
00000010

4035
10000000

4036
00010000

4037
00001000

4038
00001000

4039
00001000

4040
00000010

4041
00000001

4042
00010000

4043
00100000

4044
10000000

4045
00001000

4046
00100000

4047
10000000

4048
10000000

4049
10000000

4050
00001010

4051
00001000

4052
10000000

4053
00000100

4054
00000010

4055
00000010

4056
01000000

4057
01000000

4058
00001000

4059
11000000

4060
00010000

4061
00010000

4062
00100000

4063
00000010

4064
00000100

4065
00010000

4066
00100000

4067
00000100

4068
00000100

4069
10000000

4070
00100000

4071
00000010

4072
10000000

4073
00100001

4074
00010000

4075
00100000

4076
10000010

4077
00001000

4078
00001000

4079
00010000

4080
00010001

4081
10000000

4082
00100000

4083
00010000

4084
00000010

4085
00000010

4086
00010000

4087
00100001

4088
10000000

4089
00000001

4090
00100000

4091
00000001

4092
00000100

4093
00100000

4094
00000001

4095
01000000

4096
00000010

4097
00001000

4098
10000000

4099
00000010

4100
00010000

4101
00001000

4102
00000001

4103
00001000

4104
00100000

4105
01000000

4106
01000000

4107
00000100

4108
10000000

4109
00100000

4110
10000000

4111
00100000

4112
00010000

4113
01000100

4114
00010000

4115
00100000

4116
10000000

4117
00000001

4118
01000000

4119
01000000

4120
00000010

4121
00000100

4122
01000000

4123
00000010

4124
00000100

4125
00000100

4126
00000010

4127
00000100

4128
00001000

4129
00001000

4130
00100000

4131
00000010

4132
00000100

4133
01000000

4134
00000010

4135
00000001

4136
00000010

4137
00100000

4138
00000100

4139
00100000

4140
00010000

4141
00000010

4142
00001000

4143
01000000

4144
00010000

4145
00010000

4146
00100000

4147
00010000

4148
00000100

4149
00000010

4150
00010000

4151
00100000

4152
00010000

4153
00001000

4154
00001000

4155
00000100

4156
01000000

4157
00000010

4158
10000000

4159
10000000

4160
01000010

4161
00000010

4162
00000001

4163
01000000

4164
00001000

4165
00000100

4166
10000000

4167
00000001

4168
00000010

4169
00001000

4170
00010000

4171
00000011

4172
10000001

4173
00000100

4174
00000001

4175
00001000

4176
00001000

4177
00100000

4178
00100000

4179
00000100

4180
00010000

4181
00100000

4182
00000001

4183
00010000

4184
00000111

4185
01000010

4186
00000100

4187
00000100

4188
01000000

4189
00100000

4190
00001000

4191
00000100

4192
00100000

4193
00001000

4194
00000010

4195
00100010

4196
00000010

4197
00100000

4198
01010000

4199
10000000

4200
10000000

4201
00000100

4202
00001000

4203
00100000

4204
00100000

4205
00010000

4206
00001000

4207
00100000

4208
00000100

4209
10000000

4210
00000001

4211
00000001

4212
01000000

4213
10000000

4214
00000010

4215
00100000

4216
00010000

4217
00010000

4218
00001000

4219
00000100

4220
01000000

4221
10000000

4222
01000000

4223
00100000

4224
01001000

4225
10000000

4226
10011000

4227
00000001

4228
00000100

4229
00000101

4230
10010000

4231
11001000

4232
00001001

4233
10000000

4234
10000000

4235
00000100

4236
10000000

4237
00001000

4238
10000000

4239
00000100

4240
00000001

4241
01000000

4242
10000000

4243
10100000

4244
01000000

4245
00010000

4246
00000010

4247
01000000

4248
01000000

4249
10000001

4250
01000000

4251
00000100

4252
10000000

4253
00010000

4254
10000000

4255
10000000

4256
01000000

4257
00000100

4258
00000100

4259
10000000

4260
00000010

4261
00100000

4262
00001000

4263
10100000

4264
00100000

4265
00010000

4266
00000100

4267
00000001

4268
00000010

4269
00000010

4270
00000010

4271
00000001

4272
00001000

4273
10000000

4274
00000010

4275
00001000

4276
00000100

4277
00010000

4278
00000100

4279
00001000

4280
01000001

4281
00010000

4282
00100000

4283
00010000

4284
00000100

4285
00001000

4286
00010000

4287
00000010

4288
00000100

4289
00001000

4290
00000001

4291
00000100

4292
01000000

4293
10000000

4294
00000100

4295
00010000

4296
00001000

4297
00010000

4298
00000100

4299
00100000

4300
00010000

4301
00000001

4302
00010000

4303
00010000

4304
00000010

4305
00000100

4306
00010000

4307
00010000

4308
00000010

4309
10000000

4310
00000001

4311
10010100

4312
01010000

4313
00010000

4314
00001000

4315
00000001

4316
00010000

4317
00000100

4318
00000001

4319
00100000

4320
00000100

4321
00100000

4322
00101000

4323
00000010

4324
10000000

4325
10100000

4326
00000001

4327
00010000

4328
00100000

4329
00000100

4330
00000100

4331
00010000

4332
00000010

4333
01000000

4334
00000001

4335
00000001

4336
00000010

4337
00000100

4338
01000000

4339
00010000

4340
00001000

4341
10000001

4342
00000100

4343
00100000

4344
00010000

4345
01000000

4346
00010000

4347
00000100

4348
00010000

4349
00010000

4350
10000000

4351
00000010

4352
10000000

4353
00000010

4354
00010000

4355
00100000

4356
00000001

4357
01000000

4358
01000000

4359
00001000

4360
00000100

4361
00010000

4362
00000001

4363
10001100

4364
00100000

4365
00000100

4366
10000000

4367
00000100

4368
00001000

4369
10000000

4370
01000000

4371
00001000

4372
00000010

4373
10000000

4374
01000000

4375
00001000

4376
00100000

4377
00001000

4378
00000001

4379
00010000

4380
10000000

4381
00000001

4382
01000000

4383
00001000

4384
00000100

4385
00000100

4386
00100000

4387
00000010

4388
00000010

4389
00000100

4390
00000010

4391
00010000

4392
00000101

4393
10000000

4394
00001000

4395
00010000

4396
00010000

4397
00010000

4398
00000001

4399
00001000

4400
00000001

4401
00000001

4402
00001000

4403
00100000

4404
00100000

4405
01000000

4406
00100000

4407
00100000

4408
00010000

4409
00010000

4410
00000100

4411
00000010

4412
00001000

4413
10000000

4414
00001000

4415
01000010

4416
10000000

4417
00000010

4418
00000001

4419
10000000

4420
01000000

4421
00100000

4422
00010000

4423
10000000

4424
01000000

4425
01000100

4426
00000001

4427
10000000

4428
00100000

4429
00001000

4430
00001010

4431
00000010

4432
01000000

4433
00000001

4434
10000010

4435
00100010

4436
00000100

4437
00000100

4438
00000100

4439
00000100

4440
01000000

4441
00000100

4442
00001000

4443
00001000

4444
00100000

4445
00000100

4446
00000100

4447
00001000

4448
00001000

4449
00001000

4450
00000001

4451
00010000

4452
00000011

4453
00010000

4454
00000100

4455
00100000

4456
00000100

4457
00010000

4458
10000000

4459
00010000

4460
00010000

4461
00000010

4462
00001000

4463
00010000

4464
00010100

4465
00000100

4466
00011000

4467
10000000

4468
00000010

4469
00000010

4470
00000100

4471
10000000

4472
01000000

4473
00100000

4474
01000000

4475
00000100

4476
00000010

4477
01000000

4478
00110100

4479
00000010

4480
01000000

4481
00000010

4482
00000001

4483
00000001

4484
00001000

4485
00000010

4486
00000001

4487
00100000

4488
00100000

4489
00100000

4490
01000000

4491
00000100

4492
00001000

4493
10000000

4494
00000011

4495
00001000

4496
00000100

4497
10000000

4498
00100000

4499
00000100

4500
01000000

4501
10000000

4502
00001000

4503
00000010

4504
00000100

4505
00010000

4506
00100000

4507
00001000

4508
01000000

4509
10000000

4510
00010000

4511
00000010

4512
10000000

4513
00000100

4514
00000100

4515
00100000

4516
01000000

4517
10000000

4518
00010000

4519
00000010

4520
00010000

4521
00000001

4522
01000000

4523
10000000

4524
00000010

4525
01000000

4526
00000100

4527
00100000

4528
00000100

4529
00010000

4530
00100000

4531
00000010

4532
00000010

4533
10000000

4534
00000001

4535
00000001

4536
00001000

4537
10000000

4538
10000000

4539
01001001

4540
00001000

4541
10000000

4542
10000000

4543
00100000

4544
10000000

4545
00010000

4546
10000000

4547
00100000

4548
00101000

4549
00000001

4550
00001000

4551
00000001

4552
00010000

4553
00000001

4554
00100000

4555
00000100

4556
10000000

4557
10000000

4558
10000000

4559
00001000

4560
00000110

4561
00000100

4562
00001000

4563
00000010

4564
01000000

4565
00000010

4566
00100000

4567
00100000

4568
00000100

4569
00000100

4570
00000010

4571
00001001

4572
00001000

4573
00100000

4574
00000111

4575
00001000

4576
00001000

4577
01000000

4578
00000100

4579
10000000

4580
00000001

4581
00001000

4582
00100000

4583
10000000

4584
00100000

4585
00000010

4586
01100000

4587
00010000

4588
10000000

4589
00000010

4590
00010000

4591
00000001

4592
00000001

4593
00000010

4594
00000001

4595
01000000

4596
10000000

4597
00100000

4598
00000001

4599
00000001

4600
00010000

4601
00001100

4602
00000100

4603
00001000

4604
00010000

4605
00000010

4606
00010000

4607
10000000

4608
11000000

4609
00010000

4610
00001000

4611
00010010

4612
00100000

4613
00000100

4614
01000000

4615
00000010

4616
00010000

4617
00000100

4618
00010000

4619
00000001

4620
00000100

4621
00100000

4622
00001000

4623
00000100

4624
10000000

4625
00100000

4626
00010000

4627
10000000

4628
00000001

4629
00000001

4630
00000010

4631
00001000

4632
10000000

4633
00100000

4634
00001000

4635
00000100

4636
00000001

4637
00000001

4638
00010000

4639
00001000

4640
01000100

4641
00000001

4642
00000100

4643
00010000

4644
01000000

4645
00000100

4646
00000001

4647
00000010

4648
00000100

4649
10010000

4650
00000100

4651
00000100

4652
00001000

4653
00000010

4654
10000000

4655
10000000

4656
10000000

4657
00100000

4658
10000000

4659
01101000

4660
00000001

4661
00000010

4662
00001000

4663
00000010

4664
01001100

4665
01000000

4666
00000001

4667
10000000

4668
00001000

4669
01000000

4670
00010000

4671
00010000

4672
10000000

4673
10000000

4674
00000100

4675
00100000

4676
00010000

4677
00000100

4678
00000010

4679
01000000

4680
00000100

4681
00100000

4682
00100000

4683
00000100

4684
01000000

4685
00000100

4686
00000001

4687
10000000

4688
00001001

4689
00000001

4690
00000100

4691
00000100

4692
00010000

4693
00010000

4694
00000010

4695
01000000

4696
00000010

4697
00000010

4698
00100000

4699
00001000

4700
00000010

4701
00000100

4702
00001000

4703
00000001

4704
00100000

4705
00000010

4706
01000000

4707
00001000

4708
00000011

4709
01000000

4710
01000010

4711
10101000

4712
00001000

4713
10000000

4714
00100000

4715
00000001

4716
00010000

4717
00000001

4718
00000001

4719
00000100

4720
00001000

4721
00011000

4722
01000000

4723
01000000

4724
10000000

4725
00000100

4726
01000000

4727
00100000

4728
00001001

4729
10000000

4730
00001000

4731
00001000

4732
00000001

4733
00100000

4734
01000000

4735
00000010

4736
00000001

4737
00010000

4738
00100000

4739
00000100

4740
00000001

4741
00100000

4742
00000100

4743
00001000

4744
00001000

4745
10000000

4746
00010000

4747
00001000

4748
00010000

4749
10000000

4750
01011000

4751
00001000

4752
00010000

4753
00000100

4754
00000010

4755
01000000

4756
01000010

4757
00000100

4758
00010011

4759
00000010

4760
00000010

4761
00100000

4762
00000010

4763
00000001

4764
00010000

4765
00100000

4766
00000010

4767
00100000

4768
00000001

4769
00100000

4770
00010000

4771
00000100

4772
01000000

4773
00000010

4774
00000100

4775
00100010

4776
00000100

4777
10000000

4778
00000001

4779
00000100

4780
00000100

4781
00000001

4782
00010000

4783
00001000

4784
00001000

4785
00001000

4786
10000000

4787
00001000

4788
01000000

4789
00001000

4790
00100000

4791
00000010

4792
00100100

4793
00110000

4794
00100000

4795
10000000

4796
00001100

4797
00000010

4798
01000000

4799
00000001

4800
00000100

4801
00000010

4802
00100000

4803
00000100

4804
00001000

4805
00001000

4806
00000001

4807
00001000

4808
10010000

4809
00100000

4810
00100000

4811
00001000

4812
00000001

4813
00000001

4814
00000001

4815
00100000

4816
01000000

4817
00100000

4818
10000000

4819
00000100

4820
00100000

4821
00001000

4822
10000000

4823
01000000

4824
00010000

4825
10000000

4826
01000000

4827
00000001

4828
00000001

4829
00000100

4830
00000100

4831
00000010

4832
00000001

4833
10000000

4834
00000001

4835
10000000

4836
00000010

4837
00100000

4838
00000100

4839
00000010

4840
00010000

4841
11000000

4842
00000010

4843
00000001

4844
00001000

4845
00001000

4846
00000010

4847
10000100

4848
11000000

4849
00100000

4850
00000010

4851
10000000

4852
00010000

4853
00000001

4854
00100000

4855
00100001

4856
00000100

4857
00000010

4858
00000001

4859
00000010

4860
01110000

4861
00001000

4862
00000001

4863
01000000

4864
10000000

4865
00010000

4866
00010000

4867
00000001

4868
00000001

4869
01000000

4870
00000001

4871
00000001

4872
00010000

4873
00000010

4874
00000010

4875
00001001

4876
00000001

4877
10001000

4878
01000000

4879
10000000

4880
00010000

4881
10000000

4882
00000100

4883
00001000

4884
01000000

4885
00000100

4886
01000000

4887
00001000

4888
10000000

4889
01000000

4890
00100000

4891
00010000

4892
00001000

4893
00100000

4894
00000001

4895
00001000

4896
00000011

4897
00000100

4898
00000110

4899
01000000

4900
00000100

4901
00001000

4902
00000001

4903
01000000

4904
00001000

4905
00001100

4906
01000000

4907
00100000

4908
00010000

4909
00000001

4910
10000000

4911
10000000

4912
00100000

4913
10000000

4914
00100000

4915
00100000

4916
00100000

4917
00000001

4918
00010000

4919
00000100

4920
00000001

4921
10000000

4922
00001000

4923
00000001

4924
01000000

4925
10000000

4926
00001000

4927
01000000

4928
01000000

4929
00100000

4930
10000000

4931
00000001

4932
00000001

4933
00001000

4934
00000010

4935
00000100

4936
00000010

4937
00000001

4938
00000010

4939
00011000

4940
10000000

4941
00000001

4942
00100000

4943
00001000

4944
01010000

4945
00000010

4946
00000001

4947
00000100

4948
00000010

4949
00000001

4950
00010000

4951
00100000

4952
00000100

4953
00000001

4954
00000001

4955
00010000

4956
01000001

4957
00000100

4958
00000010

4959
00100000

4960
01000000

4961
00010001

4962
00000100

4963
00100000

4964
01000000

4965
10000000

4966
00100000

4967
10010000

4968
00100000

4969
00001000

4970
00010000

4971
00100000

4972
00010000

4973
00000001

4974
00001000

4975
00000100

4976
00010000

4977
00000100

4978
00001000

4979
00010000

4980
00100000

4981
11000000

4982
00000010

4983
01000100

4984
01000000

4985
00010010

4986
00000001

4987
00010000

4988
00000100

4989
00010000

4990
10000100

4991
01000001

4992
00000100

4993
00010010

4994
00000010

4995
00001000

4996
00000100

4997
00000100

4998
00000100

4999
00000100

5000
00101010

5001
00000100

5002
00000010

5003
00000001

5004
10000000

5005
00000001

5006
00010000

5007
00010000

5008
00000010

5009
00000001

5010
10000100

5011
00000001

5012
00001000

5013
00000100

5014
10000000

5015
01000000

5016
10000000

5017
01000000

5018
00100000

5019
00001000

5020
10000000

5021
00000001

5022
00001000

5023
00100000

5024
01000000

5025
10000000

5026
00000100

5027
10000000

5028
00010000

5029
01000000

5030
00100000

5031
10000000

5032
00001000

5033
00000001

5034
00100000

5035
01000000

5036
00000010

5037
00001000

5038
00000100

5039
01000000

5040
00001000

5041
00010000

5042
01000000

5043
00000010

5044
00100000

5045
00010000

5046
00000010

5047
00000001

5048
00000010

5049
00100000

5050
00000010

5051
01000000

5052
00001000

5053
10000000

5054
00010000

5055
00010000

5056
00000100

5057
00001000

5058
00100000

5059
00000110

5060
00000001

5061
10000000

5062
00000001

5063
00001100

5064
00000001

5065
00000010

5066
00001000

5067
01000000

5068
00100000

5069
01000000

5070
00010001

5071
10000001

5072
00010000

5073
00001100

5074
00100000

5075
00000010

5076
00000110

5077
00000001

5078
10000000

5079
00000100

5080
10000000

5081
01000000

5082
00100000

5083
10000000

5084
00010000

5085
00000001

5086
00001000

5087
10000000

5088
01000100

5089
01000000

5090
00000101

5091
01000000

5092
00010000

5093
01000000

5094
00001000

5095
10000000

5096
00001000

5097
10000000

5098
01000000

5099
00000100

5100
10000000

5101
00000100

5102
00001000

5103
00010000

5104
00000010

5105
00000010

5106
00100000

5107
10000000

5108
10000000

5109
10000000

5110
00000001

5111
00010000

5112
00010000

5113
01000000

5114
00010000

5115
10000000

5116
00000100

5117
01000000

5118
00010000

5119
00100000

5120
11000000

5121
00001000

5122
00100000

5123
01000000

5124
11000000

5125
00000001

5126
00000001

5127
00000010

5128
00100000

5129
00010000

5130
10000000

5131
00001000

5132
01000000

5133
00001000

5134
00001000

5135
00001000

5136
10001000

5137
00000001

5138
01000000

5139
00000001

5140
00010000

5141
00100010

5142
00000100

5143
00000001

5144
00001000

5145
00110000

5146
00010000

5147
01000000

5148
00000100

5149
00000010

5150
01000000

5151
01000000

5152
10000000

5153
00000100

5154
00000001

5155
11100000

5156
00000001

5157
00010000

5158
00100000

5159
00010001

5160
10000000

5161
00100100

5162
00010000

5163
00010000

5164
10001000

5165
00100000

5166
00011000

5167
10000000

5168
01000000

5169
00010000

5170
00000001

5171
00000001

5172
01000000

5173
00001000

5174
00001000

5175
00000010

5176
00000001

5177
00100000

5178
00100000

5179
01000000

5180
00010000

5181
01000000

5182
00100000

5183
10000000

5184
00100100

5185
00100000

5186
10000000

5187
10000000

5188
00001000

5189
10000000

5190
01000000

5191
00010100

5192
01000000

5193
01000000

5194
00000010

5195
00000001

5196
00000101

5197
00000010

5198
00000001

5199
00001000

5200
00100000

5201
00000010

5202
01000000

5203
10100000

5204
01000000

5205
00010000

5206
00010000

5207
00000010

5208
00000010

5209
10000000

5210
00010000

5211
00100000

5212
01000001

5213
10000000

5214
00000101

5215
00000100

5216
00000001

5217
00100000

5218
00001000

5219
01000000

5220
00000001

5221
00100000

5222
00000010

5223
00001000

5224
10000000

5225
00001000

5226
01000001

5227
01000000

5228
00010000

5229
00001010

5230
00100000

5231
01000000

5232
00000001

5233
00100000

5234
00010000

5235
00000100

5236
00000001

5237
00001000

5238
00100000

5239
10000100

5240
00000010

5241
01000000

5242
00001000

5243
10000000

5244
00010000

5245
10000000

5246
00000001

5247
00010000

5248
00000001

5249
10000000

5250
00000101

5251
00000100

5252
01000000

5253
10000000

5254
00010000

5255
10000100

5256
01000000

5257
00010000

5258
10000000

5259
10000000

5260
00010000

5261
00000010

5262
00010100

5263
10000000

5264
00100000

5265
01000000

5266
00000010

5267
01000000

5268
00010000

5269
00100010

5270
01000000

5271
00000100

5272
01000000

5273
10000000

5274
00000001

5275
10000000

5276
00000100

5277
00000100

5278
01000000

5279
00100000

5280
00100000

5281
00000010

5282
00000010

5283
10000000

5284
00100000

5285
00001000

5286
00000010

5287
00001000

5288
00001000

5289
00000010

5290
00000010

5291
10000000

5292
10000000

5293
01000100

5294
00010000

5295
00000010

5296
00100000

5297
00000010

5298
00001000

5299
01000000

5300
10000000

5301
01010000

5302
00010000

5303
00000001

5304
01000100

5305
00100000

5306
01000101

5307
00000001

5308
00000010

5309
00000001

5310
00001000

5311
00000100

5312
00000001

5313
00000010

5314
00001000

5315
00000001

5316
10000000

5317
00000001

5318
00000100

5319
00100000

5320
01000000

5321
00001000

5322
00001000

5323
10000000

5324
10000000

5325
00000010

5326
01000000

5327
00010000

5328
00000001

5329
00000010

5330
10000000

5331
00000100

5332
01000000

5333
01000000

5334
10000000

5335
00001000

5336
00001000

5337
00001000

5338
10000000

5339
00010000

5340
00100000

5341
00100000

5342
10000000

5343
00100000

5344
00010000

5345
00000001

5346
00000001

5347
00010000

5348
00001000

5349
00000001

5350
00000010

5351
00000001

5352
00000010

5353
00000010

5354
00000001

5355
00000010

5356
01100000

5357
00100000

5358
00000100

5359
00010000

5360
11111111

5361
00010000

5362
10000000

5363
00000010

5364
00001000

5365
01000000

5366
00000100

5367
00100000

5368
00000001

5369
00010000

5370
00001000

5371
01000100

5372
01000100

5373
00100000

5374
00000100

5375
10000000

5376
00100000

5377
00010000

5378
00000001

5379
10000000

5380
00000010

5381
10000100

5382
00001000

5383
00001000

5384
00001000

5385
01000000

5386
00001000

5387
00100000

5388
01000010

5389
00000010

5390
00000010

5391
00001000

5392
10000000

5393
01000000

5394
01000000

5395
10000010

5396
00010000

5397
00000100

5398
00010000

5399
00010000

5400
00010000

5401
10000000

5402
00001010

5403
10000000

5404
00001101

5405
00100000

5406
00000010

5407
00100000

5408
00100000

5409
10000000

5410
00000010

5411
10000001

5412
00100000

5413
00000010

5414
00001000

5415
00000010

5416
00010000

5417
00000010

5418
00000100

5419
00000001

5420
00000010

5421
00010100

5422
01000000

5423
00000010

5424
00001000

5425
00100000

5426
00100000

5427
01000000

5428
01000000

5429
01000000

5430
10000000

5431
00010000

5432
00001000

5433
00100000

5434
00000100

5435
00000100

5436
00010000

5437
00110000

5438
00010000

5439
00010000

5440
00000100

5441
10001010

5442
00100000

5443
00000001

5444
10000010

5445
01000000

5446
00000001

5447
01000000

5448
00000010

5449
00100000

5450
00100000

5451
00000001

5452
10000000

5453
00000001

5454
00000001

5455
10000000

5456
00010000

5457
01000000

5458
00000010

5459
00000010

5460
00100000

5461
00000100

5462
01000000

5463
00000001

5464
10000000

5465
00010000

5466
00000100

5467
00000001

5468
00000101

5469
00010000

5470
00010000

5471
10000000

5472
01000000

5473
00010000

5474
01000000

5475
00000010

5476
00001000

5477
10000000

5478
10000000

5479
00001000

5480
00000001

5481
00000001

5482
00000100

5483
00001000

5484
00000100

5485
00000010

5486
00000010

5487
00100000

5488
10000000

5489
00100000

5490
00000100

5491
00000100

5492
10000000

5493
00100000

5494
01000000

5495
10000000

5496
00000010

5497
01000000

5498
00000100

5499
01000000

5500
01000000

5501
00000001

5502
00000100

5503
00000001

5504
00100000

5505
01000000

5506
00000100

5507
00001000

5508
00000100

5509
00000100

5510
00100000

5511
10000000

5512
00001000

5513
01000000

5514
00010000

5515
00000001

5516
10000000

5517
00010010

5518
00000001

5519
00000001

5520
00001000

5521
10000000

5522
00010000

5523
01000000

5524
00100000

5525
00100000

5526
00000010

5527
00000100

5528
00001000

5529
00000001

5530
10000000

5531
00000100

5532
10000000

5533
00010000

5534
00000010

5535
00001000

5536
00010000

5537
00000010

5538
00000100

5539
10000000

5540
00001000

5541
00100000

5542
00010000

5543
00010000

5544
00001000

5545
10000000

5546
10000000

5547
00100000

5548
00100000

5549
01000000

5550
00001000

5551
00000010

5552
10000000

5553
00000100

5554
00001000

5555
00100000

5556
01000000

5557
00100000

5558
10000000

5559
00000100

5560
00000100

5561
00001000

5562
01000000

5563
00010000

5564
00010000

5565
00010000

5566
00000100

5567
00000100

5568
00000010

5569
10000000

5570
00000001

5571
00010000

5572
00100000

5573
01000000

5574
00000001

5575
10000001

5576
00000100

5577
00001000

5578
00000001

5579
00000001

5580
00000001

5581
00001000

5582
00001000

5583
00010000

5584
00100000

5585
00000010

5586
00001000

5587
00000010

5588
00000100

5589
00000010

5590
00000001

5591
01000000

5592
01000000

5593
10000000

5594
01000000

5595
00001000

5596
10000000

5597
00000010

5598
01000000

5599
01000000

5600
00000010

5601
00010000

5602
01010000

5603
00000100

5604
01000001

5605
00000010

5606
00000001

5607
00001000

5608
00100000

5609
00100000

5610
00000100

5611
00010000

5612
01000000

5613
01000000

5614
10000000

5615
00000001

5616
00000001

5617
00000100

5618
00001000

5619
00000100

5620
00001000

5621
01000000

5622
00000001

5623
00000001

5624
00001000

5625
01000000

5626
00000001

5627
00001000

5628
00100000

5629
00000001

5630
00000001

5631
00001000

5632
00100000

5633
10000011

5634
00001000

5635
00000001

5636
10000000

5637
00100000

5638
10000000

5639
00001000

5640
00000100

5641
00000100

5642
01000000

5643
00010001

5644
00000001

5645
00000100

5646
00010000

5647
10000000

5648
00000010

5649
00001000

5650
00010000

5651
00000010

5652
00100000

5653
00000010

5654
00001000

5655
00010000

5656
00010000

5657
00100000

5658
00000010

5659
10000000

5660
00001000

5661
00000001

5662
00010000

5663
00000100

5664
01000000

5665
00000001

5666
00100000

5667
00110000

5668
10000000

5669
00000100

5670
00000001

5671
01000000

5672
00000001

5673
10000000

5674
00001000

5675
00100000

5676
00001000

5677
00010001

5678
01000000

5679
00001001

5680
10000000

5681
01000000

5682
01000000

5683
10000000

5684
00010000

5685
00001000

5686
00100000

5687
00001000

5688
00100000

5689
00000100

5690
01000000

5691
00001000

5692
01100000

5693
00000001

5694
00010000

5695
00000010

5696
00000001

5697
00001000

5698
00010000

5699
00000001

5700
10000001

5701
00000001

5702
00100000

5703
00010000

5704
00000001

5705
00001000

5706
10000000

5707
00000001

5708
00000001

5709
00000010

5710
01000000

5711
00000100

5712
00100000

5713
00001000

5714
00100000

5715
00010000

5716
10000000

5717
10000000

5718
00010000

5719
00100000

5720
01000000

5721
00010000

5722
10000000

5723
00000001

5724
00110000

5725
00001000

5726
00000010

5727
01000000

5728
00000001

5729
01000000

5730
00000010

5731
10001000

5732
00100000

5733
01000000

5734
00100100

5735
10000000

5736
01000000

5737
01000000

5738
01000000

5739
00001000

5740
00001000

5741
00100000

5742
00001000

5743
00000100

5744
00100000

5745
00000010

5746
00000100

5747
00001000

5748
00000010

5749
00000001

5750
10000000

5751
00000100

5752
00010000

5753
00010000

5754
01100000

5755
10000000

5756
10000100

5757
01000000

5758
00010000

5759
11111111

5760
00000001

5761
00000010

5762
10000000

5763
00000001

5764
01000000

5765
00000100

5766
00010000

5767
00000010

5768
00010000

5769
01000000

5770
01000000

5771
00010000

5772
10000000

5773
00010000

5774
00000100

5775
00100000

5776
10000000

5777
00000010

5778
00100000

5779
01000000

5780
00000010

5781
00000010

5782
00100000

5783
00100000

5784
00000010

5785
00100000

5786
00010000

5787
00000001

5788
00000001

5789
00010000

5790
00001000

5791
00000110

5792
00001000

5793
00100000

5794
00000001

5795
00010000

5796
00000100

5797
10000000

5798
00100000

5799
00000010

5800
00000010

5801
00010000

5802
10000000

5803
00000010

5804
00000010

5805
00010000

5806
00001000

5807
00001000

5808
00001000

5809
00000001

5810
01000000

5811
01000010

5812
00000100

5813
00001000

5814
00000100

5815
00001100

5816
10000001

5817
00000001

5818
00100000

5819
00000100

5820
00010000

5821
00000100

5822
00000100

5823
00000001

5824
00010000

5825
00000010

5826
00001000

5827
00010000

5828
10000000

5829
00000100

5830
01000000

5831
00000001

5832
00100000

5833
00001000

5834
01000000

5835
00000001

5836
00000001

5837
00000010

5838
00001000

5839
00100000

5840
00000001

5841
00010000

5842
00000100

5843
10000000

5844
00001000

5845
10000000

5846
00100000

5847
00100000

5848
01000000

5849
00100000

5850
00100000

5851
00000010

5852
00000001

5853
00000010

5854
00010000

5855
10000000

5856
10000000

5857
00000010

5858
00100100

5859
00000001

5860
00100000

5861
00010000

5862
00001000

5863
00000010

5864
00100000

5865
00000010

5866
00100000

5867
00010010

5868
00000010

5869
00100000

5870
00100000

5871
01000000

5872
00000100

5873
10000000

5874
00000010

5875
00000001

5876
00000010

5877
00000001

5878
10000000

5879
00100000

5880
00000010

5881
00010000

5882
00100000

5883
10000100

5884
00000001

5885
00000001

5886
00000001

5887
00100000

5888
11000000

5889
00001100

5890
00001000

5891
00000100

5892
10000000

5893
00010000

5894
00010000

5895
00001000

5896
10000000

5897
00010000

5898
00000100

5899
00000100

5900
00010000

5901
10000000

5902
00010000

5903
10000000

5904
10000000

5905
10000000

5906
10000000

5907
00100000

5908
00100000

5909
00100000

5910
01000000

5911
00100000

5912
00000010

5913
00000100

5914
00010000

5915
00100000

5916
00010000

5917
00100000

5918
00000001

5919
01000000

5920
00100000

5921
00001000

5922
01000000

5923
00100000

5924
01000000

5925
00010000

5926
10000000

5927
00001000

5928
11000000

5929
00000001

5930
00100000

5931
10000000

5932
01000000

5933
00100000

5934
00100000

5935
01000000

5936
00001000

5937
10000000

5938
10000000

5939
00000010

5940
00000001

5941
01000000

5942
00100000

5943
00100000

5944
01000000

5945
00000100

5946
00001000

5947
00000010

5948
00000001

5949
10000000

5950
00000001

5951
10000000

5952
00010000

5953
00000001

5954
00000010

5955
00000010

5956
00010000

5957
00001000

5958
00100000

5959
01000000

5960
00100000

5961
00100100

5962
00100100

5963
01000000

5964
00100010

5965
00100000

5966
00011000

5967
00100000

5968
00000010

5969
00010000

5970
10000010

5971
00000001

5972
00000100

5973
00000001

5974
00000001

5975
00000010

5976
00010000

5977
00000100

5978
00000100

5979
01000100

5980
01000000

5981
00001000

5982
00000010

5983
00000010

5984
00100000

5985
00100000

5986
00000100

5987
00010100

5988
10000000

5989
00001000

5990
00000010

5991
00001000

5992
00000010

5993
10000000

5994
10000000

5995
10000000

5996
00000100

5997
00000010

5998
00000100

5999
00010000

6000
00000100

6001
00010000

6002
00000001

6003
00001000

6004
00100010

6005
01000000

6006
10000000

6007
10000000

6008
01000000

6009
00110000

6010
10000000

6011
00000001

6012
00000001

6013
00000100

6014
00010000

6015
00000100

6016
00100000

6017
00100000

6018
00000001

6019
01000000

6020
01000010

6021
00010000

6022
01000000

6023
00001000

6024
01000000

6025
00001000

6026
00010110

6027
10000000

6028
00000100

6029
00001000

6030
00000001

6031
00001000

6032
00011000

6033
01000000

6034
00000001

6035
00000001

6036
00100000

6037
10000000

6038
00000010

6039
00010000

6040
00000001

6041
00010000

6042
00000010

6043
00000110

6044
01000000

6045
00000100

6046
00000100

6047
00000001

6048
10000000

6049
00000100

6050
00010010

6051
00000001

6052
00000001

6053
00001000

6054
01000000

6055
00000010

6056
01000000

6057
00001010

6058
00010100

6059
00001000

6060
00000100

6061
10000000

6062
00010000

6063
00010000

6064
00010000

6065
00100000

6066
00100000

6067
00100000

6068
00000010

6069
00010000

6070
00100000

6071
00000001

6072
00000001

6073
00000100

6074
01000000

6075
00000010

6076
00001000

6077
00000010

6078
00000001

6079
00000100

6080
00000001

6081
10000000

6082
00100000

6083
00010000

6084
00100000

6085
00000010

6086
10000101

6087
00100000

6088
00100000

6089
10000000

6090
00010000

6091
00010000

6092
00000010

6093
00110001

6094
10000000

6095
10000000

6096
00000010

6097
00000010

6098
00000100

6099
01000000

6100
00001000

6101
10000000

6102
00000100

6103
00000100

6104
01000000

6105
00010000

6106
00100000

6107
00001010

6108
00000010

6109
01000000

6110
00010000

6111
00000010

6112
00000010

6113
00000001

6114
01000000

6115
00000001

6116
00100000

6117
00010000

6118
01000000

6119
00000010

6120
00010000

6121
00000100

6122
01000000

6123
00000100

6124
10000000

6125
00000100

6126
01000000

6127
10001000

6128
00000010

6129
00000001

6130
00100010

6131
00100000

6132
00010000

6133
00001000

6134
00000100

6135
00000100

6136
00010000

6137
00000001

6138
01000010

6139
00100000

6140
10000000

6141
00000001

6142
00000010

6143
00001000

6144
00000001

6145
00010100

6146
00000010

6147
00000001

6148
01000000

6149
10000000

6150
00000010

6151
00000001

6152
10000000

6153
00000100

6154
01000000

6155
00000100

6156
00100000

6157
00001000

6158
10001000

6159
10000000

6160
10000000

6161
00100000

6162
10000000

6163
01010000

6164
00000100

6165
00100100

6166
00000110

6167
00010000

6168
00001010

6169
00000101

6170
00001000

6171
10000010

6172
00010000

6173
00000001

6174
00000100

6175
00000001

6176
10000000

6177
00000100

6178
00000010

6179
01100000

6180
00001000

6181
00000010

6182
00000100

6183
01000000

6184
00100000

6185
01000000

6186
00000100

6187
00010000

6188
00010000

6189
01000000

6190
00001000

6191
00100000

6192
00010000

6193
10000000

6194
00001000

6195
00000100

6196
00000010

6197
00101000

6198
10000000

6199
00001000

6200
00100000

6201
00000001

6202
01000000

6203
11111111

6204
00010000

6205
00100000

6206
00001000

6207
00000001

6208
01000000

6209
00100000

6210
00000010

6211
00010010

6212
01000000

6213
00100000

6214
00010000

6215
00000010

6216
00000010

6217
00000001

6218
10000000

6219
00000010

6220
00010000

6221
10000001

6222
00000010

6223
00010000

6224
00100000

6225
00000001

6226
00010000

6227
10000000

6228
00000010

6229
00010000

6230
10000000

6231
00010000

6232
00000001

6233
00001000

6234
00100001

6235
00000001

6236
00000001

6237
10000000

6238
00010000

6239
01000000

6240
00100000

6241
01000000

6242
00100000

6243
00000100

6244
10000000

6245
00000001

6246
00010000

6247
00100000

6248
00100000

6249
00001000

6250
00001000

6251
00000010

6252
00001100

6253
00001000

6254
10000000

6255
00100000

6256
00010000

6257
00100000

6258
00001000

6259
00000100

6260
01000000

6261
00000001

6262
00101000

6263
00001000

6264
00010000

6265
00100000

6266
00000010

6267
00100000

6268
00000001

6269
01000000

6270
10000000

6271
00100000

6272
01010000

6273
00000010

6274
00001000

6275
00010000

6276
00000100

6277
00000001

6278
00010010

6279
00000100

6280
00000100

6281
10000000

6282
10000000

6283
00000100

6284
01000000

6285
01000000

6286
00000010

6287
01000000

6288
00000100

6289
00001000

6290
00010000

6291
00010000

6292
00000010

6293
00000100

6294
00001000

6295
00000001

6296
00000100

6297
10000000

6298
00000010

6299
01000000

6300
00010100

6301
00000100

6302
00000100

6303
01000100

6304
00000001

6305
01000000

6306
00000001

6307
00000100

6308
00001000

6309
00100000

6310
00000001

6311
10000000

6312
00100000

6313
00100000

6314
00100000

6315
00000001

6316
01000000

6317
00000010

6318
00000100

6319
00001000

6320
00000001

6321
00000001

6322
00100000

6323
00100000

6324
00001000

6325
00000100

6326
00010000

6327
00010000

6328
10000000

6329
00000110

6330
00000010

6331
10000010

6332
00001100

6333
00000010

6334
10000000

6335
00001000

6336
00000001

6337
01000000

6338
00000100

6339
00010000

6340
00000001

6341
00001000

6342
00000100

6343
01000000

6344
10000000

6345
00010001

6346
00100000

6347
00001000

6348
00001000

6349
00000010

6350
00010000

6351
00010000

6352
00001000

6353
00010011

6354
00000010

6355
00111000

6356
11000100

6357
00000001

6358
00000010

6359
10010000

6360
00000110

6361
10000000

6362
00000001

6363
10000000

6364
10000000

6365
00000100

6366
10000000

6367
00000001

6368
10000000

6369
00001000

6370
10000000

6371
00000010

6372
00001000

6373
00000100

6374
01000010

6375
00100000

6376
00000010

6377
00010000

6378
00100000

6379
00010000

6380
11111111

6381
00000100

6382
10000000

6383
00010000

6384
00011000

6385
10000000

6386
00000100

6387
01000000

6388
00010000

6389
00000010

6390
00001000

6391
00100000

6392
00100001

6393
00100000

6394
00001000

6395
00100000

6396
00001000

6397
00000001

6398
10000000

6399
10000000

6400
00001000

6401
00000010

6402
00000100

6403
00010000

6404
00010000

6405
00000100

6406
00001000

6407
00000001

6408
00001000

6409
00100000

6410
10000000

6411
01000000

6412
00010000

6413
01000000

6414
01000000

6415
00000011

6416
00000100

6417
10000000

6418
00001000

6419
00100000

6420
00000010

6421
00000010

6422
01000000

6423
00000010

6424
10000000

6425
00010010

6426
10000000

6427
10000000

6428
10000000

6429
00000010

6430
00100000

6431
00010000

6432
01000000

6433
00000001

6434
00001000

6435
10000000

6436
01000000

6437
01000000

6438
00110010

6439
00001000

6440
00000001

6441
00000100

6442
00001000

6443
00000001

6444
00000010

6445
10000000

6446
00010000

6447
00110000

6448
00010001

6449
00000010

6450
00001000

6451
00000001

6452
00000100

6453
00001000

6454
00000010

6455
00000001

6456
00000100

6457
01000000

6458
00000010

6459
00010000

6460
00000001

6461
00010010

6462
00000001

6463
01000000

6464
00100000

6465
00010000

6466
00000010

6467
10100000

6468
00001000

6469
10000000

6470
00010000

6471
00100000

6472
00000001

6473
01000000

6474
00001000

6475
10000000

6476
00010000

6477
10000010

6478
00010000

6479
00010000

6480
00000100

6481
00000100

6482
01000000

6483
10000000

6484
00100000

6485
01000000

6486
00100000

6487
00010000

6488
00100000

6489
00000001

6490
00000001

6491
00000010

6492
00100000

6493
01000000

6494
00100000

6495
01000000

6496
00000001

6497
01000000

6498
00010000

6499
00000001

6500
00000001

6501
00000001

6502
00000010

6503
00000001

6504
00001000

6505
00000010

6506
10000000

6507
00010000

6508
00010000

6509
00000101

6510
10000010

6511
01000000

6512
00100000

6513
00010000

6514
00000010

6515
00010000

6516
01010000

6517
10000000

6518
01000000

6519
00010000

6520
00001100

6521
00010000

6522
10000000

6523
00011001

6524
00100000

6525
00000010

6526
00000001

6527
00010000

6528
01000000

6529
00001000

6530
00000001

6531
00000100

6532
00000100

6533
00000110

6534
00001000

6535
00000010

6536
10000000

6537
00010000

6538
10000001

6539
00000010

6540
00001000

6541
00001000

6542
01000000

6543
00010000

6544
00100000

6545
00010000

6546
00000010

6547
11000000

6548
00000100

6549
00010000

6550
01000001

6551
00010000

6552
10000000

6553
00001000

6554
01000100

6555
00000001

6556
00000001

6557
00000100

6558
00001000

6559
00001000

6560
00001000

6561
00000010

6562
00000100

6563
00010000

6564
00000100

6565
00000010

6566
00000001

6567
00001000

6568
00000010

6569
00010000

6570
00001000

6571
00000001

6572
01000000

6573
00000100

6574
00000101

6575
10000000

6576
01001000

6577
00000100

6578
00000010

6579
00000001

6580
00000001

6581
00000001

6582
00100000

6583
00000001

6584
00000010

6585
01000000

6586
01010000

6587
00001000

6588
00001000

6589
10000000

6590
00000101

6591
00000010

6592
00100000

6593
00100000

6594
00000010

6595
00000001

6596
00000100

6597
00001000

6598
01000000

6599
00000001

6600
10100000

6601
00000010

6602
10000000

6603
01100000

6604
00010000

6605
10000000

6606
10000100

6607
00000001

6608
00001000

6609
00000100

6610
00000010

6611
00001000

6612
00000010

6613
10000000

6614
10000000

6615
00101000

6616
00100000

6617
00000001

6618
00001000

6619
00001000

6620
00000010

6621
10000000

6622
00000001

6623
00000010

6624
01000000

6625
00100000

6626
01000010

6627
00000001

6628
00010000

6629
00000100

6630
10000000

6631
10000000

6632
01000000

6633
00100000

6634
00001000

6635
00000100

6636
01001000

6637
01000000

6638
10000000

6639
00000100

6640
00000100

6641
00010000

6642
00001000

6643
00000010

6644
00000010

6645
11000000

6646
00000001

6647
00000010

6648
00000100

6649
00100000

6650
01000000

6651
00000001

6652
00000100

6653
00000010

6654
00100000

6655
00001000

6656
00000100

6657
10000001

6658
00000001

6659
00000010

6660
00000100

6661
00000010

6662
00001000

6663
01000000

6664
10000000

6665
00001010

6666
00000010

6667
10000000

6668
10000000

6669
00000100

6670
00001000

6671
00000001

6672
00001000

6673
00010000

6674
00000001

6675
00010100

6676
00000001

6677
00001000

6678
10000000

6679
00000010

6680
00100000

6681
00001000

6682
00000001

6683
00000010

6684
00000100

6685
00000001

6686
10000000

6687
00000010

6688
00000001

6689
10000000

6690
00000100

6691
00000100

6692
00001000

6693
01000000

6694
00100000

6695
00000010

6696
00000010

6697
00000100

6698
01000000

6699
00000001

6700
00000001

6701
10000000

6702
00001110

6703
00100000

6704
00010010

6705
00000010

6706
00000001

6707
00010010

6708
00001000

6709
00001000

6710
00010000

6711
10000000

6712
00010000

6713
00000001

6714
10000000

6715
00000100

6716
00100000

6717
00000100

6718
00000100

6719
00010000

6720
00010000

6721
00000001

6722
00000100

6723
10100000

6724
00000100

6725
00000100

6726
00000010

6727
00000100

6728
01000000

6729
00001000

6730
00000010

6731
00100000

6732
10000000

6733
10000000

6734
00101000

6735
00000010

6736
01000000

6737
10000000

6738
01000000

6739
00010000

6740
00010000

6741
00010000

6742
10000000

6743
00100000

6744
00010000

6745
00010000

6746
00001000

6747
00000001

6748
00001000

6749
00010000

6750
01000000

6751
00010000

6752
00000100

6753
00100010

6754
00100000

6755
00001000

6756
00010000

6757
00000001

6758
00000010

6759
00001000

6760
00100000

6761
00001000

6762
00100001

6763
00000001

6764
00000100

6765
00000001

6766
00000001

6767
00001000

6768
10000000

6769
00000010

6770
00100000

6771
00000010

6772
00000001

6773
00001000

6774
00100000

6775
00001000

6776
00000010

6777
00000100

6778
00010000

6779
00010000

6780
00010000

6781
00000001

6782
00000001

6783
01000000

6784
00001000

6785
01000000

6786
00000001

6787
01000000

6788
00000100

6789
00100000

6790
00000001

6791
01000000

6792
00000010

6793
10010000

6794
00001010

6795
00010000

6796
00000101

6797
00010000

6798
00000100

6799
00001000

6800
00010000

6801
00101000

6802
00000010

6803
00000010

6804
00000001

6805
01000000

6806
00000100

6807
00000010

6808
00001000

6809
00000010

6810
00100000

6811
00000100

6812
00010000

6813
00000100

6814
00000010

6815
01000000

6816
00000011

6817
01000000

6818
00010000

6819
01000000

6820
00000001

6821
00100000

6822
00000010

6823
00100000

6824
00000100

6825
00000010

6826
01000000

6827
00000010

6828
00000100

6829
10000000

6830
01000010

6831
00110000

6832
00000001

6833
01000000

6834
10000000

6835
00000010

6836
00000001

6837
00100001

6838
00100000

6839
00100000

6840
10000000

6841
01000000

6842
10000000

6843
00000001

6844
10000000

6845
00000100

6846
10000000

6847
00000010

6848
01000000

6849
01000000

6850
00010000

6851
01000000

6852
00000010

6853
01000000

6854
00001000

6855
00100000

6856
00010000

6857
00100000

6858
00000001

6859
01000000

6860
00001000

6861
00000100

6862
00000010

6863
00010000

6864
00000100

6865
01000100

6866
00000100

6867
01000000

6868
00001000

6869
00001000

6870
00000001

6871
00010000

6872
01000000

6873
00010000

6874
00000010

6875
00000001

6876
01000000

6877
00010000

6878
01000000

6879
00100000

6880
01000000

6881
00001000

6882
00001000

6883
00000010

6884
01000000

6885
00001000

6886
00000010

6887
00010000

6888
00100000

6889
00000001

6890
00010010

6891
10000000

6892
00000010

6893
00001000

6894
01000000

6895
10000000

6896
00001100

6897
00100000

6898
00100000

6899
00001100

6900
01100010

6901
00100000

6902
01000000

6903
01000000

6904
00000100

6905
00100000

6906
00000100

6907
00010010

6908
00001000

6909
10000000

6910
00100000

6911
00000100

6912
00000100

6913
00010000

6914
00000100

6915
01000000

6916
00110000

6917
10000000

6918
00100000

6919
00001000

6920
00000010

6921
11000000

6922
01000100

6923
00010000

6924
00100000

6925
00010000

6926
00010000

6927
01000000

6928
00010000

6929
00000100

6930
00000100

6931
00001000

6932
01000000

6933
00010000

6934
00001000

6935
01000000

6936
10000000

6937
00001000

6938
01000000

6939
00001000

6940
00001000

6941
00000100

6942
00001000

6943
00100000

6944
00001000

6945
10000000

6946
00001000

6947
10000000

6948
00100000

6949
00010000

6950
00000101

6951
00010000

6952
01000000

6953
00000001

6954
00000001

6955
00100000

6956
00000100

6957
10000000

6958
00010000

6959
00100000

6960
00000001

6961
00000010

6962
00000010

6963
00010000

6964
00000010

6965
00001000

6966
01000000

6967
10000000

6968
00000001

6969
00100000

6970
01000000

6971
00000010

6972
00000001

6973
10000000

6974
00000100

6975
00000001

6976
01000000

6977
00000100

6978
00000001

6979
01000001

6980
00100000

6981
00100000

6982
10000000

6983
00001000

6984
00000010

6985
00010000

6986
01000000

6987
01000000

6988
01000000

6989
00100000

6990
00100000

6991
00100000

6992
00000010

6993
01000000

6994
00000010

6995
00000100

6996
10000000

6997
00010000

6998
01000000

6999
10000000

7000
10000000

7001
01000000

7002
00001000

7003
00000100

7004
00000010

7005
00000001

7006
00000001

7007
00000001

7008
00001000

7009
00100000

7010
01000000

7011
00100000

7012
10000000

7013
00001000

7014
00001000

7015
00100000

7016
00000001

7017
00000001

7018
10000010

7019
00001000

7020
00000100

7021
00000010

7022
00000001

7023
00100000

7024
00100000

7025
00001000

7026
00001000

7027
10000000

7028
00010000

7029
00000100

7030
00010000

7031
10000000

7032
00000010

7033
00010001

7034
01000000

7035
01000000

7036
00000010

7037
00010000

7038
00000010

7039
00000010

7040
01000000

7041
01000000

7042
00000001

7043
00000010

7044
01000000

7045
10000000

7046
00100000

7047
01000000

7048
10000000

7049
00000001

7050
10000000

7051
10000000

7052
01000000

7053
00000100

7054
00000001

7055
00010000

7056
00000001

7057
10000000

7058
00100000

7059
00000001

7060
00000001

7061
00000100

7062
00010011

7063
00010000

7064
10000000

7065
00010000

7066
00000001

7067
00100000

7068
00001000

7069
00001000

7070
00000001

7071
00000001

7072
00000001

7073
00001000

7074
00000001

7075
00100000

7076
01100000

7077
00000010

7078
00100000

7079
00000001

7080
01000000

7081
00100000

7082
00100000

7083
00100000

7084
00000010

7085
00001000

7086
00010010

7087
00000001

7088
01000000

7089
00000100

7090
01000000

7091
01000000

7092
01000010

7093
01001000

7094
00100000

7095
00000010

7096
00010100

7097
00010000

7098
00000001

7099
00000011

7100
00010000

7101
00010000

7102
10100000

7103
00000001

7104
00001000

7105
01000000

7106
00011000

7107
00000100

7108
00000100

7109
00001000

7110
00110000

7111
10000000

7112
00000001

7113
00001000

7114
00000001

7115
01000000

7116
00000010

7117
00000010

7118
00000100

7119
10000000

7120
00001000

7121
00100000

7122
01000000

7123
00000010

7124
00100000

7125
00000001

7126
00000100

7127
01000000

7128
00001000

7129
00010000

7130
01000000

7131
01000010

7132
00000100

7133
00010000

7134
00000100

7135
00100000

7136
00000010

7137
00010000

7138
00100000

7139
00000100

7140
01000000

7141
01010000

7142
00001000

7143
00000010

7144
00000001

7145
10000000

7146
00000010

7147
00010000

7148
10000000

7149
00000001

7150
00100000

7151
00000010

7152
00000100

7153
00100000

7154
10000000

7155
00000001

7156
00010001

7157
00010000

7158
00000010

7159
01000000

7160
00000010

7161
00001010

7162
11000000

7163
00010000

7164
00001000

7165
00000010

7166
01000000

7167
00010000

7168
00001000

7169
10000000

7170
00010000

7171
01100100

7172
00000001

7173
00100000

7174
00001001

7175
00001000

7176
00001000

7177
00010000

7178
00000100

7179
00000001

7180
00000100

7181
00001000

7182
01000000

7183
10000000

7184
10000000

7185
00000001

7186
00100000

7187
00001000

7188
01000001

7189
01000000

7190
00100000

7191
01000000

7192
00000100

7193
00000010

7194
00100000

7195
00001000

7196
00100000

7197
00100000

7198
00000001

7199
00010000

7200
01000000

7201
00000010

7202
00100000

7203
00000001

7204
00001010

7205
01000000

7206
00100000

7207
00000010

7208
00000001

7209
10000000

7210
00100000

7211
01000000

7212
00010000

7213
00000001

7214
00100000

7215
00000010

7216
10000000

7217
00010000

7218
00001000

7219
10000000

7220
00010000

7221
00000100

7222
00010000

7223
00000001

7224
00000001

7225
10000000

7226
00000001

7227
00000010

7228
00010000

7229
00100000

7230
00100010

7231
00100010

7232
01000000

7233
00010000

7234
00001000

7235
00000100

7236
00000011

7237
00100101

7238
00000100

7239
01000000

7240
00000100

7241
01000000

7242
00000100

7243
00010000

7244
00100000

7245
00010000

7246
00000100

7247
00001000

7248
10000000

7249
10000000

7250
10000000

7251
01000001

7252
01000000

7253
01000000

7254
00001000

7255
00010000

7256
00001000

7257
00100000

7258
00000001

7259
00001000

7260
00000100

7261
00100000

7262
01000000

7263
10010000

7264
00000010

7265
00100000

7266
00000001

7267
00000001

7268
00100000

7269
00010000

7270
00001000

7271
00001000

7272
00001000

7273
00000001

7274
00100000

7275
00010000

7276
00001000

7277
00000010

7278
00100000

7279
00010000

7280
00010000

7281
10000000

7282
00010000

7283
00000001

7284
00000100

7285
00000001

7286
00000001

7287
00000100

7288
00001000

7289
00000001

7290
00000001

7291
11000000

7292
01100010

7293
00001000

7294
00100000

7295
00010100

7296
00000100

7297
00100000

7298
00000100

7299
00000100

7300
00100000

7301
01000000

7302
10000000

7303
00000010

7304
01000000

7305
00100000

7306
00100000

7307
00001001

7308
00010000

7309
00000100

7310
01100000

7311
00000010

7312
00000001

7313
00000100

7314
10010000

7315
00010000

7316
00000001

7317
10000000

7318
00100000

7319
00010000

7320
00010010

7321
00000001

7322
00000001

7323
00000001

7324
10000000

7325
00000001

7326
00000100

7327
00000100

7328
00110000

7329
00000100

7330
10100000

7331
00100000

7332
00001000

7333
00000001

7334
00000010

7335
00000010

7336
01000000

7337
00000001

7338
00000010

7339
00000001

7340
00000001

7341
00000100

7342
00000001

7343
00000100

7344
00001000

7345
00001000

7346
01000000

7347
00000010

7348
10000000

7349
00000100

7350
00001000

7351
00001000

7352
00010000

7353
00001000

7354
00010000

7355
00001000

7356
00000001

7357
00001000

7358
00000100

7359
00001000

7360
00100000

7361
10000000

7362
10000000

7363
00001000

7364
01000000

7365
00001000

7366
00010000

7367
00001000

7368
00000010

7369
10000000

7370
10000000

7371
01000000

7372
10000000

7373
00000010

7374
10000000

7375
01000000

7376
00100000

7377
10000000

7378
00010000

7379
00000010

7380
01000000

7381
10000000

7382
11100000

7383
00000100

7384
00001000

7385
00010000

7386
00100000

7387
00010000

7388
00000001

7389
01000000

7390
01000001

7391
00000001

7392
00001000

7393
00000010

7394
00000010

7395
01000000

7396
00000100

7397
01000000

7398
00010000

7399
00001000

7400
00000100

7401
00000010

7402
00000010

7403
00100000

7404
00000010

7405
00001000

7406
01010000

7407
00100000

7408
00010000

7409
00000010

7410
00001000

7411
00010000

7412
00100100

7413
00000010

7414
00000001

7415
10000001

7416
00000001

7417
00001000

7418
00000001

7419
00000100

7420
00100000

7421
00000001

7422
00001000

7423
01000000

7424
00010000

7425
00100000

7426
00010000

7427
01000000

7428
00000001

7429
01000000

7430
00010000

7431
00001000

7432
00000001

7433
01000000

7434
10000000

7435
00010000

7436
00010000

7437
00000010

7438
00000100

7439
00100000

7440
00000010

7441
00000100

7442
00000100

7443
00100000

7444
00100000

7445
00000100

7446
00100001

7447
00010000

7448
01000000

7449
00001001

7450
00000001

7451
00011000

7452
00100000

7453
00000001

7454
00000010

7455
00000100

7456
00000001

7457
00000100

7458
00010000

7459
00001000

7460
10000000

7461
00000001

7462
00000001

7463
00000001

7464
01000000

7465
01000001

7466
11000000

7467
00000010

7468
00000001

7469
01000100

7470
00100000

7471
00010000

7472
00100000

7473
10000000

7474
00000100

7475
00000001

7476
00010000

7477
01000000

7478
00000001

7479
00000100

7480
01000000

7481
00001000

7482
00100000

7483
00000001

7484
10000000

7485
00000010

7486
01000000

7487
01000000

7488
01000000

7489
01000000

7490
00000010

7491
10001000

7492
00000001

7493
00000100

7494
10000000

7495
00000001

7496
00010000

7497
01000000

7498
00000100

7499
10000000

7500
00100000

7501
00000010

7502
00000010

7503
00000010

7504
00001000

7505
00000001

7506
00000001

7507
10000000

7508
00000010

7509
00010000

7510
00010000

7511
00000001

7512
00010000

7513
00000100

7514
00000100

7515
00001000

7516
00000100

7517
00000001

7518
00000010

7519
00000001

7520
10000000

7521
01000000

7522
00010000

7523
00010000

7524
00100000

7525
00001000

7526
00100000

7527
00010000

7528
00000100

7529
00000100

7530
01000000

7531
00001000

7532
00000001

7533
00001000

7534
00000001

7535
01000000

7536
00010000

7537
00100000

7538
00010000

7539
01000000

7540
00010000

7541
01000000

7542
00000001

7543
00001101

7544
00000001

7545
10000000

7546
00001000

7547
00100000

7548
00100000

7549
00000010

7550
00000001

7551
01000011

7552
00000001

7553
10000000

7554
10000000

7555
01000100

7556
00001000

7557
00100000

7558
00010000

7559
10000000

7560
10000000

7561
10000000

7562
00010000

7563
01000000

7564
00001000

7565
00000100

7566
00000100

7567
00000001

7568
00100000

7569
01000100

7570
00101000

7571
00000001

7572
00010000

7573
00000110

7574
01000000

7575
10001000

7576
01000000

7577
01000000

7578
10100000

7579
00001000

7580
01000000

7581
00100000

7582
00100000

7583
10000000

7584
00000100

7585
10011000

7586
01000000

7587
00000100

7588
10000000

7589
00000100

7590
00010000

7591
00000010

7592
10000000

7593
00000001

7594
00001001

7595
00000010

7596
00000100

7597
10000000

7598
10100001

7599
01000000

7600
10000000

7601
00001000

7602
00001001

7603
10000000

7604
00100110

7605
10000000

7606
10000000

7607
00000010

7608
00001000

7609
00000001

7610
01000000

7611
00000001

7612
00000001

7613
00000010

7614
00010000

7615
10000000

7616
00000010

7617
00001000

7618
00000100

7619
00100001

7620
01000000

7621
01000000

7622
00000001

7623
00010000

7624
00000100

7625
00010000

7626
00010000

7627
00000010

7628
00000100

7629
00000010

7630
00100000

7631
00100000

7632
00010000

7633
00000100

7634
00100000

7635
01000001

7636
00000001

7637
00010000

7638
00010000

7639
00000001

7640
10000000

7641
00010000

7642
10000000

7643
10000000

7644
00000100

7645
00001000

7646
10000000

7647
00000001

7648
00001000

7649
10000000

7650
00001000

7651
01000000

7652
01101000

7653
00000001

7654
01000000

7655
01000000

7656
10000000

7657
00000010

7658
10000000

7659
00100000

7660
01000000

7661
00001000

7662
00100000

7663
01000000

7664
10000000

7665
01000000

7666
00000001

7667
01000001

7668
00100000

7669
11111111

7670
10101000

7671
00000001

7672
01000000

7673
00100000

7674
00000010

7675
00000100

7676
00000100

7677
00000010

7678
00000100

7679
00000001

7680
00001000

7681
00000100

7682
00001000

7683
00001000

7684
00000100

7685
00100000

7686
00010000

7687
00010000

7688
00010000

7689
00100000

7690
01000000

7691
01000000

7692
00000001

7693
00000100

7694
10000000

7695
00010000

7696
01000000

7697
00001000

7698
01000000

7699
00000100

7700
00000100

7701
10000000

7702
00000100

7703
00001000

7704
00000010

7705
01000001

7706
10000000

7707
00001000

7708
00000010

7709
00100000

7710
00000101

7711
00000100

7712
00000100

7713
00000001

7714
00001010

7715
00000010

7716
00100000

7717
00001000

7718
01000000

7719
01000000

7720
10000010

7721
00001000

7722
00000001

7723
00000010

7724
00010000

7725
00010001

7726
00001000

7727
10000000

7728
00100000

7729
01000000

7730
00000100

7731
00100000

7732
00010000

7733
00011010

7734
00000001

7735
01000000

7736
00000010

7737
00010000

7738
01000000

7739
01000000

7740
00001000

7741
00001000

7742
00000001

7743
10000000

7744
10000000

7745
00000010

7746
00000100

7747
00001000

7748
00001000

7749
00010000

7750
00000100

7751
00000010

7752
00010000

7753
00000001

7754
00000001

7755
00001100

7756
00000010

7757
00010000

7758
00000100

7759
00001000

7760
00001000

7761
00000010

7762
00001000

7763
00001000

7764
00000001

7765
00000011

7766
10000000

7767
00000001

7768
00010000

7769
01000000

7770
10000000

7771
00000001

7772
00001000

7773
00000100

7774
00000010

7775
00000011

7776
10001000

7777
00100000

7778
00000010

7779
10000000

7780
00000001

7781
00001000

7782
00001000

7783
00001000

7784
00001000

7785
00000110

7786
00000001

7787
00000001

7788
00001000

7789
00000100

7790
00100000

7791
00100000

7792
10000001

7793
10000000

7794
00000100

7795
00000010

7796
00000010

7797
00100000

7798
00010000

7799
00000100

7800
01000000

7801
00100000

7802
00010000

7803
00000100

7804
10000000

7805
00000100

7806
00001000

7807
00000001

7808
00000100

7809
00000100

7810
01000000

7811
00000100

7812
00100000

7813
00010000

7814
00000001

7815
00000110

7816
00001000

7817
00100000

7818
00001000

7819
00100000

7820
10000000

7821
00001000

7822
00000100

7823
10000000

7824
01000000

7825
01000000

7826
00100000

7827
00101000

7828
00000001

7829
00000010

7830
00100000

7831
00010000

7832
01000000

7833
10000000

7834
00001000

7835
10000000

7836
00001000

7837
10010000

7838
01000000

7839
00001010

7840
01000000

7841
00000100

7842
00000100

7843
00010000

7844
00100000

7845
01000100

7846
01000010

7847
00100000

7848
00010000

7849
01000000

7850
00000010

7851
00100100

7852
00001000

7853
01000000

7854
11000000

7855
10000000

7856
00000010

7857
00001000

7858
00001000

7859
00000010

7860
01000000

7861
00000001

7862
00010000

7863
00000010

7864
01000000

7865
00100000

7866
00001100

7867
00000100

7868
00000010

7869
10000000

7870
10000000

7871
01000000

7872
00001000

7873
00000010

7874
00100000

7875
00100000

7876
10000000

7877
00001000

7878
00001000

7879
00010000

7880
00000001

7881
00010000

7882
00000001

7883
00100000

7884
00000100

7885
01000000

7886
10000000

7887
00000001

7888
10000000

7889
01000000

7890
00000001

7891
00000001

7892
00000001

7893
00000100

7894
00000010

7895
00001000

7896
01000000

7897
00000010

7898
00000010

7899
00000010

7900
00000100

7901
00000100

7902
10000000

7903
01000000

7904
01000000

7905
00100000

7906
01000000

7907
00000001

7908
00100010

7909
00100110

7910
00100000

7911
00000001

7912
00000010

7913
00100000

7914
00000100

7915
01000000

7916
00100000

7917
00000010

7918
00010000

7919
00001000

7920
01000000

7921
00010000

7922
00000010

7923
00010000

7924
00000010

7925
00010000

7926
00000100

7927
00001000

7928
01000000

7929
10000000

7930
10000000

7931
00000010

7932
00000010

7933
00000100

7934
00010000

7935
00100000

7936
00010000

7937
00000100

7938
00001000

7939
01000000

7940
00001000

7941
00000001

7942
00001010

7943
00010001

7944
00100000

7945
00001100

7946
00100000

7947
00000010

7948
00000001

7949
00001000

7950
00000001

7951
00001000

7952
00010001

7953
00001000

7954
00100000

7955
00000010

7956
00001000

7957
00010000

7958
00001000

7959
00001000

7960
00000001

7961
00001000

7962
00000100

7963
00100000

7964
00000100

7965
00001000

7966
01000000

7967
01000001

7968
00001000

7969
00001000

7970
00000001

7971
00000010

7972
00000010

7973
00100000

7974
00000001

7975
00100000

7976
00000010

7977
00000010

7978
00000010

7979
00010000

7980
00000100

7981
00010000

7982
10000000

7983
01000000

7984
00000100

7985
00001000

7986
00110010

7987
00000100

7988
00100000

7989
00000010

7990
01000000

7991
00110000

7992
01000000

7993
00000001

7994
00001000

7995
10000000

7996
10000000

7997
10000000

7998
10000000

7999
00000101

8000
00000010

8001
10000000

8002
00000001

8003
10000000

8004
01000000

8005
00010000

8006
00010000

8007
00100000

8008
10000000

8009
00010000

8010
01000000

8011
00000010

8012
01000000

8013
00000001

8014
10000000

8015
00000010

8016
01000000

8017
01000000

8018
00110000

8019
00001000

8020
01000000

8021
00001000

8022
01000000

8023
00000100

8024
00000001

8025
10000000

8026
00100000

8027
00000100

8028
00100000

8029
00000001

8030
00001000

8031
00010000

8032
00000010

8033
01000000

8034
00010000

8035
01000000

8036
00011000

8037
00000100

8038
00000100

8039
10000000

8040
00000100

8041
00000001

8042
00010000

8043
01000000

8044
10000000

8045
01000000

8046
00000100

8047
00000001

8048
00000001

8049
00010000

8050
01000000

8051
00000001

8052
01000000

8053
00001000

8054
10000000

8055
01000000

8056
10000000

8057
00010000

8058
00100000

8059
00001000

8060
00000001

8061
00010100

8062
00000001

8063
00000010

8064
00100000

8065
00100000

8066
00010000

8067
00010000

8068
00100000

8069
00000001

8070
00000100

8071
00010110

8072
01000000

8073
01000000

8074
10000000

8075
00000100

8076
00000100

8077
10100000

8078
00000001

8079
00100000

8080
00000010

8081
01010000

8082
00000010

8083
01000000

8084
11000000

8085
00010000

8086
00000001

8087
01000000

8088
00000010

8089
01000010

8090
00010001

8091
10000000

8092
00100000

8093
00100000

8094
00000001

8095
00100000

8096
00100000

8097
00001000

8098
00000100

8099
00110000

8100
00000100

8101
00001000

8102
01000000

8103
00000001

8104
01000000

8105
00000010

8106
00000010

8107
00010000

8108
00100010

8109
00000010

8110
01000000

8111
10000000

8112
01000000

8113
00100000

8114
01000000

8115
10000000

8116
10000000

8117
00100000

8118
00000001

8119
01000001

8120
01000000

8121
00100000

8122
10000000

8123
01000000

8124
00010000

8125
00000001

8126
00001000

8127
00010000

8128
00001000

8129
00000010

8130
00000100

8131
10000000

8132
00010000

8133
00000100

8134
00001000

8135
00000010

8136
00000010

8137
11000000

8138
01000000

8139
00100000

8140
00000010

8141
00010000

8142
00000001

8143
10000000

8144
01000000

8145
00010000

8146
01000000

8147
10000000

8148
00100000

8149
00001000

8150
00000010

8151
00000010

8152
00000001

8153
00010000

8154
01000000

8155
00100000

8156
00001000

8157
00001000

8158
00000001

8159
00010000

8160
00010000

8161
10000000

8162
00000100

8163
01000000

8164
01000000

8165
01000000

8166
00000010

8167
00000100

8168
00010000

8169
01000000

8170
00100000

8171
00000001

8172
00000001

8173
01000000

8174
00000010

8175
00100000

8176
00000010

8177
00000001

8178
10000000

8179
00000010

8180
00000001

8181
10000000

8182
00010000

8183
01000000

8184
01000000

8185
00100000

8186
00001000

8187
00100000

8188
00000010

8189
00000001

8190
00000010

8191
01000000

8192
00000100

8193
00100000

8194
00001000

8195
00001000

8196
10000000

8197
00100000

8198
00100000

8199
00000101

8200
00100000

8201
00001000

8202
00000100

8203
00000010

8204
00000100

8205
00000001

8206
00000100

8207
00001000

8208
00000100

8209
01000000

8210
00000101

8211
01000000

8212
00000100

8213
10000000

8214
00001000

8215
10000000

8216
00001000

8217
00010000

8218
00000010

8219
00010000

8220
00000100

8221
10000000

8222
01000000

8223
00001000

8224
01000000

8225
00000110

8226
00100000

8227
00010000

8228
00000010

8229
00001000

8230
00010000

8231
00100000

8232
00010000

8233
00000100

8234
00000010

8235
00100000

8236
00000001

8237
00001000

8238
00000011

8239
00100000

8240
00100000

8241
00010000

8242
00000010

8243
00000010

8244
00010000

8245
00000010

8246
00001000

8247
00100000

8248
00010000

8249
00000001

8250
00000100

8251
00000010

8252
00100000

8253
00000001

8254
00100000

8255
00001000

8256
00010000

8257
10001000

8258
00000010

8259
00100000

8260
00000100

8261
00100000

8262
00100000

8263
00000100

8264
00010000

8265
00000100

8266
00000010

8267
01000000

8268
01000000

8269
00000010

8270
00010000

8271
00000100

8272
01000000

8273
00100000

8274
10010000

8275
00001000

8276
00001000

8277
00000100

8278
00000100

8279
00001000

8280
00001000

8281
00000100

8282
00001000

8283
01000000

8284
10000000

8285
00001000

8286
00000001

8287
00000001

8288
01100000

8289
10000000

8290
00000010

8291
00001000

8292
01000000

8293
00000001

8294
01000000

8295
00001000

8296
01000000

8297
10000000

8298
01000010

8299
01000000

8300
00001000

8301
00000100

8302
00000010

8303
01000000

8304
00000001

8305
00010000

8306
00000100

8307
01000000

8308
00000100

8309
00100000

8310
00000010

8311
00001000

8312
10000000

8313
10010000

8314
00100000

8315
00000100

8316
00000100

8317
10000000

8318
00000100

8319
00010000

8320
00001000

8321
00010100

8322
00010000

8323
00001000

8324
00010000

8325
00100000

8326
00000010

8327
01000000

8328
01000000

8329
00000100

8330
10000000

8331
00000001

8332
01000000

8333
00010000

8334
00010000

8335
00000010

8336
01000000

8337
00000001

8338
00000001

8339
00000100

8340
00100000

8341
00001000

8342
00000100

8343
00000100

8344
00000010

8345
00000010

8346
10000000

8347
00000100

8348
00000001

8349
10010000

8350
01000000

8351
10000000

8352
00010000

8353
01000000

8354
00010000

8355
10000000

8356
00000001

8357
10000000

8358
01000000

8359
00000001

8360
00000001

8361
00000001

8362
00001000

8363
00001000

8364
00000010

8365
00000001

8366
01000000

8367
00000001

8368
00001000

8369
00000010

8370
00001000

8371
01000000

8372
00001000

8373
00100000

8374
10000000

8375
00100000

8376
00001000

8377
00100000

8378
00000100

8379
00100000

8380
00000001

8381
10000000

8382
01100000

8383
01000000

8384
00000001

8385
00100000

8386
00000011

8387
00001000

8388
00010000

8389
00100010

8390
01000000

8391
00001000

8392
00000010

8393
10000000

8394
00000010

8395
00100000

8396
00000100

8397
10000000

8398
00001000

8399
00000010

8400
01000000

8401
00000100

8402
00010010

8403
00000010

8404
10000100

8405
10000000

8406
00000001

8407
10000000

8408
10000000

8409
01000000

8410
00000010

8411
00010000

8412
00000100

8413
00000100

8414
01000000

8415
00000010

8416
10000000

8417
10000000

8418
00100000

8419
00010000

8420
00001000

8421
00010001

8422
00000100

8423
01000000

8424
00000010

8425
00010000

8426
00100000

8427
00100000

8428
10100100

8429
00000010

8430
00000001

8431
00010001

8432
01000000

8433
00001010

8434
00010000

8435
00010000

8436
00100000

8437
00010001

8438
00100100

8439
00001000

8440
00000100

8441
01000000

8442
10000000

8443
00000100

8444
00000100

8445
00100000

8446
00001000

8447
10000000

8448
00010000

8449
10000000

8450
00011000

8451
00001000

8452
00000100

8453
01100000

8454
00010000

8455
00000100

8456
10000100

8457
00000110

8458
00001000

8459
00000010

8460
00000100

8461
00001000

8462
00000001

8463
00000100

8464
00000100

8465
01000000

8466
00000010

8467
10000000

8468
00100000

8469
00000100

8470
00000010

8471
00010000

8472
00100000

8473
00000001

8474
01000010

8475
00000100

8476
00000001

8477
01100000

8478
00000100

8479
00000100

8480
10000000

8481
00100010

8482
01000000

8483
00001000

8484
10001000

8485
00000001

8486
00001000

8487
10000000

8488
00001000

8489
00000001

8490
00000010

8491
00000001

8492
00000010

8493
01000000

8494
00010000

8495
00001000

8496
00010000

8497
01000000

8498
00001000

8499
00010000

8500
00001000

8501
00000100

8502
00100000

8503
00000001

8504
00010000

8505
00001000

8506
00010000

8507
00000010

8508
10000000

8509
00010000

8510
00000100

8511
00000001

8512
00000100

8513
00000010

8514
10000000

8515
00100000

8516
10000000

8517
00001000

8518
01000000

8519
00001000

8520
00000010

8521
00001000

8522
00000010

8523
00100000

8524
00000100

8525
00001000

8526
10000000

8527
00001000

8528
00000010

8529
01000000

8530
00000100

8531
00100000

8532
00000001

8533
00010000

8534
00100000

8535
00000001

8536
00010000

8537
01000000

8538
00010000

8539
00010000

8540
00001000

8541
00000001

8542
01000000

8543
00000010

8544
00000100

8545
00000010

8546
00001000

8547
00001000

8548
00001000

8549
00001000

8550
00010000

8551
01000000

8552
01000000

8553
00000001

8554
00000100

8555
10000000

8556
00000001

8557
00001000

8558
00001000

8559
00010000

8560
10000010

8561
00000100

8562
00000010

8563
00000010

8564
00000010

8565
00000001

8566
00000010

8567
00100000

8568
00100000

8569
01000010

8570
00000010

8571
01000000

8572
00010000

8573
00000001

8574
00000001

8575
10000000

8576
10000000

8577
00010000

8578
00000100

8579
00010000

8580
01000000

8581
00100000

8582
00000001

8583
10000000

8584
00000010

8585
00100000

8586
00010000

8587
00000100

8588
00010010

8589
00100000

8590
00000010

8591
00010000

8592
00000100

8593
01000000

8594
00100000

8595
10000000

8596
00000001

8597
00010000

8598
00100000

8599
10000000

8600
00000001

8601
01000000

8602
00000100

8603
01000000

8604
00001000

8605
00000001

8606
00100000

8607
00100000

8608
00000001

8609
10000000

8610
00000010

8611
00001000

8612
01000000

8613
00000100

8614
10000000

8615
00000100

8616
00000001

8617
10000000

8618
00000001

8619
01000000

8620
10000000

8621
00001000

8622
00010000

8623
10000000

8624
10000000

8625
01010001

8626
00000100

8627
00001100

8628
10000000

8629
00000010

8630
00010000

8631
00000100

8632
00010000

8633
00000001

8634
10000000

8635
00001000

8636
00000010

8637
10000000

8638
00001000

8639
00000100

8640
10000000

8641
01000000

8642
00011000

8643
00001000

8644
01000000

8645
00100000

8646
00010000

8647
00001000

8648
00000010

8649
00100000

8650
01000000

8651
00000001

8652
00001000

8653
00000010

8654
00000100

8655
00000010

8656
00000010

8657
00010000

8658
10000000

8659
01000000

8660
01000000

8661
00000001

8662
00000100

8663
00100000

8664
00010000

8665
00010000

8666
00000010

8667
10000000

8668
00010000

8669
00100000

8670
00001000

8671
00001010

8672
00000001

8673
10000000

8674
00001000

8675
00000001

8676
10000000

8677
11000000

8678
00000001

8679
11000000

8680
00010000

8681
00010000

8682
10001000

8683
00000001

8684
01000000

8685
01000000

8686
00010000

8687
00100000

8688
00010000

8689
00010000

8690
00000010

8691
00010000

8692
00000010

8693
00000100

8694
00010000

8695
00010000

8696
00000010

8697
00001000

8698
00100000

8699
00000001

8700
00010000

8701
01000000

8702
00010000

8703
00010000

8704
00100000

8705
00000010

8706
00000010

8707
00001000

8708
10000000

8709
00100000

8710
00000100

8711
00000010

8712
00000010

8713
00100000

8714
10000000

8715
00000100

8716
00010000

8717
00010000

8718
00100000

8719
00000001

8720
10000000

8721
00100000

8722
00000100

8723
00100000

8724
01000000

8725
00100000

8726
00000001

8727
00010000

8728
00001000

8729
00000010

8730
10000100

8731
00000010

8732
10000000

8733
00010000

8734
00100000

8735
00000110

8736
00000001

8737
00000001

8738
00100000

8739
10000100

8740
00000100

8741
01000000

8742
01000000

8743
01000000

8744
01000000

8745
00100000

8746
00000001

8747
00000100

8748
00000001

8749
10000000

8750
00010000

8751
01000000

8752
00010000

8753
00000100

8754
10001000

8755
01000000

8756
00000010

8757
10000000

8758
00000100

8759
00000010

8760
00001000

8761
00000010

8762
00100000

8763
00001000

8764
10000100

8765
01000000

8766
10001000

8767
10000000

8768
00000001

8769
00000010

8770
00000100

8771
00001000

8772
00000100

8773
00100000

8774
00000010

8775
00000001

8776
00010000

8777
00100000

8778
00000010

8779
00000001

8780
00000001

8781
00000101

8782
00010000

8783
00000100

8784
00000001

8785
00100000

8786
01000000

8787
00010000

8788
00100000

8789
01000000

8790
00000010

8791
00001000

8792
00000001

8793
00000001

8794
00100000

8795
00010000

8796
00010000

8797
10000000

8798
00000100

8799
00000010

8800
00001000

8801
00001100

8802
00010000

8803
00010000

8804
00000010

8805
00001000

8806
00001000

8807
00000010

8808
00000010

8809
00000001

8810
00000100

8811
01000000

8812
10110000

8813
00000010

8814
00000010

8815
01000000

8816
00100000

8817
00010000

8818
00000100

8819
00000100

8820
00000100

8821
00000010

8822
00000100

8823
00010000

8824
10001000

8825
00000001

8826
00100000

8827
00000100

8828
00001000

8829
01000000

8830
00001000

8831
00010000

8832
00000010

8833
00000001

8834
10000000

8835
00000001

8836
00010000

8837
00010000

8838
00000100

8839
00010000

8840
00000100

8841
00001000

8842
00001000

8843
00000001

8844
00000100

8845
10000000

8846
10000000

8847
10000100

8848
00100000

8849
00010010

8850
01010000

8851
00010000

8852
00000001

8853
00001000

8854
00000010

8855
00000010

8856
01000000

8857
00100000

8858
00100000

8859
00010000

8860
10000100

8861
00000010

8862
00000010

8863
00000010

8864
00100001

8865
00000001

8866
00000010

8867
00000010

8868
00000100

8869
00000001

8870
00000100

8871
00000010

8872
00010000

8873
00010000

8874
00000100

8875
10000000

8876
10001000

8877
01000000

8878
00100000

8879
01000000

8880
00010000

8881
00010000

8882
01000000

8883
10001000

8884
01000000

8885
10000000

8886
00000100

8887
01000000

8888
00000010

8889
00000010

8890
00000010

8891
00101001

8892
00001000

8893
00000010

8894
00010000

8895
00000100

8896
00001000

8897
01000000

8898
01000000

8899
00100000

8900
00000100

8901
00010000

8902
00001000

8903
00010000

8904
00100000

8905
00000101

8906
00000100

8907
00000001

8908
01000000

8909
00100000

8910
11000000

8911
00000010

8912
10000000

8913
00100000

8914
00100000

8915
00010000

8916
00100000

8917
00010000

8918
00100000

8919
01000000

8920
00000010

8921
01000000

8922
10010000

8923
00000001

8924
00000001

8925
10011000

8926
10000000

8927
00100000

8928
00000010

8929
10000000

8930
10000000

8931
00000010

8932
00000001

8933
00000010

8934
00000010

8935
00000100

8936
10000000

8937
00000001

8938
10000000

8939
00010000

8940
01010000

8941
00000010

8942
00000001

8943
00100000

8944
00001000

8945
00000001

8946
00000100

8947
00010000

8948
00001000

8949
00010000

8950
00000001

8951
00000010

8952
00100000

8953
00000001

8954
00100000

8955
00100000

8956
01000000

8957
00000010

8958
00010000

8959
00000001

8960
10000000

8961
00010000

8962
00000010

8963
00001000

8964
00000001

8965
00010000

8966
00100000

8967
10000000

8968
00001000

8969
00010000

8970
00000010

8971
00000010

8972
00000100

8973
00000100

8974
00000100

8975
00000001

8976
00101000

8977
00000100

8978
01000010

8979
00100000

8980
00000010

8981
00000010

8982
00100000

8983
00000010

8984
01001000

8985
00000001

8986
00001100

8987
01000000

8988
00000001

8989
10000000

8990
01000000

8991
00000100

8992
00000100

8993
01000000

8994
00000100

8995
00100001

8996
00000010

8997
00001000

8998
00010100

8999
00010000

9000
00000001

9001
00000010

9002
00000001

9003
01000000

9004
00000001

9005
00000100

9006
00100000

9007
10000000

9008
10000000

9009
00100000

9010
00100000

9011
00000100

9012
10000000

9013
00010000

9014
00000001

9015
00010000

9016
00000001

9017
01000000

9018
10000000

9019
00000001

9020
00000100

9021
00100000

9022
00000010

9023
00000001

9024
00000011

9025
00000100

9026
10000000

9027
00000001

9028
00000010

9029
00000100

9030
00000100

9031
00000100

9032
00000010

9033
00000100

9034
10000000

9035
00000010

9036
01000000

9037
00001000

9038
00000100

9039
00000100

9040
00001000

9041
00000010

9042
00000010

9043
00100000

9044
00000001

9045
00000010

9046
00010000

9047
00100000

9048
01000000

9049
00010000

9050
00100000

9051
00100000

9052
00010010

9053
10000000

9054
10000000

9055
10000000

9056
00100001

9057
00000100

9058
00100000

9059
00000001

9060
00000001

9061
00011000

9062
00000100

9063
00100000

9064
00001000

9065
00000010

9066
00000010

9067
00001000

9068
01000000

9069
00001000

9070
00000100

9071
00001000

9072
10000000

9073
00000100

9074
00000010

9075
00000100

9076
10000000

9077
10000000

9078
00010000

9079
00100000

9080
01000000

9081
00001000

9082
00100000

9083
00000010

9084
00001000

9085
10000000

9086
10000000

9087
00000010

9088
00000010

9089
00010100

9090
01000000

9091
00000100

9092
00100000

9093
00000100

9094
10000000

9095
00000010

9096
00001000

9097
10000000

9098
00100000

9099
00000100

9100
00100000

9101
00000001

9102
00000100

9103
10000000

9104
00100000

9105
00100000

9106
00000100

9107
10000000

9108
00001000

9109
00000100

9110
01001000

9111
00001100

9112
10100000

9113
00000001

9114
00010000

9115
01000000

9116
00001000

9117
00001000

9118
01000000

9119
00000001

9120
10000000

9121
11111111

9122
00001000

9123
00001000

9124
00001000

9125
01000000

9126
00000100

9127
00000100

9128
01000000

9129
01000000

9130
00001000

9131
00100000

9132
01000000

9133
00100000

9134
01000001

9135
00110001

9136
00000001

9137
10000000

9138
00000100

9139
10000001

9140
10000000

9141
00010000

9142
00010000

9143
00001000

9144
00000100

9145
00010000

9146
00001000

9147
00001000

9148
00010100

9149
00011000

9150
01000000

9151
00000010

9152
00100000

9153
00100000

9154
00010000

9155
00100100

9156
00000001

9157
00000001

9158
00001000

9159
10000000

9160
10000000

9161
10000000

9162
00000010

9163
00001000

9164
00010000

9165
00000010

9166
10000000

9167
00000001

9168
00000100

9169
00000001

9170
00100000

9171
00000010

9172
00010000

9173
00100000

9174
00100000

9175
00000010

9176
01000000

9177
00100000

9178
10000100

9179
01000000

9180
00000100

9181
01000000

9182
00010000

9183
00000010

9184
00100000

9185
00010000

9186
00100000

9187
00000001

9188
10000000

9189
00000010

9190
00001000

9191
00100000

9192
00000010

9193
00000010

9194
00100000

9195
00001000

9196
00000010

9197
00000001

9198
00000100

9199
00100000

9200
00001000

9201
00000100

9202
00100000

9203
00000100

9204
00000010

9205
00100000

9206
10000000

9207
00100000

9208
00000010

9209
00001000

9210
10000000

9211
00100000

9212
01000000

9213
00001000

9214
10000000

9215
00000100

9216
00000010

9217
00100000

9218
00000100

9219
00000100

9220
00010000

9221
00000001

9222
10000000

9223
00100000

9224
00100000

9225
00010000

9226
00100000

9227
00010000

9228
00000001

9229
10000000

9230
01000000

9231
00001001

9232
10000000

9233
00001000

9234
00000001

9235
00000010

9236
00000010

9237
10000000

9238
00001000

9239
00010000

9240
10000000

9241
00010000

9242
00000001

9243
00000100

9244
11000000

9245
00000001

9246
10000000

9247
01000100

9248
00000100

9249
00000100

9250
01000000

9251
01000000

9252
01000000

9253
00000010

9254
00001000

9255
00000001

9256
00100000

9257
00001000

9258
00000001

9259
00100000

9260
10000010

9261
00000010

9262
00000001

9263
10000000

9264
00000100

9265
10000000

9266
00000100

9267
10000000

9268
00000001

9269
00000001

9270
00001001

9271
01000000

9272
00010000

9273
00000010

9274
00000001

9275
01000100

9276
10000000

9277
10000000

9278
00000001

9279
00010000

9280
00000001

9281
00000010

9282
00000001

9283
00000001

9284
00001000

9285
00000100

9286
00000100

9287
00000100

9288
00000001

9289
00010000

9290
00010000

9291
00000001

9292
00010100

9293
01010000

9294
00000001

9295
00100000

9296
00000100

9297
00001000

9298
10000000

9299
00100000

9300
01000000

9301
00000001

9302
01000000

9303
00001000

9304
00100000

9305
00100000

9306
00010000

9307
01000000

9308
00100000

9309
00001000

9310
00001000

9311
10000000

9312
00101000

9313
00000001

9314
00000001

9315
00000010

9316
00000100

9317
00000100

9318
00000010

9319
00000100

9320
00000100

9321
00000001

9322
00000001

9323
10000000

9324
00001000

9325
01000000

9326
00010001

9327
00000010

9328
01000000

9329
00000100

9330
00010000

9331
00100000

9332
00000100

9333
00000100

9334
00000100

9335
10000000

9336
00001000

9337
00001000

9338
00001000

9339
10000000

9340
00000100

9341
00000010

9342
00000001

9343
00000100

9344
00100000

9345
00100001

9346
01000000

9347
00001000

9348
00100000

9349
00000100

9350
01000000

9351
00100000

9352
00001000

9353
01000101

9354
00000010

9355
01000000

9356
01000000

9357
01000000

9358
00000010

9359
00000111

9360
00010000

9361
00010000

9362
10000000

9363
00000100

9364
00001000

9365
01000000

9366
00100000

9367
00000100

9368
00000010

9369
11000000

9370
10000000

9371
00100000

9372
00000100

9373
00001000

9374
10000000

9375
00001000

9376
00001000

9377
00000010

9378
00000010

9379
00000010

9380
00000100

9381
00000100

9382
00010000

9383
00000010

9384
00100000

9385
00010000

9386
01000000

9387
00001000

9388
00001000

9389
00000010

9390
00000001

9391
01000000

9392
00000010

9393
10000000

9394
01000000

9395
00000100

9396
00001010

9397
01000010

9398
10000000

9399
00000010

9400
10000000

9401
00010000

9402
10000000

9403
00000110

9404
00010000

9405
00000001

9406
00100000

9407
00001001

9408
10000000

9409
00100000

9410
01000000

9411
10000000

9412
01000000

9413
00000001

9414
00000001

9415
00000100

9416
00100000

9417
00000100

9418
00010000

9419
10000000

9420
00100000

9421
00010000

9422
10000000

9423
10000000

9424
00001000

9425
00000001

9426
00100000

9427
00000100

9428
00100000

9429
10000000

9430
00001000

9431
01000000

9432
00110000

9433
01000000

9434
00000010

9435
10000000

9436
00000010

9437
10000000

9438
00000010

9439
00001000

9440
01000001

9441
10000000

9442
00100000

9443
00001000

9444
00100000

9445
00000010

9446
00001000

9447
00000010

9448
10000000

9449
00100000

9450
10000000

9451
00010000

9452
00010000

9453
00001000

9454
01000000

9455
01000000

9456
10000000

9457
00000010

9458
01010001

9459
01000000

9460
00001000

9461
00000001

9462
00010000

9463
00100000

9464
01000000

9465
00000001

9466
00001000

9467
00000100

9468
00000001

9469
10000000

9470
00000100

9471
00010000

9472
00000100

9473
00010000

9474
00100000

9475
00000100

9476
00010000

9477
01001000

9478
00001000

9479
01000000

9480
00010000

9481
00000100

9482
10000000

9483
01000000

9484
00100000

9485
10000000

9486
00100000

9487
00100000

9488
10000000

9489
10000000

9490
00000100

9491
00000010

9492
01000000

9493
01000000

9494
00000001

9495
00100000

9496
00000010

9497
00000010

9498
00000100

9499
01000000

9500
00000100

9501
00010000

9502
00000001

9503
00000010

9504
00000100

9505
10000000

9506
11000000

9507
00000001

9508
00000100

9509
01000010

9510
00001000

9511
00100000

9512
00000100

9513
00100000

9514
00000010

9515
01000000

9516
10000000

9517
01000100

9518
00000010

9519
00000100

9520
01000000

9521
00000001

9522
10000000

9523
10000000

9524
00000100

9525
00000010

9526
00001000

9527
00100000

9528
01000000

9529
00100000

9530
00000100

9531
00001000

9532
00100000

9533
00010000

9534
00100000

9535
01000000

9536
00000001

9537
00000001

9538
00100001

9539
00000100

9540
01000000

9541
00100000

9542
00000100

9543
00010000

9544
00000010

9545
00001000

9546
00010000

9547
00100000

9548
10000100

9549
00000010

9550
01000000

9551
00000001

9552
00010000

9553
00000100

9554
00000010

9555
00000010

9556
00001000

9557
00010000

9558
00000010

9559
00000100

9560
00001000

9561
10000000

9562
01000000

9563
00010000

9564
01110000

9565
00000100

9566
00000010

9567
00001000

9568
01000000

9569
00000010

9570
00001000

9571
00000101

9572
00010000

9573
00000010

9574
00000001

9575
00010000

9576
00100000

9577
10001100

9578
00000010

9579
00001000

9580
10000001

9581
00001000

9582
01000000

9583
00000001

9584
00000100

9585
00010000

9586
00000001

9587
10000000

9588
00001000

9589
00000010

9590
00001000

9591
00010000

9592
10000000

9593
00100000

9594
10000000

9595
10000000

9596
10000000

9597
00000001

9598
00010000

9599
00000010

9600
10000000

9601
00010000

9602
01000000

9603
00001000

9604
00000010

9605
00100000

9606
00000100

9607
00000100

9608
00000100

9609
01000000

9610
01000000

9611
00010000

9612
10000000

9613
00000010

9614
00000010

9615
00000001

9616
10000000

9617
00100000

9618
01000000

9619
00010000

9620
01000000

9621
00100000

9622
00010000

9623
00000001

9624
00000001

9625
00010000

9626
01000000

9627
01000000

9628
00001000

9629
00010000

9630
01000000

9631
00100000

9632
00000100

9633
00100000

9634
00010000

9635
10000000

9636
00010000

9637
00100000

9638
00000100

9639
00000100

9640
00001000

9641
00000100

9642
10000000

9643
00001000

9644
00100000

9645
00001000

9646
00100000

9647
00001000

9648
00000100

9649
00001000

9650
00100000

9651
00000001

9652
00000100

9653
10000000

9654
00000010

9655
00001000

9656
00001000

9657
00010000

9658
00001000

9659
00100010

9660
10001000

9661
00000001

9662
00100000

9663
00001000

9664
00100000

9665
00100000

9666
01000000

9667
10000000

9668
00000100

9669
00010000

9670
00000010

9671
00010000

9672
01000000

9673
00000010

9674
00000010

9675
01000100

9676
00000100

9677
01000000

9678
01000000

9679
00010000

9680
00000100

9681
00100000

9682
00010000

9683
00000100

9684
01000000

9685
00000010

9686
00000010

9687
00010000

9688
00001100

9689
00000010

9690
00100000

9691
01100000

9692
10000000

9693
00001000

9694
00010000

9695
10000000

9696
00010000

9697
01000000

9698
00000110

9699
00100000

9700
00000001

9701
10000000

9702
10000000

9703
00010000

9704
00000100

9705
10000000

9706
10000000

9707
00000001

9708
01000000

9709
00000001

9710
00100000

9711
00000001

9712
00000010

9713
11000000

9714
00000100

9715
01000000

9716
00000001

9717
00001000

9718
00000010

9719
00000100

9720
01000001

9721
10000000

9722
00001000

9723
10100000

9724
10001000

9725
00000100

9726
00000010

9727
00000010

9728
00100000

9729
00000010

9730
01000000

9731
00100000

9732
00100000

9733
00000001

9734
00000001

9735
00001000

9736
00000001

9737
00000001

9738
01000000

9739
00011000

9740
00000010

9741
00000010

9742
10000000

9743
10000000

9744
00001000

9745
01000000

9746
00100010

9747
00001000

9748
01000000

9749
10000000

9750
00010000

9751
10000000

9752
00000010

9753
00000010

9754
00000001

9755
00000001

9756
10000000

9757
01000000

9758
00100000

9759
01000000

9760
00000100

9761
00010000

9762
01000000

9763
00100000

9764
01000000

9765
00010000

9766
00000100

9767
00100000

9768
10000000

9769
01000000

9770
00000010

9771
00100000

9772
00010000

9773
00001000

9774
00000010

9775
01000000

9776
00010000

9777
00101000

9778
00010000

9779
00000001

9780
00100000

9781
00000001

9782
01000000

9783
00000100

9784
01000000

9785
01000010

9786
00001000

9787
00001000

9788
00000010

9789
00000001

9790
10000000

9791
00100000

9792
00000010

9793
00010000

9794
00100000

9795
01000000

9796
01000001

9797
00000100

9798
00001000

9799
10000000

9800
00000100

9801
00100001

9802
00001000

9803
00000010

9804
01000000

9805
00010000

9806
00100000

9807
00001000

9808
10000000

9809
10000000

9810
00001000

9811
00000001

9812
00000100

9813
01000000

9814
00000010

9815
00001000

9816
00000100

9817
00010000

9818
01000000

9819
00000010

9820
00010000

9821
10001000

9822
01000000

9823
00000011

9824
00000100

9825
00000100

9826
00001100

9827
00000001

9828
01000000

9829
01000000

9830
00000100

9831
00001000

9832
00001000

9833
01000000

9834
00000001

9835
00100000

9836
00000100

9837
00100000

9838
01000000

9839
00001000

9840
01000000

9841
00000010

9842
00010000

9843
00000010

9844
00000010

9845
00001000

9846
01000000

9847
00000001

9848
00000001

9849
00000010

9850
00100000

9851
00010000

9852
00010000

9853
00000001

9854
00000010

9855
10000000

9856
00001000

9857
00000100

9858
00000001

9859
00000010

9860
00010000

9861
00000010

9862
10000000

9863
00100000

9864
00000100

9865
00000001

9866
10000000

9867
00000100

9868
00100000

9869
00010000

9870
00000010

9871
10000000

9872
00100000

9873
00000011

9874
01000000

9875
00010000

9876
00000010

9877
00000001

9878
01000000

9879
10000000

9880
00000010

9881
00000001

9882
00001100

9883
00010000

9884
10000000

9885
00000100

9886
00010000

9887
00000001

9888
00000100

9889
00000100

9890
00100000

9891
10000000

9892
00000010

9893
00000100

9894
00100000

9895
00100000

9896
00001000

9897
00000100

9898
01000000

9899
00100000

9900
10000000

9901
00001000

9902
00010000

9903
00010000

9904
00000010

9905
00010000

9906
00001000

9907
01000000

9908
00000100

9909
01000000

9910
00010000

9911
10000000

9912
00000001

9913
00000010

9914
00000100

9915
00000010

9916
00110010

9917
00001100

9918
01000000

9919
00000100

9920
10000000

9921
00100000

9922
00000001

9923
01100000

9924
10000000

9925
00001000

9926
00000001

9927
00000010

9928
00000001

9929
10100000

9930
00001000

9931
00001000

9932
00000010

9933
00001000

9934
00010000

9935
00010000

9936
00010010

9937
01000000

9938
00010000

9939
00100010

9940
01000000

9941
00000100

9942
00000010

9943
00000100

9944
00000001

9945
00000010

9946
00000100

9947
00010000

9948
00000100

9949
00000001

9950
00001000

9951
00000100

9952
00000010

9953
00000100

9954
00000001

9955
00001000

9956
00000010

9957
00000001

9958
01000000

9959
00000100

9960
00000100

9961
00100000

9962
10000000

9963
00000001

9964
00010000

9965
00001000

9966
00000100

9967
10000000

9968
00001000

9969
00000100

9970
00000001

9971
10000000

9972
01000000

9973
00001000

9974
00001000

9975
00000010

9976
00000001

9977
00000001

9978
10000000

9979
01000000

9980
00010000

9981
01000000

9982
00010000

9983
00001010

9984
10000000

9985
00001000

9986
10000000

9987
00100000

9988
01000000

9989
00000100

9990
10000000

9991
00010000

9992
00100000

9993
00000100

9994
00000010

9995
00000001

9996
00000001

9997
00000010

9998
00000010

9999
00000010

