10000

0
0000001

1
0000010

2
0000001

3
0100000

4
0000010

5
0010000

6
0000100

7
0010000

8
0000001

9
1000000

10
0010000

11
0010000

12
0000001

13
0000100

14
0000100

15
0000100

16
0010000

17
0100000

18
0001000

19
1000010

20
0000010

21
0000001

22
0010000

23
0000001

24
1000000

25
0000101

26
0000100

27
0000100

28
0000010

29
0000100

30
0001000

31
0010000

32
0000001

33
0001000

34
0000001

35
0000001

36
1000000

37
0000001

38
0101000

39
0010000

40
0000010

41
0000100

42
0000010

43
0100000

44
1000000

45
0100000

46
0000001

47
0000001

48
0100001

49
0100000

50
0000100

51
0001010

52
1000000

53
0001000

54
0010000

55
0000100

56
0000010

57
0000011

58
0000010

59
0000010

60
0000100

61
0001000

62
0000010

63
0000001

64
0010000

65
0001010

66
0100000

67
0100000

68
0100000

69
1000000

70
0000010

71
0001000

72
0000100

73
0001001

74
0000100

75
0010000

76
0000001

77
0100000

78
0001010

79
1010000

80
0100000

81
0000100

82
0001000

83
0010000

84
0100000

85
0000100

86
0010100

87
0100000

88
0010000

89
0000001

90
0000100

91
0000010

92
0001010

93
1000000

94
0000101

95
0010000

96
0100001

97
0010000

98
0000100

99
0010000

100
1000000

101
0000001

102
0001000

103
0010000

104
0010000

105
0000010

106
0100000

107
0000100

108
0100000

109
1000000

110
0100000

111
0001000

112
1000000

113
0010000

114
0000010

115
1010000

116
0001010

117
0000001

118
0100000

119
0000100

120
0000100

121
1000000

122
0100000

123
0000100

124
0001000

125
0000010

126
0010000

127
0000010

128
1000000

129
0000001

130
0000010

131
0100000

132
0000010

133
0100000

134
1000000

135
1100001

136
0000100

137
0000100

138
0001001

139
0001010

140
0100000

141
0001000

142
0100000

143
0000001

144
0000100

145
0001000

146
0010000

147
0000100

148
0010000

149
0000100

150
0001000

151
0010000

152
0000010

153
0100000

154
0100000

155
0100000

156
1000000

157
0010000

158
0000001

159
1000000

160
0000100

161
0001000

162
0000100

163
0000001

164
0000010

165
0000010

166
1000000

167
0000010

168
0000100

169
0000010

170
0000100

171
0000010

172
0100000

173
0000100

174
1000000

175
0010000

176
1000000

177
0000001

178
0001001

179
0010000

180
1000000

181
0000001

182
0000100

183
0100000

184
0000010

185
0000100

186
0010000

187
0100000

188
0010000

189
0100000

190
0000001

191
0000100

192
1000000

193
1000000

194
1000000

195
1010000

196
0001000

197
0000010

198
0000001

199
0010000

200
1000000

201
0000001

202
0001000

203
0001001

204
1000001

205
0000010

206
0000010

207
0001000

208
0000100

209
0000001

210
0000001

211
0000011

212
1000000

213
0000010

214
0100000

215
0000110

216
0010000

217
1000000

218
0010000

219
0000100

220
0000010

221
0000100

222
0000100

223
0001000

224
0010000

225
0000100

226
0001000

227
0100000

228
0000010

229
0001000

230
0000010

231
0010000

232
0011000

233
0010000

234
0000100

235
0100000

236
0000001

237
0000010

238
0000010

239
0010000

240
0000100

241
1000000

242
0000010

243
1000100

244
0010000

245
0001000

246
0000001

247
0000010

248
0000100

249
0000010

250
0010000

251
1000000

252
0011000

253
0001000

254
1000000

255
0000010

256
0001000

257
0000010

258
0001000

259
1000000

260
0001000

261
0000001

262
0000100

263
0000010

264
0010000

265
0100000

266
0000001

267
0000001

268
0000100

269
0000010

270
0000001

271
0010000

272
0001000

273
0010000

274
1000000

275
0001000

276
0000010

277
0100000

278
0000010

279
0001000

280
0100000

281
0010000

282
0000100

283
0100100

284
0100000

285
0000010

286
0000001

287
1000000

288
0010000

289
0000100

290
0000001

291
1000000

292
0100000

293
0000010

294
0100000

295
0001000

296
0000100

297
0000010

298
0000010

299
0010000

300
0001000

301
0100000

302
0000001

303
0000001

304
0001000

305
0001000

306
1000000

307
1000000

308
0000010

309
1000000

310
1000000

311
1000000

312
0010000

313
0000001

314
0010000

315
0000001

316
0010000

317
0100000

318
0000001

319
0000100

320
1000000

321
0000001

322
0000001

323
0000001

324
1000000

325
1000000

326
0001000

327
0000010

328
0000010

329
0100000

330
0100000

331
0010000

332
0000010

333
0100000

334
0100000

335
0000001

336
0010000

337
1000000

338
1000000

339
0000010

340
0100000

341
0000100

342
0100000

343
0100000

344
1000000

345
1000000

346
1000000

347
0100000

348
0000100

349
0000001

350
0101000

351
0000010

352
1111111

353
0010000

354
0000010

355
0010000

356
0001000

357
0000010

358
0000100

359
0000010

360
0000001

361
0000100

362
0000100

363
0000001

364
0000010

365
0000010

366
0000011

367
0001000

368
0100000

369
0000001

370
0100000

371
0000001

372
0001000

373
1010000

374
0010000

375
0100000

376
0000010

377
1000000

378
0000100

379
0000010

380
0000100

381
1000000

382
0010000

383
0100000

384
0001000

385
0010000

386
0000001

387
1000000

388
1000000

389
0000010

390
0000100

391
1000000

392
0010000

393
0000010

394
1000000

395
0010000

396
0100000

397
0000100

398
0100000

399
0000001

400
0100000

401
1000000

402
0000001

403
0010000

404
0001000

405
0001000

406
0000100

407
1000000

408
0000001

409
0010000

410
0001000

411
0000100

412
1000000

413
0010000

414
1000000

415
0000101

416
1000000

417
0000001

418
0000001

419
0000010

420
0100000

421
1000000

422
0000010

423
0000010

424
0010000

425
0000100

426
0010000

427
1000000

428
0000001

429
1000000

430
0000100

431
1000000

432
0100000

433
0000100

434
0000100

435
0010101

436
0100000

437
1000000

438
0000100

439
0010000

440
0100000

441
1000000

442
0001000

443
0000010

444
0000100

445
1000000

446
0000001

447
0000100

448
0000001

449
0001000

450
0000100

451
0000110

452
0000001

453
0000010

454
0001000

455
0000100

456
0000100

457
0010000

458
0000100

459
0000001

460
0010000

461
0001000

462
0000001

463
0001001

464
0001000

465
0000100

466
0000010

467
0000001

468
0000010

469
0000100

470
0001000

471
0010000

472
0001000

473
0001000

474
1000000

475
1000000

476
0100000

477
0001000

478
0010000

479
0010000

480
0000001

481
1010000

482
0001000

483
0000100

484
0001000

485
0000010

486
0000001

487
0100000

488
1000000

489
0100000

490
0100000

491
0001000

492
0000110

493
0001000

494
0000100

495
0010000

496
0010000

497
0000100

498
0001000

499
0100000

500
0100000

501
0000100

502
0000100

503
0000010

504
0000100

505
0000010

506
0100000

507
0100000

508
0000010

509
0001000

510
1000000

511
1000000

512
0000100

513
0001000

514
0010000

515
0010000

516
0001000

517
0001000

518
0010000

519
0010000

520
0000010

521
0001100

522
0011000

523
0001000

524
0001000

525
0100000

526
0000001

527
0000001

528
0000010

529
0100000

530
0000100

531
0100000

532
0001000

533
0001000

534
0000001

535
0000010

536
0100000

537
0000010

538
0010000

539
0000001

540
0100000

541
0001000

542
0010000

543
1000000

544
0100000

545
0000001

546
0000001

547
0100000

548
0100000

549
0000100

550
1000000

551
0001000

552
1000000

553
0001000

554
0010000

555
0010000

556
0000001

557
0001000

558
0000010

559
0010000

560
0000010

561
0001000

562
0000001

563
0010000

564
0000010

565
0000010

566
0000001

567
0010000

568
0000001

569
1000000

570
0000010

571
0001000

572
0000001

573
0100000

574
0000001

575
0010000

576
0000001

577
0010000

578
0100000

579
1000000

580
0100000

581
0100100

582
0001000

583
1000000

584
0000010

585
0001000

586
0000001

587
0001000

588
0100000

589
0010000

590
0000010

591
0000010

592
0000100

593
0000100

594
1000000

595
0000001

596
0000100

597
0010000

598
0000010

599
0010000

600
0000001

601
0000100

602
0000100

603
0010000

604
0100000

605
0100000

606
0000001

607
1000000

608
0000100

609
0000100

610
0010000

611
0100000

612
1000000

613
0001000

614
0000001

615
0001000

616
0000001

617
1000000

618
0010100

619
0001000

620
0100000

621
0000100

622
0010000

623
0100000

624
0001000

625
0001000

626
1000000

627
0010000

628
0000100

629
0000010

630
0000100

631
1000000

632
0010000

633
0001000

634
0100100

635
0000100

636
0010000

637
1000001

638
0100000

639
0000001

640
0000010

641
0010000

642
0010000

643
0000001

644
1000000

645
0000010

646
1000000

647
0000001

648
0100000

649
0000100

650
0000100

651
0100000

652
0000001

653
0100000

654
0001000

655
1000000

656
0010000

657
0000001

658
0000010

659
0010000

660
0000001

661
0000100

662
0000100

663
0001000

664
0010000

665
1000000

666
0000010

667
0000001

668
0100000

669
0000100

670
0100010

671
0001000

672
0000100

673
0000100

674
0001000

675
0000001

676
1000000

677
0000100

678
0100000

679
0010010

680
0100000

681
0000010

682
0000100

683
0001000

684
0000100

685
0000100

686
1000001

687
0000010

688
0000001

689
0000010

690
0000100

691
0000010

692
0100000

693
0001000

694
0000001

695
0010000

696
0000010

697
0000100

698
0001000

699
0001000

700
0100000

701
0001000

702
1000000

703
0010000

704
1000000

705
0000100

706
0000001

707
0000010

708
0100000

709
1000000

710
0000010

711
0100000

712
0110000

713
0000100

714
1000000

715
0100000

716
0000001

717
0100000

718
1000000

719
0000001

720
0000001

721
0001000

722
0000001

723
1000000

724
0010000

725
0010110

726
0010000

727
0100000

728
1000000

729
0000100

730
1000000

731
0000001

732
0010000

733
0000010

734
0000001

735
0100000

736
0110010

737
0001000

738
0000001

739
0000010

740
0000001

741
0100000

742
0010000

743
0000100

744
0000001

745
0000001

746
0000001

747
0110000

748
0000100

749
0000100

750
0000001

751
0000001

752
1000000

753
0000100

754
0010000

755
0000100

756
0000100

757
1000000

758
0000100

759
0010100

760
0100000

761
0100000

762
0010000

763
0001000

764
0100000

765
0100000

766
0000110

767
0000001

768
0001000

769
0000010

770
0010000

771
1000000

772
0000001

773
0000010

774
0000001

775
0010000

776
0001000

777
0100000

778
0000001

779
0000100

780
0010000

781
1001000

782
0000001

783
0000010

784
0010000

785
0010000

786
0001000

787
0000010

788
0100000

789
0100001

790
1000000

791
0011000

792
0000001

793
0000010

794
0100000

795
0100000

796
0000010

797
0100000

798
0001000

799
0001000

800
0001000

801
0000010

802
0100000

803
0001000

804
0001000

805
0100011

806
0001000

807
0100000

808
0010000

809
0000100

810
0010000

811
0100000

812
0100000

813
0010000

814
0000001

815
0000100

816
0000001

817
0100000

818
0100000

819
0100000

820
0001000

821
0001000

822
0100000

823
0000100

824
0100000

825
0000010

826
0001000

827
0000100

828
0000001

829
0000100

830
0000100

831
0000001

832
0100000

833
0000001

834
0010000

835
0000001

836
1000000

837
0100000

838
0100010

839
0001000

840
0100000

841
0000100

842
0010000

843
0010000

844
0000010

845
1000000

846
0000010

847
0000100

848
0010000

849
0000100

850
0000100

851
0001000

852
1000000

853
0000010

854
0100000

855
0000001

856
0000001

857
0000100

858
0000001

859
0000001

860
0001000

861
0000001

862
0010000

863
1000000

864
0000010

865
0100000

866
0010000

867
1000000

868
0000010

869
0010000

870
0010000

871
0000100

872
0011000

873
0000001

874
0000001

875
1000000

876
0100000

877
0001000

878
0000100

879
0000001

880
0010000

881
0010000

882
0000100

883
0100000

884
0100000

885
0000100

886
0100000

887
0000001

888
0000100

889
0010000

890
0100000

891
0010000

892
0100000

893
0000100

894
0010000

895
0100000

896
0010000

897
0010000

898
0100100

899
0000001

900
0000100

901
0001000

902
0001000

903
0001000

904
0000100

905
0000100

906
0001001

907
0000001

908
0000010

909
0000001

910
0000001

911
0100000

912
0000100

913
1000000

914
0100000

915
0000010

916
0000010

917
1110000

918
0000100

919
0100001

920
0000010

921
1000000

922
1001010

923
1000000

924
0000001

925
0001000

926
0100000

927
0000100

928
0100000

929
0000011

930
0000100

931
0000010

932
0000100

933
0100000

934
0000100

935
0010000

936
0000100

937
0000100

938
0001000

939
1001000

940
0100000

941
0100000

942
0000100

943
0100000

944
1000000

945
1000000

946
1000000

947
0000010

948
0000001

949
0010001

950
0001000

951
1000000

952
0000001

953
1000000

954
0000100

955
1000000

956
1000000

957
0100000

958
0001000

959
0000010

960
0100000

961
0001000

962
1000000

963
0110000

964
0000010

965
0000001

966
0000010

967
0010000

968
0000001

969
0100000

970
0000100

971
1000000

972
1000000

973
1000000

974
0001000

975
0001000

976
0000010

977
0000001

978
0000100

979
0010000

980
0100000

981
0001000

982
0000001

983
0001000

984
0100000

985
0100000

986
0000001

987
0000100

988
0000010

989
0001000

990
0010000

991
1000000

992
0100000

993
0000010

994
0010000

995
0001001

996
1000000

997
0010000

998
0000100

999
0100000

1000
0100000

1001
0000100

1002
0000001

1003
0010000

1004
1000000

1005
0000001

1006
0100000

1007
0000100

1008
0001000

1009
0001000

1010
0101000

1011
0010000

1012
0100000

1013
0001000

1014
0000010

1015
0000010

1016
0101100

1017
0000100

1018
1000000

1019
1000000

1020
0010000

1021
0001000

1022
1000000

1023
0000010

1024
0010000

1025
0000100

1026
0100000

1027
0100000

1028
0100000

1029
0010000

1030
0000001

1031
1000000

1032
0000010

1033
0001000

1034
1000000

1035
0001000

1036
0000010

1037
0000100

1038
0100000

1039
0000010

1040
1000000

1041
1000000

1042
0100000

1043
0001000

1044
0100000

1045
0010000

1046
0000010

1047
1000000

1048
1000000

1049
0100001

1050
0001000

1051
0000001

1052
1000000

1053
0100000

1054
0000001

1055
0010000

1056
0000101

1057
1000000

1058
0100000

1059
0010000

1060
1000000

1061
0100000

1062
0000010

1063
0001100

1064
0000001

1065
0001000

1066
0000100

1067
0000010

1068
0100000

1069
0000010

1070
0000100

1071
0000001

1072
0001000

1073
0010000

1074
0000010

1075
0000100

1076
0010010

1077
0000110

1078
1000000

1079
0100000

1080
0001000

1081
0000010

1082
0000100

1083
0000100

1084
0000010

1085
0000001

1086
0000010

1087
0100000

1088
0000100

1089
1000000

1090
0001000

1091
1000000

1092
0100000

1093
1000000

1094
0010000

1095
0100000

1096
0000001

1097
0000001

1098
0100000

1099
0000010

1100
0000100

1101
0000010

1102
0000100

1103
0000001

1104
0010000

1105
1000000

1106
0000010

1107
0000010

1108
0010000

1109
0000010

1110
0000100

1111
0000001

1112
0001000

1113
0001000

1114
0000001

1115
0100000

1116
0010000

1117
0000001

1118
0000001

1119
0110000

1120
0000010

1121
0000100

1122
0000010

1123
0100010

1124
0010000

1125
0100000

1126
0000001

1127
0100000

1128
0100000

1129
0000100

1130
0000001

1131
0000010

1132
0000001

1133
0000100

1134
0010000

1135
0001000

1136
1000000

1137
0000001

1138
0001000

1139
0100000

1140
0100000

1141
0001000

1142
0000001

1143
0010001

1144
0010000

1145
0001000

1146
0001000

1147
1000000

1148
0100000

1149
0010000

1150
0000001

1151
0010010

1152
1000000

1153
1000000

1154
0001000

1155
0001000

1156
0000001

1157
0001000

1158
0100000

1159
1000000

1160
1111111

1161
0100000

1162
0000100

1163
0000100

1164
0000001

1165
0000010

1166
1000000

1167
0000100

1168
0100000

1169
0010000

1170
0001000

1171
1000000

1172
1000000

1173
0100000

1174
0001000

1175
1000000

1176
0010000

1177
0001000

1178
0010000

1179
1000000

1180
0000010

1181
0000010

1182
0001000

1183
0010001

1184
0100000

1185
0000001

1186
0001000

1187
0000001

1188
0010001

1189
0000100

1190
1000000

1191
0000001

1192
0000100

1193
0001000

1194
0000100

1195
0001000

1196
0010000

1197
0000100

1198
0010000

1199
0000001

1200
0010000

1201
1000001

1202
1000000

1203
0000001

1204
0000010

1205
0010000

1206
0100000

1207
1000000

1208
0000100

1209
0100000

1210
0000001

1211
0100000

1212
0000100

1213
0000001

1214
0000100

1215
0000100

1216
1000000

1217
0000001

1218
0000001

1219
0000001

1220
1000000

1221
0100000

1222
1000000

1223
0101000

1224
1000000

1225
0100000

1226
0000100

1227
1000000

1228
0001000

1229
0000001

1230
1000000

1231
0000100

1232
0001100

1233
0000100

1234
0010000

1235
0000010

1236
0001001

1237
1000000

1238
0000001

1239
0000100

1240
0000010

1241
1000000

1242
1000000

1243
0100000

1244
0010000

1245
0000001

1246
0001000

1247
0000010

1248
1000000

1249
1000001

1250
0000001

1251
0001000

1252
0001000

1253
0001000

1254
0001000

1255
0000001

1256
0000001

1257
1000000

1258
1000000

1259
0010000

1260
0001000

1261
1000000

1262
0100010

1263
0000010

1264
0001000

1265
0001000

1266
1000000

1267
0000010

1268
1000000

1269
0100000

1270
0100000

1271
0001000

1272
0000010

1273
0001000

1274
0001000

1275
0010000

1276
0000001

1277
0010000

1278
0001000

1279
0001000

1280
1000000

1281
0001000

1282
0000010

1283
0001000

1284
0010000

1285
0010000

1286
0001000

1287
1000000

1288
0000001

1289
1010000

1290
0000010

1291
0000100

1292
0000001

1293
0000100

1294
0001000

1295
0100000

1296
0000001

1297
0000100

1298
0000001

1299
1000000

1300
0001000

1301
1000001

1302
1000000

1303
0100000

1304
1000000

1305
0000101

1306
0000010

1307
1000000

1308
0000100

1309
1000000

1310
0000001

1311
0001000

1312
0000100

1313
0000010

1314
0100000

1315
0001000

1316
1000000

1317
1000000

1318
1000000

1319
0000001

1320
1000100

1321
0000100

1322
1000000

1323
0000100

1324
0100000

1325
0100000

1326
0010000

1327
0000001

1328
1000000

1329
0000100

1330
0000101

1331
0000010

1332
0100000

1333
0010010

1334
0010000

1335
0100000

1336
0000010

1337
0100000

1338
0000100

1339
1001000

1340
0000100

1341
1000000

1342
0000001

1343
0000100

1344
0000100

1345
0000001

1346
1000000

1347
0000100

1348
1000000

1349
0000100

1350
0100000

1351
0010000

1352
1000000

1353
0000100

1354
0000001

1355
0001000

1356
0010000

1357
0001000

1358
0100000

1359
1000000

1360
0010110

1361
0010000

1362
0000100

1363
0000001

1364
0000100

1365
0001000

1366
0000100

1367
1000000

1368
0000100

1369
1000000

1370
0010000

1371
0001001

1372
1000000

1373
0000100

1374
0000010

1375
0010000

1376
1000000

1377
0000010

1378
0100000

1379
0100000

1380
0000100

1381
1001000

1382
1000000

1383
0100000

1384
0100000

1385
1000000

1386
0000100

1387
1000000

1388
0100000

1389
0000001

1390
0000100

1391
0100000

1392
0001000

1393
0000001

1394
0010000

1395
0100000

1396
0001000

1397
0010000

1398
0001000

1399
0000001

1400
0000010

1401
0001010

1402
0000001

1403
0000010

1404
0000001

1405
0000010

1406
0000001

1407
0100000

1408
0001000

1409
0001000

1410
0000100

1411
0100000

1412
0000010

1413
0010000

1414
0010000

1415
0000010

1416
0000001

1417
0000010

1418
0000001

1419
0000100

1420
0001000

1421
1000000

1422
0000100

1423
0000010

1424
0100000

1425
0010000

1426
0000001

1427
0000100

1428
0010000

1429
1000000

1430
0010000

1431
0100000

1432
0010000

1433
0000001

1434
0000001

1435
0000010

1436
0001000

1437
0000010

1438
1000000

1439
0000010

1440
0010000

1441
0001100

1442
1000000

1443
0001000

1444
0010000

1445
0100000

1446
0000010

1447
0100000

1448
1000000

1449
0001000

1450
0100000

1451
0000001

1452
0000010

1453
1000000

1454
0000010

1455
0000100

1456
1000000

1457
0000100

1458
0010000

1459
0010000

1460
0100000

1461
0010000

1462
0000010

1463
0000001

1464
1000000

1465
0100000

1466
0000100

1467
1000000

1468
0000001

1469
0010000

1470
0000010

1471
0000001

1472
1000000

1473
0000001

1474
0000001

1475
0001000

1476
0000100

1477
0001000

1478
0001000

1479
0001000

1480
0000001

1481
0010000

1482
0010000

1483
0010000

1484
0101000

1485
0000010

1486
0000010

1487
0000001

1488
1000010

1489
1000000

1490
0100000

1491
0001000

1492
0000001

1493
0000100

1494
0000010

1495
0001000

1496
0110100

1497
0100000

1498
0010000

1499
0001000

1500
0001101

1501
0000100

1502
0000100

1503
0000010

1504
0010000

1505
0010000

1506
0010000

1507
0000100

1508
0000001

1509
0010000

1510
1000000

1511
0000100

1512
0000100

1513
1000000

1514
0100000

1515
0000100

1516
1000000

1517
0100000

1518
0000010

1519
1000000

1520
0000001

1521
0000100

1522
0100000

1523
0010000

1524
0100000

1525
0100000

1526
1000000

1527
0011000

1528
0010000

1529
0000100

1530
0100000

1531
1000000

1532
0100000

1533
1000000

1534
1000000

1535
0000010

1536
0010000

1537
0100000

1538
0000100

1539
0001000

1540
0010000

1541
0010000

1542
0001000

1543
0100000

1544
0010000

1545
1000000

1546
1000000

1547
0100000

1548
1000000

1549
0011000

1550
1000000

1551
0010001

1552
0000001

1553
1000000

1554
0000001

1555
0000001

1556
0000100

1557
0000100

1558
0000001

1559
1000000

1560
0000010

1561
0000010

1562
1000000

1563
0001000

1564
0100000

1565
0100000

1566
0000010

1567
1111111

1568
0000010

1569
0100000

1570
0001000

1571
0110000

1572
1000000

1573
1000000

1574
0100000

1575
0100000

1576
0001000

1577
0001000

1578
0001000

1579
0000001

1580
0000010

1581
1100000

1582
0000001

1583
0000001

1584
0000001

1585
0001000

1586
0010000

1587
1001000

1588
0000010

1589
0000100

1590
1000000

1591
0001000

1592
0011000

1593
1000000

1594
1000010

1595
0100000

1596
0001000

1597
0000100

1598
0000100

1599
0010000

1600
0101000

1601
0001000

1602
0000010

1603
0001000

1604
0000010

1605
0100000

1606
0000010

1607
0000100

1608
0000001

1609
1000000

1610
1000000

1611
0100000

1612
0000100

1613
0100000

1614
0000001

1615
0000001

1616
0010000

1617
0001000

1618
1000000

1619
0100000

1620
1000000

1621
0100000

1622
0010000

1623
0100000

1624
0001000

1625
0000100

1626
0000100

1627
0010000

1628
1000010

1629
0010000

1630
0001000

1631
0010000

1632
1000000

1633
0100000

1634
0000001

1635
0000100

1636
0010000

1637
0000010

1638
0000010

1639
0000001

1640
0000010

1641
0001000

1642
0000010

1643
0000010

1644
0100000

1645
0000100

1646
0001000

1647
0010100

1648
0000001

1649
0001000

1650
0000100

1651
1000000

1652
1010100

1653
0000010

1654
0000010

1655
1010000

1656
0000001

1657
0000010

1658
1000000

1659
0000100

1660
0000100

1661
0100000

1662
0000010

1663
0010000

1664
0000001

1665
0000001

1666
0000001

1667
1000000

1668
0000001

1669
0000010

1670
1111111

1671
1111111

1672
1000000

1673
1000000

1674
0000001

1675
0001100

1676
0010000

1677
1000000

1678
0000010

1679
0000010

1680
0100100

1681
1000000

1682
0010000

1683
0000001

1684
1000000

1685
0000001

1686
0010000

1687
1000000

1688
0001000

1689
0001000

1690
0000100

1691
0010000

1692
0100000

1693
0000001

1694
0001000

1695
0100000

1696
0000001

1697
0000001

1698
0000001

1699
0001000

1700
1000000

1701
1000000

1702
0000101

1703
0000100

1704
0001000

1705
0000100

1706
0100000

1707
0010000

1708
1000000

1709
0000010

1710
0010000

1711
0001000

1712
0000001

1713
0000100

1714
0000010

1715
0001000

1716
0110000

1717
0000001

1718
0100000

1719
0000100

1720
1000000

1721
0000010

1722
0000010

1723
0010000

1724
0100000

1725
0001000

1726
0100000

1727
0000001

1728
1000000

1729
0000010

1730
0010000

1731
1000000

1732
1000000

1733
1000000

1734
0000010

1735
1001000

1736
0010000

1737
0001000

1738
0000010

1739
0000100

1740
0000001

1741
0000100

1742
1000000

1743
0000100

1744
1000000

1745
0100000

1746
0000100

1747
0100000

1748
1000000

1749
0000010

1750
0100010

1751
0100000

1752
0000101

1753
0100000

1754
0000010

1755
0000100

1756
0000010

1757
0010000

1758
0000010

1759
1000000

1760
1000000

1761
0000001

1762
0100000

1763
1000000

1764
0001000

1765
0000100

1766
0000100

1767
1000000

1768
0001001

1769
0010000

1770
0010000

1771
0010000

1772
0000001

1773
0001000

1774
0000010

1775
0000001

1776
0100000

1777
0010000

1778
0000100

1779
0000001

1780
0100000

1781
0000100

1782
1000000

1783
0000100

1784
0001000

1785
0010000

1786
0001000

1787
0010000

1788
0000100

1789
1000000

1790
1000000

1791
0000100

1792
0000010

1793
0001000

1794
0000010

1795
0001000

1796
0000010

1797
0010000

1798
0001000

1799
0010000

1800
1000000

1801
0000010

1802
0000011

1803
0001000

1804
0000100

1805
1000000

1806
0001000

1807
0000010

1808
0001000

1809
0100010

1810
0010000

1811
0110000

1812
0000010

1813
0100000

1814
0010000

1815
0100000

1816
0000100

1817
0000001

1818
0000100

1819
0100000

1820
0000010

1821
1000000

1822
0100000

1823
0000110

1824
0100000

1825
0001000

1826
0100000

1827
1000000

1828
0000010

1829
0100000

1830
0001000

1831
0000001

1832
1000000

1833
0110100

1834
1100000

1835
0010001

1836
0000001

1837
0001010

1838
0010000

1839
0001000

1840
0000010

1841
0000001

1842
0001000

1843
0001000

1844
0000100

1845
0000010

1846
0100000

1847
0010000

1848
0010000

1849
0000001

1850
0000001

1851
0001001

1852
0000010

1853
0000100

1854
0100000

1855
0000010

1856
0010000

1857
1000000

1858
0000010

1859
0000100

1860
0001000

1861
0000100

1862
0000100

1863
1000000

1864
0000001

1865
0001000

1866
0001000

1867
0010000

1868
0000110

1869
0000100

1870
0000010

1871
0000001

1872
1100000

1873
0100000

1874
0001000

1875
0010000

1876
0000100

1877
0000001

1878
0000010

1879
1000000

1880
0000001

1881
0000100

1882
0000001

1883
0100000

1884
0000010

1885
0000100

1886
0010000

1887
0000100

1888
0100000

1889
0001010

1890
0000001

1891
1000000

1892
0100000

1893
0010000

1894
1000000

1895
0000001

1896
1100000

1897
0000100

1898
1000000

1899
0000001

1900
0000100

1901
0010000

1902
0000010

1903
0001000

1904
0000001

1905
1000000

1906
0000001

1907
0100000

1908
0010000

1909
0010000

1910
0100000

1911
0000100

1912
0000100

1913
0001000

1914
1000000

1915
0000001

1916
0010000

1917
0100000

1918
0001000

1919
0010000

1920
0100000

1921
0001000

1922
0001000

1923
0000010

1924
0011000

1925
0000001

1926
0000001

1927
0000010

1928
0000010

1929
1111111

1930
0010000

1931
0000001

1932
0000010

1933
0001000

1934
0000001

1935
0000010

1936
1100000

1937
0000010

1938
0100000

1939
0000001

1940
1001000

1941
0000010

1942
0010000

1943
0000110

1944
0100000

1945
0000100

1946
1000000

1947
0000010

1948
0100000

1949
0100000

1950
0000010

1951
0000101

1952
0100000

1953
1000000

1954
0100000

1955
0100000

1956
1100000

1957
1000000

1958
0100000

1959
0100000

1960
0000001

1961
0000010

1962
0010000

1963
0010000

1964
1000001

1965
0010000

1966
0010000

1967
0001000

1968
0000001

1969
1000000

1970
0000001

1971
1010000

1972
0010000

1973
0000100

1974
1000000

1975
0000001

1976
0000010

1977
0010000

1978
0000010

1979
0000001

1980
0101000

1981
0000001

1982
0010000

1983
0001000

1984
0001000

1985
0010010

1986
0010100

1987
0100000

1988
1000000

1989
0001000

1990
1000000

1991
0010000

1992
1000000

1993
0001000

1994
0100000

1995
1000000

1996
0100000

1997
0100000

1998
0100000

1999
0010000

2000
0110010

2001
0010000

2002
0100000

2003
0010000

2004
0000001

2005
1000000

2006
0001000

2007
0000001

2008
0000001

2009
1000000

2010
0010000

2011
1000000

2012
1000000

2013
0011000

2014
0000100

2015
0010000

2016
0010000

2017
0000100

2018
0010000

2019
0000100

2020
0000100

2021
0100000

2022
0000001

2023
0000100

2024
0001000

2025
0000001

2026
1000000

2027
1000000

2028
0110001

2029
1000000

2030
0000001

2031
0000100

2032
1000000

2033
0100000

2034
0000100

2035
0001000

2036
1000000

2037
0101000

2038
0000100

2039
0000001

2040
1000000

2041
1000000

2042
0000101

2043
0000001

2044
0000001

2045
0000100

2046
0001000

2047
0100000

2048
0010000

2049
1000000

2050
1000000

2051
1000001

2052
0000100

2053
0001000

2054
0100000

2055
0000010

2056
0001000

2057
0010000

2058
0000010

2059
0000010

2060
0100000

2061
0100000

2062
0000001

2063
0001000

2064
0100000

2065
1000000

2066
0100000

2067
0100000

2068
0000001

2069
0001000

2070
0010000

2071
0000100

2072
0100000

2073
0000001

2074
0100000

2075
0010000

2076
0000100

2077
0000001

2078
1000000

2079
0100000

2080
0000100

2081
0010000

2082
0010000

2083
0000010

2084
1000000

2085
0001000

2086
1010000

2087
0100000

2088
0010000

2089
1000000

2090
0000100

2091
0000001

2092
0000100

2093
0001000

2094
0000100

2095
0100001

2096
1000000

2097
0000001

2098
0010000

2099
0100000

2100
0000100

2101
0100000

2102
0000010

2103
0001000

2104
1000000

2105
1000000

2106
0000001

2107
0000100

2108
1000000

2109
0001000

2110
0010000

2111
0100000

2112
0000010

2113
0100000

2114
0001000

2115
0000010

2116
0100000

2117
0100000

2118
0000010

2119
0001000

2120
1000000

2121
1000000

2122
0000010

2123
0000010

2124
0010000

2125
1000000

2126
0000010

2127
1000000

2128
0000001

2129
1000000

2130
0010000

2131
1000100

2132
1001000

2133
0100000

2134
0001000

2135
0000100

2136
1000000

2137
0001001

2138
1000000

2139
0001000

2140
1000010

2141
0001000

2142
0000010

2143
1000000

2144
0100000

2145
0000100

2146
0000100

2147
0100000

2148
0000010

2149
0000001

2150
0000001

2151
1000000

2152
0001000

2153
0000001

2154
0100000

2155
0100000

2156
0000100

2157
0001000

2158
0110000

2159
0010000

2160
0100001

2161
0000100

2162
1000000

2163
0100000

2164
0000001

2165
0000100

2166
0010001

2167
0001000

2168
1000000

2169
0001000

2170
0001000

2171
0001000

2172
1000000

2173
0000001

2174
0010000

2175
0010000

2176
0100000

2177
0010000

2178
0100001

2179
0000110

2180
0001000

2181
0000010

2182
0001000

2183
0100000

2184
0000100

2185
0101000

2186
0100000

2187
0100000

2188
0001000

2189
0000100

2190
0010000

2191
0100000

2192
0000100

2193
0000100

2194
0000001

2195
0100000

2196
1000001

2197
0000100

2198
0000001

2199
0000001

2200
1000000

2201
0100010

2202
0000010

2203
0000001

2204
0000001

2205
0000100

2206
0000010

2207
0000001

2208
0000010

2209
0000010

2210
0100000

2211
1000000

2212
0001000

2213
1100000

2214
0000101

2215
0001000

2216
0000001

2217
0100000

2218
1000000

2219
0001000

2220
0001000

2221
0000100

2222
0000001

2223
0010000

2224
0000100

2225
0100000

2226
0000001

2227
0000100

2228
0001000

2229
0010000

2230
0000010

2231
0001000

2232
0000010

2233
0001000

2234
0000010

2235
1000000

2236
0000001

2237
0100000

2238
0000001

2239
0000010

2240
0000100

2241
0000001

2242
0001000

2243
1000000

2244
0010000

2245
0000001

2246
0000001

2247
0001000

2248
0001000

2249
0000001

2250
0010000

2251
0000100

2252
0010000

2253
0000100

2254
0001000

2255
0000010

2256
0100000

2257
0000100

2258
0010000

2259
1000001

2260
0010000

2261
1000000

2262
0010000

2263
0001000

2264
0000010

2265
0000100

2266
0000001

2267
1111111

2268
0010000

2269
0000001

2270
1000000

2271
1000000

2272
0100000

2273
0000100

2274
0000010

2275
0000100

2276
0010000

2277
0001000

2278
0000100

2279
0000100

2280
0100000

2281
0000001

2282
0010000

2283
0000001

2284
0000110

2285
1000000

2286
0001000

2287
0010000

2288
1000000

2289
0010000

2290
0010100

2291
0100000

2292
0010000

2293
1000000

2294
1000000

2295
0010000

2296
0100000

2297
0010000

2298
0001100

2299
0000100

2300
0000100

2301
0000100

2302
0000010

2303
0010000

2304
0001000

2305
0010000

2306
1000010

2307
0100000

2308
0000001

2309
0100000

2310
1000000

2311
0010000

2312
0010000

2313
1000000

2314
0100000

2315
0000100

2316
0000100

2317
1100000

2318
0010000

2319
0001000

2320
0000010

2321
0000001

2322
0000100

2323
0001000

2324
0000100

2325
0010000

2326
1000000

2327
0000001

2328
0001000

2329
0010000

2330
0001000

2331
0010000

2332
1000000

2333
0000010

2334
0000100

2335
0001000

2336
0001000

2337
0001000

2338
1000000

2339
1000000

2340
1000000

2341
0000001

2342
1000000

2343
0000010

2344
0001000

2345
1000000

2346
0010000

2347
0000100

2348
1000000

2349
1000000

2350
0000001

2351
0000010

2352
0001000

2353
1000000

2354
0000100

2355
0000010

2356
0010000

2357
0000110

2358
0100000

2359
0001000

2360
0010000

2361
0001000

2362
0110000

2363
0001000

2364
0001000

2365
0000001

2366
0001000

2367
0000010

2368
1000000

2369
0001001

2370
0000100

2371
0100000

2372
0100000

2373
0001000

2374
0000010

2375
1000000

2376
0000001

2377
0000001

2378
1000010

2379
0001000

2380
0100000

2381
0100000

2382
0010000

2383
0001000

2384
1000000

2385
0110000

2386
0010000

2387
0100000

2388
0010000

2389
0000010

2390
1000000

2391
1000001

2392
0000001

2393
1000000

2394
0000100

2395
0001100

2396
0000100

2397
0100000

2398
1000000

2399
0000100

2400
1000000

2401
1000000

2402
0010000

2403
0001000

2404
0000001

2405
0010011

2406
0100000

2407
1000000

2408
0100000

2409
0001000

2410
1000000

2411
0100000

2412
0010001

2413
1000000

2414
0010000

2415
0001000

2416
0010000

2417
0001000

2418
0010000

2419
0000100

2420
0000100

2421
0100000

2422
0000100

2423
0000100

2424
0010000

2425
1000000

2426
0000100

2427
0001000

2428
1000000

2429
0000001

2430
0101000

2431
0000010

2432
1000000

2433
0000100

2434
0000001

2435
0000100

2436
0000100

2437
0001000

2438
0000101

2439
0000100

2440
1000000

2441
0000100

2442
0010000

2443
0000001

2444
1000000

2445
0001000

2446
0000010

2447
0010101

2448
0000001

2449
0010000

2450
0000001

2451
0010000

2452
0000010

2453
0000001

2454
0000001

2455
0001000

2456
0001000

2457
0100000

2458
1000000

2459
0000001

2460
0000010

2461
0100000

2462
0000100

2463
0000001

2464
1000000

2465
0001000

2466
0000001

2467
0000100

2468
0000010

2469
0010000

2470
0000100

2471
0000010

2472
0100000

2473
0000010

2474
1000000

2475
1000000

2476
0001000

2477
1000000

2478
0000100

2479
0010001

2480
0000001

2481
0000010

2482
0000010

2483
0100000

2484
0000010

2485
0001000

2486
1000000

2487
1000000

2488
1000010

2489
0000010

2490
0000001

2491
0000001

2492
0010000

2493
1000000

2494
0001000

2495
0010000

2496
1000000

2497
0000100

2498
0000100

2499
0000010

2500
0000010

2501
1000000

2502
0010000

2503
1000010

2504
0001000

2505
0000001

2506
0010000

2507
0001000

2508
0000010

2509
0000100

2510
0100000

2511
0000001

2512
0000001

2513
0000100

2514
0100000

2515
0000001

2516
0000010

2517
1000000

2518
0000100

2519
0010000

2520
0100000

2521
0100000

2522
0001000

2523
0000001

2524
0010000

2525
0001000

2526
1000000

2527
0010000

2528
1000010

2529
0000010

2530
0000100

2531
0000100

2532
0100000

2533
0010000

2534
1000000

2535
0010000

2536
0001000

2537
0010000

2538
1000000

2539
0000010

2540
0000100

2541
0010000

2542
1000000

2543
1000000

2544
0001000

2545
0100010

2546
1000000

2547
0000001

2548
0000100

2549
0001000

2550
0000001

2551
0000010

2552
0000001

2553
0010000

2554
0000100

2555
0001000

2556
1000000

2557
0000100

2558
0010000

2559
0100000

2560
0000001

2561
1000000

2562
1000000

2563
0000001

2564
0000010

2565
0001000

2566
1000000

2567
0001000

2568
0000001

2569
0001000

2570
0001000

2571
1000000

2572
0100000

2573
0100000

2574
0010000

2575
0010000

2576
0010000

2577
1000000

2578
0100000

2579
0001000

2580
0000100

2581
0000100

2582
0001000

2583
1000000

2584
0000010

2585
0000100

2586
0000010

2587
1000000

2588
0010000

2589
0001000

2590
1000000

2591
1000000

2592
0000001

2593
0001000

2594
0100000

2595
0100000

2596
0001000

2597
0000001

2598
0010000

2599
0100000

2600
0001000

2601
0100000

2602
0010010

2603
1000000

2604
1000000

2605
0010000

2606
0100000

2607
0000100

2608
0000100

2609
0000010

2610
0000010

2611
0001000

2612
0000001

2613
0100100

2614
0000001

2615
0000101

2616
0000010

2617
0000100

2618
0101000

2619
0000100

2620
0010000

2621
0000100

2622
0000010

2623
0001000

2624
1000000

2625
1000101

2626
0000010

2627
0000100

2628
0000001

2629
0000100

2630
0000100

2631
0000100

2632
1000000

2633
0000001

2634
0100000

2635
0000001

2636
0000010

2637
1001000

2638
0000100

2639
0000100

2640
0000100

2641
0010000

2642
0000001

2643
1000000

2644
0000100

2645
0000001

2646
0000001

2647
0100000

2648
0000010

2649
0000010

2650
0001000

2651
1000000

2652
0000100

2653
0011000

2654
0000100

2655
0000001

2656
0100000

2657
0000100

2658
0000100

2659
0000100

2660
0000010

2661
0010000

2662
0001100

2663
0000100

2664
0001000

2665
1000000

2666
0000010

2667
0000100

2668
0000010

2669
1000000

2670
1000000

2671
1000000

2672
0010000

2673
0000100

2674
0000001

2675
0010000

2676
0001000

2677
0001000

2678
0100000

2679
0000001

2680
0100000

2681
0010000

2682
0100000

2683
0001000

2684
0000001

2685
0000010

2686
0001000

2687
0010010

2688
0010000

2689
1000000

2690
0100000

2691
0000010

2692
0001000

2693
0000010

2694
0000010

2695
0001010

2696
1000000

2697
0000001

2698
0000100

2699
0000100

2700
0000100

2701
0001000

2702
0001000

2703
1000000

2704
0000010

2705
0000100

2706
0010000

2707
0010000

2708
0000010

2709
0100000

2710
0010010

2711
1000000

2712
1000000

2713
0000001

2714
0010000

2715
1000010

2716
0011000

2717
0010000

2718
1000000

2719
0000100

2720
0000001

2721
1001000

2722
1000000

2723
0000010

2724
0000010

2725
0000010

2726
1000000

2727
0010000

2728
0000100

2729
0000100

2730
0000010

2731
0100000

2732
0000001

2733
0000010

2734
1000000

2735
0001000

2736
0000100

2737
0000010

2738
0000001

2739
0000100

2740
0100000

2741
1000000

2742
0100000

2743
0100000

2744
0000001

2745
0000010

2746
1000000

2747
0001001

2748
0000001

2749
0001000

2750
0100000

2751
0000100

2752
0000001

2753
0001100

2754
1000000

2755
1000000

2756
0010000

2757
0000010

2758
0000010

2759
0010100

2760
0100000

2761
0001000

2762
1000000

2763
0000010

2764
0000010

2765
1000000

2766
0100000

2767
0000100

2768
0010000

2769
0010000

2770
0000010

2771
0100000

2772
0000100

2773
0000100

2774
0001000

2775
0000010

2776
0000100

2777
1000000

2778
0000010

2779
1000000

2780
0000001

2781
0000001

2782
1000000

2783
0000010

2784
0000001

2785
0000100

2786
0001000

2787
0000010

2788
0100000

2789
0001000

2790
0001000

2791
1010000

2792
0000010

2793
0000100

2794
0000100

2795
0000001

2796
1000000

2797
0000001

2798
1000000

2799
0010000

2800
0011000

2801
0000100

2802
1000000

2803
0000001

2804
1000000

2805
0100000

2806
0000010

2807
0000010

2808
0100000

2809
1000000

2810
0100000

2811
0100000

2812
1000000

2813
0101000

2814
0000100

2815
0100000

2816
1000000

2817
0010000

2818
1100000

2819
0010000

2820
0001001

2821
0000010

2822
0000100

2823
0001000

2824
0000001

2825
0000001

2826
0000001

2827
0000010

2828
0100000

2829
0000010

2830
0100000

2831
0000001

2832
0000010

2833
0011000

2834
0010000

2835
0001000

2836
0000110

2837
0010001

2838
0010000

2839
0100000

2840
1000000

2841
0000100

2842
1000101

2843
0001000

2844
0100000

2845
0000010

2846
0000100

2847
0000001

2848
0000001

2849
0100000

2850
0000010

2851
0010000

2852
0100000

2853
1000000

2854
1000000

2855
0001000

2856
0100000

2857
0100000

2858
0000001

2859
1000000

2860
0001000

2861
0000100

2862
0000100

2863
0010000

2864
0001000

2865
1000000

2866
0001000

2867
0010000

2868
0001000

2869
0000010

2870
0010000

2871
0000001

2872
0001000

2873
1000000

2874
0000011

2875
0000010

2876
0000010

2877
1000000

2878
0001000

2879
0010001

2880
0000100

2881
0000010

2882
0001000

2883
0000010

2884
0000010

2885
0100000

2886
1000000

2887
0000001

2888
0000100

2889
0001000

2890
1000000

2891
0000010

2892
0000010

2893
0000010

2894
0010000

2895
0000100

2896
1000000

2897
0000001

2898
1000000

2899
0100000

2900
0000010

2901
0000001

2902
0000001

2903
0000010

2904
1000000

2905
0000001

2906
0000010

2907
0000100

2908
0010000

2909
0001000

2910
0001000

2911
0000100

2912
1000000

2913
0100000

2914
0010000

2915
0001000

2916
0000010

2917
0000001

2918
0000100

2919
0000010

2920
0000100

2921
0000010

2922
0000100

2923
0000100

2924
0100000

2925
0101000

2926
0110000

2927
0000001

2928
0100000

2929
1000000

2930
0100000

2931
0010000

2932
0001000

2933
0000010

2934
0000001

2935
0100000

2936
0000100

2937
0000100

2938
1000000

2939
1000000

2940
0001000

2941
0000001

2942
0000001

2943
0011000

2944
0000010

2945
0001000

2946
0000001

2947
0001000

2948
0000100

2949
1000000

2950
0000001

2951
0000100

2952
0110000

2953
0001000

2954
0000100

2955
0000010

2956
0000001

2957
0001000

2958
0000100

2959
0010000

2960
1000000

2961
0010000

2962
0100000

2963
0000010

2964
0001000

2965
0000010

2966
0010000

2967
1000000

2968
0100000

2969
1000000

2970
0000010

2971
0010000

2972
0001000

2973
0010000

2974
0000100

2975
0100000

2976
0000001

2977
0000001

2978
0000010

2979
0100000

2980
0010000

2981
0000100

2982
0000001

2983
0000010

2984
0010000

2985
1000000

2986
0001000

2987
0100000

2988
0100000

2989
0001000

2990
1000000

2991
1000000

2992
0100000

2993
0000010

2994
0000001

2995
0000001

2996
0010000

2997
1000000

2998
1000000

2999
0000010

3000
0010000

3001
0010000

3002
1000000

3003
1000000

3004
0000001

3005
0001000

3006
0001000

3007
0100000

3008
0100000

3009
0000010

3010
0000010

3011
0000001

3012
0000001

3013
1000000

3014
0001000

3015
0010000

3016
0000010

3017
0000010

3018
1000000

3019
0010000

3020
0010000

3021
0010000

3022
0000100

3023
0000100

3024
0000100

3025
0001100

3026
0001000

3027
0010000

3028
0100000

3029
0000100

3030
0000100

3031
0000001

3032
0000010

3033
0000010

3034
0000100

3035
0010000

3036
0001000

3037
1000000

3038
0000001

3039
0001010

3040
0100000

3041
0100000

3042
0000100

3043
0000001

3044
0000001

3045
0000010

3046
1000000

3047
0100000

3048
0000100

3049
0001000

3050
0000001

3051
0100000

3052
0000100

3053
0000001

3054
0001000

3055
0000001

3056
0001000

3057
0001000

3058
0000010

3059
0010000

3060
0000001

3061
0000100

3062
0000001

3063
0000100

3064
0001000

3065
0010000

3066
0100000

3067
0000100

3068
1000000

3069
0100000

3070
0100000

3071
1001010

3072
1000000

3073
0100000

3074
0001000

3075
0001000

3076
0000100

3077
1000000

3078
0001000

3079
0000010

3080
0010000

3081
0100000

3082
0100000

3083
0100000

3084
0100000

3085
0010000

3086
1000000

3087
0010001

3088
0010000

3089
0100000

3090
0000001

3091
0000001

3092
0001000

3093
0010000

3094
1000000

3095
1000000

3096
0000100

3097
0000001

3098
0000010

3099
0001000

3100
0000010

3101
1000000

3102
0000010

3103
0000001

3104
0000001

3105
0000100

3106
0000001

3107
1000000

3108
0010000

3109
0100010

3110
1001001

3111
0000100

3112
0000010

3113
0001000

3114
0001000

3115
0000001

3116
1100010

3117
0010000

3118
1000000

3119
0010000

3120
0001000

3121
0001000

3122
0000001

3123
0001010

3124
1000000

3125
1000000

3126
0010000

3127
1000000

3128
0000101

3129
0100000

3130
0000010

3131
0000100

3132
0000001

3133
0010101

3134
0000100

3135
1000000

3136
0100000

3137
0001001

3138
0100000

3139
0000010

3140
0001000

3141
0000100

3142
0010000

3143
0001000

3144
0010000

3145
0000100

3146
0010001

3147
0000001

3148
0001000

3149
0000001

3150
1000000

3151
0001000

3152
1000000

3153
1000000

3154
1000000

3155
0010000

3156
1000000

3157
0010000

3158
0001000

3159
0001000

3160
0000100

3161
0000010

3162
0000010

3163
0001000

3164
0010010

3165
0001000

3166
0000100

3167
0001000

3168
0001000

3169
0000010

3170
0100000

3171
0001000

3172
0100000

3173
0000010

3174
0010000

3175
0000100

3176
0000100

3177
0010000

3178
0000001

3179
0000001

3180
0001000

3181
0000010

3182
0010000

3183
0000001

3184
0001000

3185
0001000

3186
0100000

3187
0000100

3188
0000001

3189
0000100

3190
0100000

3191
0010000

3192
0000001

3193
0100000

3194
1000000

3195
0000100

3196
0000001

3197
0000100

3198
1000000

3199
0000100

3200
0001000

3201
0000100

3202
0000001

3203
0001000

3204
0000100

3205
0100000

3206
0000010

3207
0000010

3208
0000001

3209
0000001

3210
0010000

3211
0000100

3212
0010000

3213
0001000

3214
0100000

3215
0100000

3216
0000100

3217
0001000

3218
0100000

3219
0001000

3220
1000000

3221
1000000

3222
0000100

3223
0010000

3224
0100000

3225
0100000

3226
0000100

3227
1000000

3228
0010000

3229
0000001

3230
1000001

3231
0000101

3232
0100000

3233
0000001

3234
0000001

3235
0000001

3236
1000000

3237
0000001

3238
0000001

3239
0000001

3240
0000010

3241
0000001

3242
0010000

3243
0010000

3244
1000000

3245
0000001

3246
1000000

3247
0000001

3248
1000000

3249
0000001

3250
0001000

3251
0000010

3252
1000000

3253
0100000

3254
0001000

3255
0000001

3256
0000100

3257
1000000

3258
0000100

3259
0000001

3260
0100000

3261
0000001

3262
0100000

3263
1000000

3264
0100000

3265
0101000

3266
0100000

3267
0100000

3268
0010000

3269
0010000

3270
0010000

3271
0000100

3272
0000100

3273
0001000

3274
1000000

3275
0010000

3276
1001001

3277
0000001

3278
1000000

3279
0000001

3280
0100000

3281
0000100

3282
0000100

3283
0011000

3284
0000010

3285
1000000

3286
0000001

3287
0100000

3288
0000100

3289
1010000

3290
1000000

3291
0000001

3292
0000100

3293
1000000

3294
0000010

3295
1010000

3296
0000001

3297
0100000

3298
0001000

3299
0001000

3300
0000100

3301
1000000

3302
0010000

3303
1000000

3304
0010000

3305
0000100

3306
1000000

3307
0010000

3308
0000001

3309
0100000

3310
1000000

3311
0000100

3312
0001000

3313
0000100

3314
0000010

3315
0000001

3316
0000001

3317
0000001

3318
0001000

3319
0000001

3320
0000100

3321
1000100

3322
1000000

3323
0000100

3324
0010100

3325
0000100

3326
0100000

3327
1000000

3328
0010000

3329
1000000

3330
1000000

3331
0001000

3332
0000001

3333
0010000

3334
0000001

3335
0000100

3336
1000000

3337
1000000

3338
0010000

3339
1000000

3340
1000000

3341
1000000

3342
0001000

3343
0001000

3344
0001000

3345
1000000

3346
0000001

3347
0010000

3348
0010001

3349
0000100

3350
0101000

3351
1100010

3352
0000100

3353
0000001

3354
1000000

3355
0000100

3356
0100000

3357
0100000

3358
0010000

3359
1000010

3360
0000010

3361
0000010

3362
0000001

3363
0000100

3364
0000001

3365
0000001

3366
0000100

3367
0100000

3368
1000000

3369
0000010

3370
0100000

3371
1000000

3372
1000000

3373
0001000

3374
1001000

3375
1000000

3376
1000000

3377
0000001

3378
0010000

3379
0100000

3380
0001000

3381
0001000

3382
0000100

3383
0001000

3384
0000001

3385
0010000

3386
0001000

3387
1000000

3388
0010100

3389
0000100

3390
0000001

3391
1000000

3392
0000100

3393
0100000

3394
0000100

3395
0000001

3396
0001000

3397
0000010

3398
0000001

3399
1000000

3400
0010000

3401
0001001

3402
0010000

3403
0000010

3404
0100000

3405
0000001

3406
0001000

3407
0000100

3408
0010000

3409
0000010

3410
0000100

3411
0010000

3412
0100000

3413
0000100

3414
0010000

3415
0001000

3416
1000000

3417
0000010

3418
0000010

3419
0000100

3420
0010000

3421
0100000

3422
1000000

3423
1000000

3424
0100000

3425
0000001

3426
1000000

3427
0000001

3428
0000100

3429
0000010

3430
0100000

3431
1000000

3432
1000000

3433
0000010

3434
0010000

3435
0100010

3436
0000001

3437
0100000

3438
0010000

3439
0010000

3440
1001000

3441
0100000

3442
0000010

3443
0100000

3444
0101000

3445
0000010

3446
0000010

3447
0000001

3448
0000100

3449
0001000

3450
1000000

3451
0000100

3452
0001000

3453
0010000

3454
0000001

3455
0000010

3456
0001000

3457
0010000

3458
0000010

3459
0010000

3460
0000001

3461
1000000

3462
0010000

3463
1000000

3464
0000001

3465
0001000

3466
0000001

3467
0000100

3468
0100000

3469
0001010

3470
0100000

3471
0000001

3472
0100000

3473
0000010

3474
0100000

3475
0000100

3476
0100000

3477
0000001

3478
0000010

3479
0001000

3480
0000100

3481
0100000

3482
0000100

3483
0100100

3484
0000100

3485
0000100

3486
0000010

3487
1000000

3488
0001000

3489
1000000

3490
0001000

3491
0010000

3492
0000001

3493
0000011

3494
1000000

3495
0100000

3496
0000110

3497
0000100

3498
0100000

3499
1000000

3500
1000001

3501
0001000

3502
0100000

3503
0000100

3504
0100000

3505
0000010

3506
1000000

3507
0001000

3508
0100000

3509
1000000

3510
1000000

3511
0000010

3512
0010000

3513
0000100

3514
0000010

3515
0001000

3516
0100000

3517
0011000

3518
0010010

3519
1000000

3520
1010000

3521
1000000

3522
0001000

3523
0000001

3524
0000010

3525
0100000

3526
0100000

3527
0001000

3528
0000010

3529
1000000

3530
0000100

3531
1000000

3532
0010000

3533
0010100

3534
0000100

3535
0000100

3536
0100000

3537
0100000

3538
0000001

3539
0000001

3540
0000001

3541
0100000

3542
0001000

3543
0000100

3544
0100000

3545
1000000

3546
0000001

3547
0010000

3548
0000010

3549
1000000

3550
0010000

3551
0100000

3552
0001000

3553
0010000

3554
1000000

3555
0000100

3556
0000100

3557
0100000

3558
0001000

3559
1000000

3560
0100000

3561
0001000

3562
0000001

3563
0000100

3564
0010000

3565
1000010

3566
0000010

3567
0000010

3568
0000100

3569
1000000

3570
0001000

3571
0000001

3572
0000100

3573
1000000

3574
0100000

3575
0000001

3576
0010000

3577
1000000

3578
0010000

3579
1000000

3580
0000001

3581
0000100

3582
0100000

3583
0000100

3584
0110000

3585
0000001

3586
1001000

3587
0010000

3588
0000100

3589
0000100

3590
0000011

3591
0000001

3592
0000010

3593
0000010

3594
0000010

3595
0000100

3596
0100000

3597
0001000

3598
0000100

3599
0100000

3600
1000000

3601
0000100

3602
0100000

3603
0001000

3604
0000001

3605
0000010

3606
0000001

3607
0000100

3608
0000001

3609
0001000

3610
0000010

3611
0010000

3612
0000101

3613
0001000

3614
1000000

3615
0000010

3616
0000001

3617
0001000

3618
0001000

3619
0010000

3620
0000010

3621
0000100

3622
0000100

3623
0001000

3624
0000001

3625
0100000

3626
0100000

3627
1000000

3628
0000001

3629
0000010

3630
0010000

3631
0001000

3632
0100000

3633
0100000

3634
0100000

3635
0010000

3636
1000000

3637
1000000

3638
0000100

3639
1000000

3640
0000010

3641
0010000

3642
1000001

3643
1000000

3644
0100010

3645
0010000

3646
0001000

3647
0001000

3648
0010000

3649
0000101

3650
0000001

3651
0000101

3652
0000001

3653
0000100

3654
0000010

3655
1000000

3656
1000000

3657
1000000

3658
1100010

3659
0000100

3660
0001000

3661
0000010

3662
1000000

3663
0000010

3664
0100000

3665
0000001

3666
1000000

3667
0001000

3668
0001000

3669
0000010

3670
1000100

3671
0100000

3672
0100000

3673
0000001

3674
1000000

3675
1000000

3676
0010000

3677
0010000

3678
0000010

3679
1000000

3680
0000100

3681
0010010

3682
0000001

3683
1000000

3684
0100000

3685
0000010

3686
1000000

3687
0000001

3688
0100000

3689
1000000

3690
0100000

3691
1000000

3692
0010000

3693
0000001

3694
0010000

3695
0000010

3696
1000100

3697
0000100

3698
0000001

3699
0001000

3700
0100000

3701
0010000

3702
0000010

3703
0010000

3704
0010100

3705
0000100

3706
0000100

3707
0000001

3708
0100000

3709
1000000

3710
1000000

3711
0100000

3712
0010000

3713
0010000

3714
1000000

3715
0000010

3716
1000000

3717
1000000

3718
0100000

3719
1000000

3720
1000000

3721
0010000

3722
0001000

3723
0100000

3724
0000110

3725
0000010

3726
0000010

3727
0010000

3728
0100000

3729
0001100

3730
1000000

3731
0010010

3732
0001000

3733
0000001

3734
0010010

3735
0000100

3736
0010000

3737
0000010

3738
1000000

3739
0100000

3740
0001000

3741
0010000

3742
0000001

3743
0000011

3744
0001000

3745
0100000

3746
0001000

3747
1000000

3748
0000001

3749
0000100

3750
0000100

3751
0100000

3752
0100000

3753
1000000

3754
0010000

3755
0000001

3756
0010000

3757
1000000

3758
0001000

3759
0100000

3760
0100000

3761
1000100

3762
0100000

3763
0100000

3764
1000000

3765
0000010

3766
0000001

3767
0010000

3768
0000010

3769
0000010

3770
0100000

3771
0100000

3772
0000100

3773
0000100

3774
0001000

3775
0000100

3776
0010000

3777
0001000

3778
0000010

3779
0010000

3780
1000000

3781
0000010

3782
0010000

3783
0010000

3784
0000010

3785
0100011

3786
1000001

3787
0001000

3788
0001000

3789
0000010

3790
0100000

3791
1000000

3792
0011000

3793
1000000

3794
0100000

3795
1000000

3796
0100000

3797
1000000

3798
0000100

3799
1000000

3800
0010000

3801
1010000

3802
0000100

3803
1000000

3804
0010000

3805
0100000

3806
0000001

3807
0001000

3808
0001000

3809
0001000

3810
1000000

3811
0010000

3812
0001000

3813
0000001

3814
0001000

3815
0100000

3816
0001000

3817
0001000

3818
1000000

3819
0001000

3820
0000001

3821
0001000

3822
0000100

3823
0010000

3824
1000000

3825
0100000

3826
0010000

3827
0100000

3828
1000000

3829
0000010

3830
1000000

3831
0000010

3832
0000010

3833
0000100

3834
0100000

3835
1000000

3836
0000100

3837
0010000

3838
0010000

3839
0000010

3840
0000001

3841
1000000

3842
1000000

3843
0001000

3844
0000010

3845
0100000

3846
1100000

3847
0001000

3848
1000000

3849
0000010

3850
0001000

3851
0000001

3852
0010000

3853
0000100

3854
0010000

3855
1000000

3856
0100000

3857
0000010

3858
0100000

3859
0100000

3860
0000100

3861
1000000

3862
0100000

3863
0010000

3864
0000010

3865
0000100

3866
1000000

3867
0100000

3868
0001000

3869
0000001

3870
0010000

3871
0001000

3872
0001000

3873
0100000

3874
0000001

3875
0001000

3876
0000100

3877
0000001

3878
0000001

3879
0000001

3880
0100000

3881
1000000

3882
0010000

3883
0001000

3884
0000010

3885
0000100

3886
0010000

3887
0000001

3888
1000000

3889
0000100

3890
1000000

3891
0000001

3892
0001000

3893
1000000

3894
0100000

3895
0001000

3896
1000000

3897
1000000

3898
0000010

3899
0001000

3900
0000010

3901
1000000

3902
0000100

3903
0001000

3904
0010000

3905
0000100

3906
0000100

3907
0000010

3908
0001000

3909
1000000

3910
1000000

3911
0100001

3912
0010000

3913
0000100

3914
0001000

3915
0000101

3916
0000110

3917
0001000

3918
0100000

3919
0100000

3920
0000100

3921
1000000

3922
1000000

3923
0111000

3924
0000100

3925
0100000

3926
0000010

3927
0000100

3928
0010000

3929
0001000

3930
1000000

3931
0000011

3932
0100000

3933
0100000

3934
0100000

3935
0100000

3936
0100000

3937
0001000

3938
1000000

3939
0000010

3940
0000010

3941
0000001

3942
0010000

3943
0000010

3944
0001010

3945
1000000

3946
0000001

3947
0010000

3948
0000010

3949
0010000

3950
0000001

3951
0000100

3952
0000001

3953
0010000

3954
0010000

3955
0001000

3956
0000100

3957
0001000

3958
0001000

3959
0001000

3960
0000001

3961
0000100

3962
0000100

3963
0100000

3964
1000000

3965
0000001

3966
0000001

3967
1000000

3968
0000010

3969
0000010

3970
0000010

3971
0001000

3972
0100000

3973
1001000

3974
1000100

3975
0001000

3976
0010000

3977
0000010

3978
0000100

3979
0000010

3980
0100000

3981
0100000

3982
0000011

3983
1000000

3984
0000010

3985
0100000

3986
0000100

3987
0100100

3988
1000000

3989
0000100

3990
0010000

3991
0000010

3992
0000100

3993
0100000

3994
1000000

3995
0001000

3996
0000011

3997
0000100

3998
0000010

3999
0100000

4000
0000010

4001
0000010

4002
0000010

4003
0010000

4004
0010000

4005
0000010

4006
1000000

4007
0010010

4008
0010000

4009
0000010

4010
0010000

4011
1000100

4012
1000000

4013
0000010

4014
0000100

4015
1000000

4016
0000010

4017
0010000

4018
0000001

4019
0100000

4020
0100000

4021
1010000

4022
0100000

4023
1011001

4024
0100000

4025
0100000

4026
0001000

4027
1100000

4028
0000001

4029
0000001

4030
1000000

4031
1000000

4032
1000000

4033
0000010

4034
0000010

4035
1000000

4036
0000010

4037
1000000

4038
0001000

4039
0000001

4040
1000000

4041
0000100

4042
0010100

4043
0000001

4044
1000000

4045
0000100

4046
0010000

4047
0000100

4048
1000000

4049
0000100

4050
0000100

4051
0000010

4052
1100000

4053
0100000

4054
0000010

4055
0001000

4056
0000001

4057
0010000

4058
0000010

4059
0001000

4060
0000100

4061
0000010

4062
0100000

4063
1011000

4064
0000100

4065
0000100

4066
1000000

4067
0010000

4068
0000100

4069
1111111

4070
0000001

4071
0010000

4072
0001000

4073
1001000

4074
1000000

4075
0000100

4076
0000100

4077
0001000

4078
0100000

4079
1000000

4080
0100000

4081
0000010

4082
1000000

4083
0001000

4084
0000100

4085
0010000

4086
0100000

4087
0000100

4088
0100000

4089
0000100

4090
0010000

4091
0000100

4092
0100000

4093
1000000

4094
0010000

4095
0001000

4096
0010000

4097
0000001

4098
0000010

4099
0001000

4100
0100100

4101
0000001

4102
0000010

4103
0000010

4104
0100000

4105
0000001

4106
0010010

4107
0000010

4108
0000001

4109
0100000

4110
0010000

4111
0001000

4112
0000100

4113
0000010

4114
1000000

4115
0000100

4116
0001000

4117
0001000

4118
0100000

4119
0010000

4120
0000100

4121
0010000

4122
0110000

4123
0001010

4124
0000101

4125
0100000

4126
0000001

4127
0100101

4128
0100000

4129
0001000

4130
0100000

4131
0000010

4132
0001000

4133
1000001

4134
0100000

4135
1000000

4136
0000100

4137
0000100

4138
1000010

4139
0000010

4140
1000000

4141
0100000

4142
0000100

4143
0000010

4144
0000001

4145
0000010

4146
0001000

4147
1000000

4148
0000001

4149
0010000

4150
0100000

4151
0000001

4152
0000100

4153
0100000

4154
0000001

4155
0000100

4156
1000101

4157
1000000

4158
0000010

4159
0001000

4160
0000001

4161
0010000

4162
0000010

4163
0010000

4164
0000100

4165
0000001

4166
0001000

4167
0001010

4168
0000001

4169
1000000

4170
0010000

4171
0100000

4172
0010000

4173
0001000

4174
0100000

4175
0010000

4176
0000010

4177
0000001

4178
0010000

4179
1000000

4180
0000001

4181
0001000

4182
0000010

4183
0001000

4184
1010000

4185
1000000

4186
0000001

4187
0010000

4188
0100000

4189
1000100

4190
0000010

4191
0100000

4192
1000001

4193
0010000

4194
0000001

4195
1000000

4196
0000001

4197
0100001

4198
0100000

4199
0000100

4200
0001000

4201
0000100

4202
0000001

4203
0010000

4204
1000000

4205
0000001

4206
0001000

4207
0000100

4208
1001000

4209
0000010

4210
0000010

4211
0010000

4212
1000000

4213
1000000

4214
0100000

4215
0010000

4216
0010000

4217
0000001

4218
1000000

4219
0100000

4220
0100000

4221
1000000

4222
0000100

4223
0100000

4224
0000010

4225
0000010

4226
0001000

4227
0001000

4228
1000000

4229
0000110

4230
0000100

4231
0010000

4232
1001000

4233
1000000

4234
0000001

4235
0000010

4236
0001000

4237
0010000

4238
0000100

4239
0100000

4240
0000010

4241
0100000

4242
0001000

4243
0001000

4244
0100000

4245
0001000

4246
0000010

4247
0000010

4248
0000001

4249
0001000

4250
1001000

4251
0001000

4252
0000001

4253
0000001

4254
0001000

4255
0000010

4256
0000001

4257
0011000

4258
0000100

4259
0001000

4260
0010100

4261
0000001

4262
0000001

4263
0001000

4264
0000001

4265
0000001

4266
0000010

4267
0010000

4268
0000001

4269
0000001

4270
0010000

4271
0010000

4272
0000010

4273
1000000

4274
0001000

4275
0100000

4276
0010000

4277
0000001

4278
0001000

4279
0010000

4280
0000010

4281
0000100

4282
0000001

4283
0001000

4284
0000001

4285
0001000

4286
0000100

4287
0001000

4288
0010010

4289
1000000

4290
1000000

4291
0000010

4292
0000100

4293
0000001

4294
0100000

4295
0001000

4296
0000100

4297
0010000

4298
0010000

4299
0000001

4300
1000000

4301
0000100

4302
0001000

4303
0000110

4304
0001000

4305
0010100

4306
0000010

4307
1000000

4308
0100000

4309
0000010

4310
0000001

4311
0000100

4312
0000010

4313
0000100

4314
0100000

4315
0001000

4316
0001000

4317
0001000

4318
0001000

4319
0000001

4320
0001000

4321
0000001

4322
0000010

4323
0001000

4324
1000000

4325
0100000

4326
1000000

4327
0000010

4328
0000100

4329
0010000

4330
1000000

4331
0100000

4332
0000010

4333
0000001

4334
0100000

4335
0001000

4336
0000001

4337
0000100

4338
1000000

4339
0000100

4340
0000001

4341
0000100

4342
0000001

4343
1000000

4344
1000000

4345
0010000

4346
0000010

4347
0011000

4348
0000100

4349
0010000

4350
0000001

4351
1000000

4352
1100000

4353
0001000

4354
1000000

4355
1000000

4356
0000100

4357
0001000

4358
1000000

4359
0000100

4360
0000001

4361
0010000

4362
0100000

4363
0000001

4364
0001001

4365
0000110

4366
0100100

4367
0000100

4368
0010000

4369
0010000

4370
0000010

4371
0000100

4372
0000100

4373
0000001

4374
0001000

4375
0000011

4376
1000000

4377
0010000

4378
0000001

4379
0000100

4380
0000001

4381
0110000

4382
0000010

4383
0100000

4384
1000000

4385
1000000

4386
0010000

4387
0000010

4388
0010000

4389
0000001

4390
0000100

4391
0010000

4392
0001000

4393
0000010

4394
0000010

4395
0000100

4396
0001000

4397
0000100

4398
0010000

4399
0000010

4400
0001000

4401
0010000

4402
0000001

4403
0000001

4404
0000010

4405
0010000

4406
0001000

4407
0010000

4408
0000100

4409
0010000

4410
0001000

4411
0100000

4412
0001000

4413
0000010

4414
0000100

4415
0010000

4416
0000001

4417
0001000

4418
1000000

4419
1000000

4420
0100000

4421
1000000

4422
0100000

4423
0001100

4424
0000010

4425
0100000

4426
1000000

4427
0010000

4428
1000000

4429
0100000

4430
1000010

4431
0000100

4432
0010000

4433
0000001

4434
0001000

4435
0000100

4436
0000001

4437
0000001

4438
0100000

4439
0000001

4440
0000010

4441
0000100

4442
0010000

4443
0100000

4444
0100000

4445
0000011

4446
1000000

4447
0000001

4448
1000000

4449
0100000

4450
0010000

4451
0001000

4452
0001000

4453
0000100

4454
0010000

4455
0000010

4456
0100000

4457
1000000

4458
0000010

4459
0110000

4460
0010000

4461
0010000

4462
0010000

4463
0001000

4464
1000000

4465
0000100

4466
0000001

4467
0000001

4468
1000000

4469
0000001

4470
0010001

4471
1000000

4472
0110000

4473
0100000

4474
0000100

4475
0000010

4476
0000100

4477
0001010

4478
0000001

4479
0000010

4480
0000100

4481
0001001

4482
0100000

4483
0010000

4484
1000000

4485
1000000

4486
0001000

4487
0100000

4488
0001100

4489
1000000

4490
0100000

4491
1000000

4492
0000001

4493
1100000

4494
0100000

4495
0000001

4496
0000010

4497
0000100

4498
0100000

4499
1010000

4500
0000010

4501
0000100

4502
0000010

4503
0010000

4504
0000010

4505
0010000

4506
0010000

4507
0000001

4508
0000010

4509
0001000

4510
0010000

4511
0000100

4512
0000010

4513
1000000

4514
1000000

4515
0100000

4516
0000100

4517
0010000

4518
0010000

4519
0100000

4520
0000001

4521
0000001

4522
0001000

4523
0100000

4524
0001000

4525
0000010

4526
0100101

4527
0010000

4528
0001000

4529
1000000

4530
0010000

4531
0001000

4532
0001000

4533
0000001

4534
0000010

4535
0010000

4536
0000010

4537
1000000

4538
0000001

4539
0100000

4540
0010000

4541
0100000

4542
0000001

4543
0000010

4544
0010000

4545
1000000

4546
0000010

4547
0001000

4548
1000000

4549
0000100

4550
0110000

4551
0000010

4552
0000010

4553
0000100

4554
0000001

4555
1000000

4556
0000001

4557
0000100

4558
0001000

4559
0001000

4560
0000001

4561
1000000

4562
1010000

4563
0000001

4564
0000001

4565
0001000

4566
0010000

4567
0000010

4568
1000000

4569
0000010

4570
0010000

4571
1000000

4572
0000100

4573
0010000

4574
0000100

4575
0000100

4576
0000111

4577
1000000

4578
0001000

4579
0000001

4580
0000100

4581
0100000

4582
0000001

4583
0010000

4584
0000100

4585
0000010

4586
0100000

4587
0010000

4588
0001000

4589
0001100

4590
1000000

4591
1000000

4592
0000010

4593
0100000

4594
0000100

4595
1000000

4596
0010000

4597
0010000

4598
0100000

4599
0000010

4600
0001000

4601
0001000

4602
0100000

4603
0100000

4604
1000000

4605
0001000

4606
0001000

4607
0000100

4608
1000000

4609
0111000

4610
1000000

4611
0010000

4612
0000001

4613
0001000

4614
0010000

4615
0000100

4616
0000100

4617
0000010

4618
0100000

4619
0010010

4620
1000000

4621
0100000

4622
1000000

4623
0000010

4624
0000001

4625
0000001

4626
1000000

4627
1000000

4628
1001000

4629
0000100

4630
0001000

4631
0100000

4632
0000100

4633
0000100

4634
0001000

4635
1000010

4636
0100000

4637
1000000

4638
0000010

4639
0000001

4640
0000001

4641
0001000

4642
0000001

4643
0000010

4644
0010000

4645
0000010

4646
0100000

4647
0100000

4648
1000000

4649
0001000

4650
0010001

4651
0001000

4652
0001000

4653
1000100

4654
0100000

4655
0000010

4656
0100000

4657
0000010

4658
1000000

4659
1010000

4660
0000100

4661
0100000

4662
0010000

4663
1000000

4664
0001000

4665
0001100

4666
0010000

4667
0100000

4668
1000000

4669
0000100

4670
0000100

4671
0100000

4672
0100000

4673
0000001

4674
0001000

4675
0000100

4676
0100000

4677
1000000

4678
0000010

4679
0000100

4680
0010000

4681
0000001

4682
0010000

4683
0000010

4684
0000010

4685
0010000

4686
0000001

4687
0000010

4688
0001000

4689
0000010

4690
0100000

4691
0000001

4692
1000000

4693
0010000

4694
0010000

4695
0001000

4696
0000100

4697
0001000

4698
1100000

4699
1001000

4700
1000000

4701
0000100

4702
1100100

4703
0000100

4704
0000001

4705
1000000

4706
0000100

4707
0100000

4708
0001000

4709
1000010

4710
0010000

4711
0000010

4712
1000000

4713
1000000

4714
0001000

4715
0010000

4716
0001001

4717
0001000

4718
0000100

4719
1000000

4720
0000100

4721
0010000

4722
0000001

4723
0000010

4724
1000000

4725
0010000

4726
1000000

4727
0100000

4728
0010000

4729
1000000

4730
0010000

4731
0000100

4732
0000001

4733
0010000

4734
0010000

4735
0000001

4736
0010000

4737
0000001

4738
0100000

4739
0001000

4740
0000100

4741
1000000

4742
0010000

4743
1000000

4744
0000001

4745
0000001

4746
0010000

4747
1000000

4748
0000001

4749
0100000

4750
0001000

4751
0001000

4752
0001000

4753
0010000

4754
0010000

4755
0000001

4756
0000010

4757
0000010

4758
0010000

4759
0010010

4760
1000000

4761
0000001

4762
0100000

4763
0000010

4764
0001010

4765
0000001

4766
0010000

4767
0100000

4768
0001000

4769
0001000

4770
0010000

4771
1000010

4772
0000001

4773
0010000

4774
0100000

4775
0001000

4776
0000010

4777
0000010

4778
0001100

4779
0000001

4780
0000001

4781
0100000

4782
0100000

4783
0001000

4784
0010000

4785
0001000

4786
0001000

4787
0000001

4788
0000100

4789
0100000

4790
0100001

4791
1000000

4792
0000001

4793
1000000

4794
0000001

4795
0000010

4796
0010000

4797
0100000

4798
0000001

4799
0010001

4800
0000001

4801
0000001

4802
0100000

4803
0100000

4804
0000001

4805
1000010

4806
0000100

4807
0000001

4808
0000100

4809
0000001

4810
0000100

4811
0000001

4812
0010000

4813
0100000

4814
0010000

4815
0100000

4816
0010000

4817
0010000

4818
0001000

4819
0000010

4820
0100000

4821
0001000

4822
0000010

4823
0100000

4824
0010000

4825
0001000

4826
0000001

4827
0100000

4828
0100000

4829
0001000

4830
0100000

4831
0001100

4832
0000010

4833
0100000

4834
0001000

4835
0000001

4836
0000001

4837
0100000

4838
0001000

4839
0000100

4840
0000100

4841
0000001

4842
0010000

4843
0010000

4844
0100000

4845
0000010

4846
1000100

4847
1000000

4848
1000000

4849
0010000

4850
0000100

4851
0000010

4852
0010000

4853
0010000

4854
0001000

4855
0100000

4856
0000100

4857
0100000

4858
0100000

4859
0000001

4860
0100000

4861
1000000

4862
0010000

4863
0000100

4864
0000100

4865
1000010

4866
0001000

4867
0000001

4868
0010000

4869
0000001

4870
1000000

4871
0100001

4872
0000001

4873
0010000

4874
0000100

4875
0000001

4876
0001000

4877
0100000

4878
1000010

4879
0000001

4880
1000000

4881
0000100

4882
0100000

4883
1000000

4884
1000000

4885
0000010

4886
0000001

4887
0000010

4888
0010000

4889
0001000

4890
0000010

4891
0001000

4892
1000000

4893
0000100

4894
0001000

4895
0010000

4896
0010000

4897
0010000

4898
0100000

4899
0000010

4900
1000000

4901
0000001

4902
0000100

4903
0000100

4904
1000000

4905
0001000

4906
0100100

4907
0010000

4908
0010000

4909
0010000

4910
0001000

4911
0000100

4912
0000010

4913
0100000

4914
0100000

4915
0000010

4916
0010000

4917
0000010

4918
1000000

4919
0001000

4920
0000100

4921
0001000

4922
0001000

4923
1000000

4924
0010000

4925
0010000

4926
0000010

4927
0000001

4928
0000100

4929
0001100

4930
0001000

4931
0001000

4932
0100000

4933
0100000

4934
0001000

4935
0000010

4936
0001000

4937
0100000

4938
0010010

4939
0100000

4940
0001000

4941
0000001

4942
1000000

4943
0000010

4944
0100000

4945
0010000

4946
0100000

4947
0001000

4948
0000001

4949
1000000

4950
0000100

4951
1000000

4952
0010000

4953
0010000

4954
0000100

4955
1000000

4956
0001000

4957
0100000

4958
0001000

4959
0000010

4960
0000100

4961
0001000

4962
1000000

4963
0000001

4964
0010000

4965
0000100

4966
0100000

4967
1000000

4968
0000010

4969
0010000

4970
0010000

4971
0010000

4972
0000010

4973
0001000

4974
0010000

4975
1000000

4976
0000010

4977
0010000

4978
1000000

4979
0000001

4980
1001010

4981
0000100

4982
0010000

4983
0001000

4984
0001000

4985
0000001

4986
0000010

4987
0101010

4988
1000000

4989
0100000

4990
0000010

4991
1000000

4992
0001000

4993
0001000

4994
1000000

4995
0000100

4996
0110000

4997
0100000

4998
0000010

4999
0010000

5000
0000010

5001
0010000

5002
0000100

5003
1000000

5004
1000000

5005
0000010

5006
0001000

5007
1111111

5008
1000000

5009
0000100

5010
0001000

5011
0000001

5012
1000000

5013
0000100

5014
0100000

5015
0000001

5016
0001000

5017
0000010

5018
0000010

5019
0000001

5020
0000010

5021
0000001

5022
0000100

5023
0000010

5024
0001000

5025
0000010

5026
0001000

5027
0010000

5028
0000001

5029
0001000

5030
1000000

5031
0000010

5032
1000000

5033
0000100

5034
0000100

5035
0100000

5036
0000010

5037
0000010

5038
0001000

5039
0100000

5040
0100000

5041
0001000

5042
0000001

5043
0000001

5044
0000001

5045
0000100

5046
0010000

5047
0000010

5048
0000010

5049
0000001

5050
0100000

5051
0000001

5052
0001000

5053
0000010

5054
0100000

5055
0000001

5056
0000001

5057
0000100

5058
0010000

5059
0000001

5060
1000000

5061
0001000

5062
0000001

5063
0000001

5064
0000100

5065
0010000

5066
1001000

5067
0100000

5068
0000010

5069
1000000

5070
0000001

5071
0010000

5072
0000001

5073
0000010

5074
0000100

5075
0010000

5076
0001000

5077
0000010

5078
0001000

5079
0000010

5080
0000100

5081
0100000

5082
0000100

5083
0011100

5084
0001000

5085
0100000

5086
0000001

5087
0010000

5088
0010000

5089
0000001

5090
0010000

5091
0000001

5092
0100000

5093
0001000

5094
0001100

5095
0001000

5096
1001000

5097
0000100

5098
0010000

5099
0100000

5100
0000001

5101
1000000

5102
0000010

5103
0001000

5104
1010100

5105
1000000

5106
0100000

5107
0000001

5108
0000001

5109
0100000

5110
0100000

5111
0100000

5112
0001000

5113
1000000

5114
0010000

5115
0000100

5116
0010000

5117
0001000

5118
0000001

5119
0000100

5120
0100000

5121
1000000

5122
0101000

5123
0000010

5124
1000000

5125
0000100

5126
1000000

5127
1000000

5128
0000010

5129
0001000

5130
0000100

5131
0000001

5132
0000010

5133
0000100

5134
0000001

5135
0000010

5136
0000100

5137
0100000

5138
0000001

5139
0010000

5140
0000100

5141
0010000

5142
0100000

5143
0010000

5144
1001000

5145
0010000

5146
0010000

5147
1000000

5148
0000100

5149
0000010

5150
1000000

5151
0000001

5152
0100000

5153
0000001

5154
0000010

5155
0000010

5156
0001000

5157
0000100

5158
0001000

5159
0000010

5160
0000100

5161
0100000

5162
0010000

5163
1000000

5164
0010000

5165
0010000

5166
0001000

5167
0000100

5168
0000001

5169
0000010

5170
0010000

5171
0100000

5172
0010000

5173
1000000

5174
1000000

5175
0000010

5176
0100000

5177
0001000

5178
1000000

5179
0010000

5180
0000101

5181
0010000

5182
0010000

5183
0010000

5184
1000000

5185
0000001

5186
0100000

5187
0000001

5188
0100000

5189
0000010

5190
0100000

5191
0000001

5192
1000000

5193
0000010

5194
0000010

5195
0000010

5196
0110000

5197
1000000

5198
0100000

5199
0000010

5200
1000000

5201
0001000

5202
0001000

5203
0000010

5204
0010000

5205
0000101

5206
0000001

5207
0100000

5208
0100000

5209
0001000

5210
1000000

5211
0000001

5212
1000000

5213
0000100

5214
0011000

5215
0000010

5216
0000100

5217
0010000

5218
0000100

5219
0000010

5220
0010000

5221
0000100

5222
0010000

5223
0000100

5224
1000000

5225
0000100

5226
0001000

5227
0100000

5228
0000010

5229
1000010

5230
0000001

5231
0100000

5232
0100001

5233
0010000

5234
0000010

5235
0000010

5236
0000010

5237
0000001

5238
0010000

5239
0000100

5240
0000100

5241
0000100

5242
0000010

5243
1000000

5244
0001000

5245
0000010

5246
0000100

5247
0001000

5248
0001000

5249
0100000

5250
0010000

5251
0000010

5252
0100000

5253
0000100

5254
0000001

5255
0010000

5256
0010000

5257
1000000

5258
0000001

5259
1000000

5260
0000010

5261
0000100

5262
0000100

5263
1000000

5264
0000010

5265
0100000

5266
0010000

5267
1000000

5268
0010000

5269
0000010

5270
1000000

5271
0000100

5272
0001000

5273
1000000

5274
0010000

5275
0001000

5276
0001000

5277
0000001

5278
0100000

5279
0100000

5280
0000100

5281
0000010

5282
0100000

5283
1000000

5284
0010001

5285
0000010

5286
0000100

5287
0001000

5288
1000000

5289
0000100

5290
0010000

5291
0100000

5292
0010000

5293
0000010

5294
0010000

5295
0001000

5296
0000001

5297
0100000

5298
0010000

5299
0010000

5300
0000100

5301
0001000

5302
0001000

5303
0100000

5304
0100000

5305
0001000

5306
0000010

5307
0001000

5308
0001000

5309
0001000

5310
1000000

5311
0001000

5312
0000010

5313
0000100

5314
0100000

5315
0000010

5316
0000001

5317
0001000

5318
0000001

5319
0100000

5320
0100000

5321
1000000

5322
0000001

5323
0001000

5324
1000000

5325
0010000

5326
1000000

5327
0100000

5328
0001000

5329
0010000

5330
0000100

5331
0000100

5332
0010000

5333
1010000

5334
0100000

5335
0010000

5336
0010000

5337
0100000

5338
0010000

5339
1000000

5340
0000001

5341
0000100

5342
1000000

5343
1100110

5344
0100100

5345
0010000

5346
0000001

5347
0010000

5348
1000000

5349
1000100

5350
0000010

5351
0000100

5352
0100000

5353
0000001

5354
1000000

5355
0100000

5356
0011000

5357
0000100

5358
0010000

5359
0001000

5360
0001000

5361
0000100

5362
0000001

5363
0000001

5364
0010000

5365
1000000

5366
0010000

5367
0100000

5368
0100001

5369
0000001

5370
0100000

5371
0100000

5372
0100000

5373
0000100

5374
1000000

5375
0100000

5376
0001000

5377
0000010

5378
0000010

5379
1000000

5380
0000001

5381
0001000

5382
0001000

5383
0000100

5384
0101010

5385
1000000

5386
0000010

5387
0000100

5388
0001000

5389
0100000

5390
0001000

5391
0000001

5392
1000000

5393
0011000

5394
0001000

5395
0100000

5396
0010000

5397
0000100

5398
0100000

5399
1000000

5400
0010000

5401
0000100

5402
0001000

5403
0001000

5404
1000000

5405
0000001

5406
1010000

5407
1000000

5408
0000001

5409
0001000

5410
0000001

5411
0001000

5412
0000100

5413
0000100

5414
0010000

5415
0010000

5416
1000000

5417
0001000

5418
1000000

5419
0001000

5420
0000001

5421
0000010

5422
0000001

5423
0100000

5424
1000000

5425
0100000

5426
0000010

5427
1000000

5428
0010000

5429
0000010

5430
0010000

5431
0100000

5432
1000000

5433
0010000

5434
0000001

5435
0001000

5436
0000010

5437
0100001

5438
0000100

5439
0000010

5440
0010100

5441
0000001

5442
0100000

5443
0000001

5444
0000001

5445
0000001

5446
0001010

5447
1000000

5448
0100000

5449
0000001

5450
0000001

5451
0000010

5452
0100000

5453
0000011

5454
0000100

5455
0000100

5456
0000100

5457
0000001

5458
1000000

5459
0100000

5460
1000000

5461
0010000

5462
0000100

5463
0000010

5464
0001000

5465
0000010

5466
0000100

5467
1001000

5468
0000001

5469
0000100

5470
0000010

5471
0100000

5472
1000000

5473
0000001

5474
1000000

5475
0010000

5476
0000001

5477
0000010

5478
0010000

5479
0000010

5480
0100000

5481
0000100

5482
0000001

5483
0000010

5484
0100000

5485
1000000

5486
0100000

5487
1000000

5488
0000100

5489
0000100

5490
0010000

5491
0000100

5492
0000001

5493
0010000

5494
0010000

5495
0100000

5496
0000010

5497
0000001

5498
0001000

5499
0100000

5500
0010000

5501
0000100

5502
0000100

5503
0000001

5504
0000001

5505
0000100

5506
0100000

5507
1000000

5508
0100000

5509
0000010

5510
1000000

5511
0001001

5512
0000100

5513
0010010

5514
0100000

5515
0100000

5516
0000010

5517
0100000

5518
0000010

5519
1000000

5520
1000000

5521
1000000

5522
0000100

5523
0100000

5524
0100000

5525
0000001

5526
0000001

5527
0010000

5528
1000000

5529
1000000

5530
0001000

5531
0001100

5532
0100000

5533
0100000

5534
0100000

5535
0000010

5536
0100000

5537
0000110

5538
0100000

5539
0000100

5540
0000001

5541
0000100

5542
0010000

5543
0001000

5544
0000010

5545
0001000

5546
0000100

5547
0000010

5548
0000001

5549
0000100

5550
0000001

5551
1000000

5552
0000010

5553
0100000

5554
0000010

5555
0001000

5556
0000100

5557
0001000

5558
0000010

5559
0101000

5560
0000010

5561
0100000

5562
1000000

5563
0100010

5564
0100001

5565
0000100

5566
0100000

5567
0000001

5568
0100000

5569
1000000

5570
0000001

5571
0000010

5572
0001000

5573
0000001

5574
1000000

5575
0100000

5576
0000001

5577
0000010

5578
1000000

5579
0110000

5580
0000010

5581
1000000

5582
0010000

5583
0010000

5584
0000010

5585
0000001

5586
0100000

5587
0010000

5588
1001000

5589
0000010

5590
1000000

5591
0000010

5592
0000010

5593
0000001

5594
1000000

5595
0000100

5596
1000000

5597
0000100

5598
0000010

5599
0000010

5600
0011001

5601
0000001

5602
0000100

5603
1000000

5604
0001000

5605
1000000

5606
0000100

5607
0001000

5608
0000010

5609
0000010

5610
0000001

5611
0000010

5612
0000010

5613
0000010

5614
0100000

5615
0000001

5616
0000010

5617
0000100

5618
1000000

5619
0000010

5620
0010000

5621
0100000

5622
0001000

5623
0001000

5624
1100000

5625
0000100

5626
0100000

5627
0001000

5628
1000000

5629
0100000

5630
0000100

5631
0100000

5632
0001000

5633
1000000

5634
0001000

5635
0000100

5636
0001000

5637
0000100

5638
1000000

5639
0010000

5640
0100000

5641
0001000

5642
0000001

5643
0010000

5644
0000001

5645
0000100

5646
0010000

5647
0000001

5648
1100000

5649
0001000

5650
0000010

5651
0100000

5652
0000010

5653
0000010

5654
0001000

5655
1000000

5656
0100000

5657
0000100

5658
0000100

5659
1000000

5660
0010000

5661
0001000

5662
0001000

5663
0000001

5664
0010000

5665
0100000

5666
0001000

5667
0100000

5668
0100000

5669
0001000

5670
0000110

5671
0000010

5672
0100001

5673
0100001

5674
1000000

5675
0000100

5676
0000001

5677
0100000

5678
0010000

5679
0000001

5680
0100000

5681
0000010

5682
0100000

5683
0100000

5684
0010000

5685
0000001

5686
0100000

5687
0100000

5688
0000010

5689
1000010

5690
0001000

5691
0000010

5692
0100000

5693
0000010

5694
0100000

5695
0100000

5696
0010000

5697
0000010

5698
0000100

5699
1000000

5700
1000000

5701
0000100

5702
0001000

5703
0000010

5704
0000001

5705
1000000

5706
0001000

5707
0010000

5708
0000010

5709
0101000

5710
0000100

5711
0000100

5712
0110000

5713
0001000

5714
0000010

5715
0001000

5716
0001000

5717
1000000

5718
1000000

5719
0000100

5720
0000100

5721
0001000

5722
0001000

5723
0001000

5724
0000100

5725
0000001

5726
0000001

5727
1001000

5728
0010000

5729
0100000

5730
0100000

5731
0000001

5732
0000001

5733
0000010

5734
0000001

5735
0001000

5736
0100000

5737
1000000

5738
0000010

5739
0000001

5740
0001000

5741
0100000

5742
0010000

5743
0000010

5744
1000000

5745
0010000

5746
0100000

5747
0000010

5748
0000001

5749
1000000

5750
0100000

5751
0010000

5752
0010000

5753
0010000

5754
0000100

5755
0010000

5756
1001000

5757
0010000

5758
0010000

5759
0000100

5760
0001000

5761
0001000

5762
0110000

5763
0000001

5764
0000010

5765
0001000

5766
0000010

5767
0000001

5768
0000010

5769
0100000

5770
0000001

5771
1100000

5772
0100000

5773
0001000

5774
0000100

5775
0000001

5776
0000010

5777
0000001

5778
1000000

5779
0000100

5780
0000100

5781
0001000

5782
0000100

5783
0000001

5784
0001000

5785
0010000

5786
0100000

5787
1111111

5788
0000010

5789
0010000

5790
0001000

5791
0000100

5792
0101000

5793
0000010

5794
0011000

5795
0100000

5796
0000010

5797
0000100

5798
0000001

5799
0000001

5800
0000010

5801
0000010

5802
0010000

5803
0000001

5804
0000001

5805
0000100

5806
0100000

5807
0100100

5808
0001000

5809
0000001

5810
1000000

5811
0000100

5812
0010000

5813
0000001

5814
0010000

5815
0010000

5816
1001000

5817
0000010

5818
0000010

5819
1000010

5820
0000010

5821
0000001

5822
0000010

5823
0001000

5824
0100000

5825
0001000

5826
0110100

5827
0000001

5828
0010000

5829
0000100

5830
0010000

5831
0001000

5832
0000010

5833
0010000

5834
1000000

5835
0001000

5836
0100000

5837
0010000

5838
0000001

5839
1000000

5840
0100000

5841
0000001

5842
0000001

5843
1000000

5844
0000100

5845
0100000

5846
0000010

5847
0000001

5848
0001000

5849
0010000

5850
1000000

5851
0000100

5852
0001000

5853
0100000

5854
0000100

5855
0010000

5856
0000100

5857
0000100

5858
0000001

5859
0100000

5860
0010000

5861
0000101

5862
0100000

5863
0011100

5864
1000000

5865
0010000

5866
0000010

5867
1000000

5868
0000001

5869
1000000

5870
0010000

5871
1000000

5872
0000100

5873
0000010

5874
0000001

5875
0000010

5876
0000100

5877
0000100

5878
0000100

5879
1000000

5880
0000010

5881
0100000

5882
0100000

5883
1000000

5884
0000100

5885
0100000

5886
0011000

5887
1000000

5888
0001000

5889
0001000

5890
0000001

5891
0100000

5892
0001000

5893
0001100

5894
0001000

5895
0000100

5896
0010000

5897
0000001

5898
0000001

5899
0000001

5900
0010000

5901
0000010

5902
0100000

5903
0100000

5904
0000010

5905
1000000

5906
0000001

5907
1000000

5908
0000010

5909
0000100

5910
0001000

5911
1000000

5912
0001000

5913
1000000

5914
0000001

5915
0010000

5916
0001000

5917
1000000

5918
0000100

5919
0010000

5920
0000100

5921
0100010

5922
0000010

5923
1000000

5924
0010000

5925
0001000

5926
0100000

5927
0100000

5928
0001000

5929
0001000

5930
0000010

5931
0010010

5932
0001000

5933
0100000

5934
0001000

5935
1000000

5936
1000000

5937
0010000

5938
1000100

5939
1000000

5940
0000001

5941
0000100

5942
1000000

5943
0101000

5944
0001000

5945
0001000

5946
0000001

5947
0000010

5948
0001000

5949
0000010

5950
0000001

5951
0010000

5952
0010000

5953
0010000

5954
0001000

5955
1000000

5956
0000001

5957
0001000

5958
1000000

5959
0001000

5960
0000010

5961
1000000

5962
0001000

5963
1000000

5964
1111111

5965
0000001

5966
0000001

5967
0000100

5968
0000001

5969
0000100

5970
0101000

5971
0100000

5972
0010000

5973
0000001

5974
1000000

5975
0010000

5976
0010000

5977
0000010

5978
0010000

5979
0100111

5980
0000100

5981
0100000

5982
0100000

5983
0001000

5984
0100000

5985
1000000

5986
0000010

5987
0000001

5988
0010000

5989
0100000

5990
0000100

5991
0000001

5992
0000010

5993
0001000

5994
0000100

5995
0001000

5996
1000000

5997
0000001

5998
0001000

5999
0000010

6000
0000010

6001
1000000

6002
0010001

6003
1000000

6004
0100001

6005
0000001

6006
0000010

6007
0000001

6008
0010000

6009
0000100

6010
0000010

6011
1000000

6012
0001100

6013
0000100

6014
0000100

6015
0000010

6016
0100000

6017
1000000

6018
1000000

6019
0010000

6020
0000010

6021
0010000

6022
0000010

6023
0000001

6024
0100000

6025
1000000

6026
0000010

6027
0000100

6028
0000011

6029
0010000

6030
1000010

6031
1000000

6032
1000100

6033
0000100

6034
0100000

6035
1000000

6036
0010000

6037
0010000

6038
0000001

6039
0001000

6040
0000001

6041
0001000

6042
0010000

6043
0001000

6044
0000001

6045
0001000

6046
0000100

6047
0000100

6048
0010000

6049
1000000

6050
0000001

6051
0001000

6052
0000010

6053
0001000

6054
0101000

6055
0001000

6056
0101000

6057
0010000

6058
0000010

6059
0000010

6060
0000100

6061
0000010

6062
0001000

6063
0001000

6064
0000001

6065
1000000

6066
0000100

6067
0001000

6068
0010000

6069
0010100

6070
0000001

6071
0001000

6072
0010000

6073
1000000

6074
0010000

6075
0100000

6076
0100000

6077
0001000

6078
0010000

6079
1000000

6080
1010000

6081
0000101

6082
1000000

6083
0010000

6084
1000000

6085
0000001

6086
0010000

6087
0001000

6088
1000000

6089
0100000

6090
0000100

6091
1000000

6092
0000100

6093
0000011

6094
0100001

6095
0000010

6096
0010000

6097
0000100

6098
0000001

6099
0000100

6100
0000100

6101
0000010

6102
0100000

6103
1000000

6104
0100000

6105
1100000

6106
0000100

6107
0000010

6108
0001000

6109
0000100

6110
0000010

6111
1000000

6112
0000100

6113
0100000

6114
0100000

6115
0000010

6116
0000001

6117
0100000

6118
1000000

6119
0001000

6120
0010000

6121
1000000

6122
0100000

6123
0110000

6124
0010000

6125
0000010

6126
0001000

6127
1000000

6128
1000000

6129
0000001

6130
0000100

6131
0000010

6132
0001000

6133
0000010

6134
0000010

6135
0000001

6136
0001001

6137
0000010

6138
0000001

6139
0010000

6140
1000000

6141
0000001

6142
0000010

6143
0010000

6144
1000000

6145
0000001

6146
1000000

6147
0000010

6148
1000000

6149
0100000

6150
0001000

6151
0000010

6152
0001000

6153
1000000

6154
0000010

6155
0001001

6156
0001000

6157
0000001

6158
0011001

6159
1010000

6160
0000010

6161
0010000

6162
0100000

6163
0010000

6164
0000010

6165
0000001

6166
0001000

6167
0000100

6168
0000010

6169
0000010

6170
0000001

6171
0010000

6172
0001000

6173
0100000

6174
0001000

6175
0000010

6176
0001000

6177
0100000

6178
1000001

6179
0010000

6180
0100000

6181
0100010

6182
0100000

6183
0000100

6184
0000100

6185
1000000

6186
0000001

6187
0010000

6188
0110000

6189
0000001

6190
0000010

6191
0000001

6192
0000010

6193
0010000

6194
0001000

6195
0001000

6196
0100000

6197
0000010

6198
0000010

6199
0000010

6200
0001000

6201
0011000

6202
0000010

6203
0100001

6204
0010000

6205
0100000

6206
0010000

6207
0001000

6208
0000001

6209
0100000

6210
0000001

6211
1000000

6212
1000000

6213
0100000

6214
0001000

6215
0010000

6216
0000001

6217
0000010

6218
0100000

6219
0001000

6220
0100000

6221
0010000

6222
0001000

6223
0000100

6224
1001000

6225
0000001

6226
0010000

6227
0001001

6228
0001000

6229
0000100

6230
0000001

6231
0001000

6232
0010000

6233
0100000

6234
1000000

6235
1000100

6236
1010000

6237
0010000

6238
0100000

6239
0010000

6240
0001000

6241
0000010

6242
0000010

6243
0100000

6244
0010000

6245
0010000

6246
0100000

6247
0001000

6248
0001000

6249
0000010

6250
0011000

6251
0000001

6252
0000100

6253
0000100

6254
0000001

6255
0001000

6256
0010000

6257
0000010

6258
1001100

6259
0000010

6260
0000100

6261
0000100

6262
0010000

6263
0000001

6264
0010000

6265
0000001

6266
0001000

6267
1000000

6268
0000100

6269
0001000

6270
1000000

6271
0001000

6272
0100000

6273
0100000

6274
0000100

6275
0000100

6276
1000000

6277
0001000

6278
0001000

6279
1000000

6280
0000001

6281
0001000

6282
0000001

6283
0000010

6284
1100000

6285
0010000

6286
0010000

6287
1001000

6288
1000000

6289
0001000

6290
0000001

6291
1111111

6292
0001000

6293
1000000

6294
0000100

6295
0000010

6296
1000001

6297
0000100

6298
0001000

6299
0100000

6300
0000001

6301
0100000

6302
0000001

6303
1000000

6304
0000001

6305
0100000

6306
0000001

6307
0110000

6308
0001000

6309
0000010

6310
0001000

6311
0000100

6312
0100000

6313
1000000

6314
0000100

6315
0000010

6316
0100000

6317
0001000

6318
0000010

6319
0010001

6320
0000100

6321
0001000

6322
0100000

6323
0100000

6324
0010000

6325
1000000

6326
1000000

6327
0000100

6328
0010000

6329
1000000

6330
0000001

6331
0001000

6332
0001000

6333
0100000

6334
0001000

6335
0000010

6336
0100000

6337
0000010

6338
0001000

6339
0000010

6340
0000001

6341
0000100

6342
1000000

6343
0100000

6344
0000001

6345
0010001

6346
0010010

6347
0010000

6348
0001100

6349
0100000

6350
0100000

6351
0000100

6352
0001000

6353
0100000

6354
0000001

6355
0010000

6356
0010000

6357
0000001

6358
1000000

6359
0001000

6360
0000010

6361
0000100

6362
0001000

6363
0000010

6364
0011000

6365
0000001

6366
0000010

6367
0010000

6368
1001010

6369
0100000

6370
0000010

6371
0000010

6372
0000100

6373
1000000

6374
1000000

6375
0001000

6376
0000001

6377
0000001

6378
0000010

6379
1000000

6380
0001000

6381
0001000

6382
0010000

6383
0000001

6384
1000000

6385
0010000

6386
0000010

6387
0010000

6388
0000010

6389
0000010

6390
1000000

6391
0000100

6392
1000000

6393
0100100

6394
0000010

6395
0100000

6396
0100000

6397
0010000

6398
0000010

6399
0000100

6400
0000001

6401
0110000

6402
0100000

6403
1000000

6404
0010000

6405
0010000

6406
0001000

6407
0100000

6408
0000001

6409
0001000

6410
1000000

6411
0001000

6412
0010000

6413
0000100

6414
0010000

6415
0000010

6416
1000000

6417
0100100

6418
0000010

6419
0000100

6420
0100000

6421
0000010

6422
0000100

6423
0000001

6424
0000100

6425
0100000

6426
0100000

6427
0100000

6428
0000100

6429
0010000

6430
1000000

6431
0000010

6432
0000001

6433
1000000

6434
0100000

6435
0000001

6436
0000100

6437
0000010

6438
0100000

6439
0000100

6440
0000100

6441
0001000

6442
0100000

6443
0000100

6444
1000000

6445
0000100

6446
0010000

6447
0000100

6448
0000100

6449
0000100

6450
0100000

6451
0001000

6452
0001000

6453
1000000

6454
0010000

6455
0100000

6456
0010100

6457
0000011

6458
0100000

6459
0001000

6460
0000001

6461
0000010

6462
0000010

6463
0010000

6464
0010000

6465
0000100

6466
0000100

6467
1000000

6468
0001000

6469
0100000

6470
1000000

6471
0010000

6472
0010000

6473
0001100

6474
1000000

6475
0001000

6476
1000001

6477
1000000

6478
0100000

6479
0000010

6480
0000010

6481
0000001

6482
0000001

6483
0010000

6484
0000010

6485
0000010

6486
0001000

6487
1000000

6488
1000001

6489
0000010

6490
1000000

6491
0000100

6492
0100000

6493
0000100

6494
0100000

6495
0010000

6496
0000001

6497
0000001

6498
0000001

6499
0000001

6500
1000000

6501
0001000

6502
0100000

6503
0000100

6504
0000100

6505
0000100

6506
0000100

6507
0001000

6508
0001000

6509
0010000

6510
0000100

6511
1000000

6512
0000001

6513
1000000

6514
0000100

6515
1000000

6516
0001000

6517
0100000

6518
1000000

6519
0000010

6520
0000010

6521
0000001

6522
0001000

6523
0100000

6524
0001000

6525
0011000

6526
0000010

6527
0000100

6528
0001100

6529
0000001

6530
0100000

6531
0000001

6532
1000000

6533
0100000

6534
0000100

6535
1000000

6536
0000010

6537
0000001

6538
0000010

6539
0000100

6540
0100000

6541
0011000

6542
0100000

6543
1000000

6544
0000001

6545
0100000

6546
0000010

6547
0000100

6548
0010000

6549
0000001

6550
0100000

6551
1000000

6552
0000100

6553
0000010

6554
0100000

6555
0000001

6556
0100000

6557
0000100

6558
0000001

6559
0000010

6560
1001000

6561
0000010

6562
0000100

6563
0010000

6564
0000001

6565
0010000

6566
0001000

6567
0100000

6568
1000000

6569
1000000

6570
0000010

6571
1000100

6572
1000000

6573
0000001

6574
0001000

6575
0100000

6576
0100000

6577
0000010

6578
0000001

6579
0100000

6580
1001010

6581
0010000

6582
0100000

6583
0010000

6584
0000100

6585
0100000

6586
0001000

6587
1000000

6588
0100000

6589
0010000

6590
1000000

6591
0000010

6592
0001010

6593
0001000

6594
0001000

6595
0010000

6596
0000100

6597
1000000

6598
0010010

6599
0000010

6600
0010000

6601
0100000

6602
0000100

6603
0000010

6604
0100000

6605
0010000

6606
0011000

6607
0001000

6608
0000010

6609
0000100

6610
0100000

6611
0000001

6612
1000000

6613
0100000

6614
0000001

6615
0001000

6616
1000000

6617
0000100

6618
0100000

6619
0001000

6620
0000010

6621
1000000

6622
1000000

6623
0100000

6624
0000010

6625
0000001

6626
0100000

6627
0100000

6628
0010010

6629
0100000

6630
0000001

6631
0010000

6632
0001000

6633
0010000

6634
0110000

6635
0000001

6636
0010000

6637
0001000

6638
0100000

6639
0100000

6640
0000100

6641
0001000

6642
0000001

6643
0000010

6644
1000000

6645
0001000

6646
0000010

6647
0010000

6648
0000001

6649
1000000

6650
0000100

6651
0010000

6652
0000100

6653
0001000

6654
0010000

6655
1000000

6656
0000010

6657
0000001

6658
0100000

6659
0010000

6660
0000011

6661
1000000

6662
0001000

6663
0000100

6664
0000100

6665
1000000

6666
1000000

6667
0100000

6668
0001000

6669
0001000

6670
0001000

6671
0100000

6672
0001000

6673
0100000

6674
0000010

6675
0000001

6676
0011000

6677
0000100

6678
1000000

6679
0000001

6680
0100100

6681
0100000

6682
0100000

6683
1000000

6684
0001000

6685
0000001

6686
0000101

6687
1000000

6688
1000010

6689
0100000

6690
0010000

6691
0010000

6692
0010010

6693
0000010

6694
0001000

6695
0000010

6696
1000000

6697
0110000

6698
0000100

6699
0010000

6700
0100000

6701
0110000

6702
1000000

6703
1000000

6704
0000001

6705
0000100

6706
1000000

6707
0010000

6708
0010000

6709
0010000

6710
1000000

6711
0000100

6712
0010000

6713
0000100

6714
0010000

6715
1000000

6716
1001000

6717
0000100

6718
0000001

6719
0100000

6720
0000001

6721
0010000

6722
0000010

6723
0100000

6724
0000010

6725
1000000

6726
1000000

6727
0000100

6728
0010000

6729
1000000

6730
1000001

6731
0100000

6732
0000100

6733
0000010

6734
1000000

6735
0000001

6736
0001000

6737
0000010

6738
0000001

6739
0000100

6740
0010000

6741
0100000

6742
0001010

6743
0010000

6744
0001000

6745
1000000

6746
0001100

6747
0010001

6748
0000010

6749
0100000

6750
0001000

6751
0010000

6752
0001000

6753
0000100

6754
0000100

6755
0100000

6756
0010000

6757
1000000

6758
0010000

6759
0000001

6760
0010000

6761
0001000

6762
0001010

6763
0000100

6764
0010000

6765
0000100

6766
0100000

6767
0000001

6768
0000100

6769
0001010

6770
0000010

6771
1000000

6772
0001000

6773
0010000

6774
0100000

6775
0000001

6776
0001000

6777
0000010

6778
0000100

6779
0000110

6780
0000010

6781
0000001

6782
0010000

6783
1000000

6784
0001000

6785
0001000

6786
1000100

6787
1000000

6788
1001000

6789
0000011

6790
0010000

6791
0001000

6792
0010000

6793
1100010

6794
1000000

6795
0001000

6796
0100000

6797
0001000

6798
0100000

6799
1000000

6800
0000010

6801
0001000

6802
0010000

6803
0000010

6804
0000010

6805
0000001

6806
0000010

6807
0001000

6808
0000010

6809
0000010

6810
1010000

6811
0000100

6812
0100000

6813
0010000

6814
0000001

6815
0001000

6816
0010000

6817
0000100

6818
0000010

6819
0001000

6820
1000000

6821
0001000

6822
0100000

6823
0000001

6824
0010000

6825
0000100

6826
0000010

6827
0000010

6828
0001000

6829
0001000

6830
0000100

6831
0100000

6832
0000010

6833
0000001

6834
1000000

6835
0010000

6836
0100000

6837
0000100

6838
0001000

6839
0100000

6840
0100000

6841
0000100

6842
0100000

6843
1000000

6844
0000010

6845
0100000

6846
0100100

6847
0100000

6848
0000100

6849
0010000

6850
0010000

6851
1000000

6852
0000100

6853
1000000

6854
0000100

6855
0100000

6856
0000010

6857
0100000

6858
0000001

6859
1000000

6860
0001010

6861
0000100

6862
0000100

6863
0010000

6864
0000010

6865
0100000

6866
1100000

6867
0100000

6868
1000001

6869
0001000

6870
0001000

6871
1000000

6872
1000000

6873
0000100

6874
1000000

6875
0000010

6876
0001000

6877
0010000

6878
0010000

6879
0000001

6880
1000000

6881
0000010

6882
0001000

6883
0001000

6884
0000001

6885
0000010

6886
0000100

6887
0000010

6888
0010000

6889
0010000

6890
0001000

6891
0000100

6892
0000100

6893
0000100

6894
1000000

6895
1000000

6896
0000001

6897
0010010

6898
0100000

6899
0100000

6900
0001000

6901
0010000

6902
0000010

6903
0100000

6904
0000100

6905
0010000

6906
0100000

6907
0010000

6908
1000000

6909
1000000

6910
1000000

6911
0010000

6912
0010000

6913
0000001

6914
0100000

6915
1000000

6916
1000000

6917
0100000

6918
1000000

6919
0000100

6920
0001000

6921
1000000

6922
0000010

6923
0000001

6924
0000100

6925
0000010

6926
0000010

6927
0011010

6928
0000100

6929
0000001

6930
0100000

6931
0100000

6932
1000000

6933
0100000

6934
1000000

6935
0100000

6936
1000000

6937
0100000

6938
0000010

6939
0100000

6940
1000000

6941
0010000

6942
0000100

6943
0100000

6944
0000001

6945
0000100

6946
0000010

6947
0000010

6948
1000100

6949
0000001

6950
1000000

6951
0001000

6952
0010000

6953
0010000

6954
0001000

6955
0100000

6956
0100000

6957
0000011

6958
0000001

6959
0100000

6960
0100000

6961
0010000

6962
0000100

6963
0000100

6964
0010000

6965
0000001

6966
0100100

6967
0000010

6968
0010000

6969
0000100

6970
0100000

6971
0001000

6972
0000100

6973
0100000

6974
0100000

6975
0000100

6976
0001000

6977
0010000

6978
0010000

6979
0011000

6980
0010000

6981
0100000

6982
0010000

6983
0010000

6984
1000000

6985
0010000

6986
0001000

6987
1000000

6988
0010000

6989
0010000

6990
0010000

6991
0000100

6992
0000100

6993
0000010

6994
0000001

6995
0000001

6996
1000000

6997
0100000

6998
1000000

6999
0010000

7000
1000010

7001
1000000

7002
0000100

7003
0001000

7004
1010000

7005
0000100

7006
0000010

7007
0000001

7008
0100000

7009
0001000

7010
0000010

7011
0000100

7012
0000001

7013
0010000

7014
0100000

7015
0001000

7016
0010000

7017
0000100

7018
0000010

7019
0000001

7020
0100000

7021
0000010

7022
0000010

7023
0000100

7024
0011100

7025
0000100

7026
0010000

7027
1000000

7028
0001000

7029
0010000

7030
0000010

7031
0010000

7032
1000000

7033
0001000

7034
0001000

7035
0100000

7036
0010000

7037
0100000

7038
0001000

7039
0000001

7040
0100000

7041
0000100

7042
0000010

7043
0000100

7044
0000001

7045
0000100

7046
1000000

7047
0001000

7048
0000001

7049
0000001

7050
0000100

7051
0000001

7052
0001000

7053
0000010

7054
0010000

7055
0000010

7056
0001000

7057
0001000

7058
0001000

7059
0000001

7060
0001000

7061
0001001

7062
0100000

7063
0100000

7064
0010000

7065
0010000

7066
1000000

7067
1000000

7068
0000010

7069
0100000

7070
0001000

7071
0100000

7072
0100000

7073
0010000

7074
0100000

7075
0000010

7076
1000000

7077
0010000

7078
0101000

7079
0000100

7080
0010000

7081
0001000

7082
0000100

7083
1000000

7084
0000010

7085
0001000

7086
0001000

7087
0001000

7088
0000010

7089
0000010

7090
0000010

7091
0001000

7092
1000000

7093
0010000

7094
0100000

7095
0000100

7096
0000100

7097
0000100

7098
0010000

7099
0001100

7100
0000010

7101
0000100

7102
0000100

7103
0000010

7104
0010000

7105
0100000

7106
0100000

7107
0000010

7108
0000010

7109
1010000

7110
0001100

7111
0000001

7112
0000001

7113
0001000

7114
0001000

7115
1000000

7116
0000010

7117
1000000

7118
0100000

7119
0001000

7120
0000001

7121
0010000

7122
0010000

7123
0000100

7124
0100000

7125
0000001

7126
0010000

7127
0001000

7128
1000000

7129
0000100

7130
0100000

7131
0000100

7132
1000000

7133
0001000

7134
0100000

7135
0000001

7136
1000000

7137
0000010

7138
0010000

7139
0010000

7140
0100000

7141
1000000

7142
0000100

7143
0010000

7144
0000001

7145
0000011

7146
0000100

7147
0000100

7148
1000000

7149
0010000

7150
0001000

7151
1000000

7152
1000000

7153
0000100

7154
1000000

7155
0010000

7156
0000100

7157
0010001

7158
0000100

7159
0010000

7160
0001000

7161
0000100

7162
0100001

7163
0000100

7164
0100000

7165
0000110

7166
1000000

7167
1000000

7168
0001000

7169
1000000

7170
0010000

7171
0001000

7172
0000001

7173
1000000

7174
1000100

7175
0001000

7176
0000010

7177
0000001

7178
0001000

7179
0000100

7180
0000100

7181
0000010

7182
0000010

7183
0000010

7184
0000100

7185
0010000

7186
0100010

7187
0000100

7188
0000001

7189
0001000

7190
0000100

7191
0100000

7192
0000100

7193
1000000

7194
0000001

7195
0001000

7196
0100000

7197
0000100

7198
0000010

7199
0000100

7200
0000100

7201
0000010

7202
0100000

7203
0001000

7204
0001000

7205
0000010

7206
0000001

7207
1000000

7208
0000001

7209
0000001

7210
1000000

7211
0010000

7212
0000100

7213
0100000

7214
0000100

7215
0000100

7216
0010000

7217
0100000

7218
0100000

7219
0100000

7220
0000100

7221
1000000

7222
0000010

7223
0011000

7224
0000110

7225
0100000

7226
0000010

7227
0000100

7228
1000000

7229
0100000

7230
1000000

7231
0000010

7232
0000001

7233
0000100

7234
0000100

7235
0000010

7236
1000100

7237
0000010

7238
0001000

7239
0000100

7240
0100000

7241
0000100

7242
0001000

7243
0000010

7244
0000001

7245
0001000

7246
0000010

7247
0001000

7248
0010000

7249
1100000

7250
0000100

7251
0100000

7252
0000100

7253
0010000

7254
0000100

7255
0000001

7256
0100000

7257
0110000

7258
0001000

7259
0000010

7260
0001000

7261
0000010

7262
0000010

7263
1000000

7264
0000001

7265
0000001

7266
0000010

7267
0000100

7268
0000010

7269
1000000

7270
0000001

7271
1000000

7272
0100000

7273
1000000

7274
0000001

7275
0000100

7276
0000010

7277
0001000

7278
0000100

7279
0100000

7280
0100000

7281
0010000

7282
1000000

7283
0001000

7284
0100000

7285
0100000

7286
0001000

7287
0010000

7288
0000100

7289
1000000

7290
0000001

7291
0000010

7292
0001000

7293
0000001

7294
0100000

7295
0000100

7296
0001000

7297
0000010

7298
0010000

7299
0000010

7300
1000000

7301
0100000

7302
0000100

7303
0000100

7304
0010000

7305
0001000

7306
0000001

7307
1000000

7308
0000010

7309
1000000

7310
0000001

7311
0000010

7312
0100000

7313
0000100

7314
0000100

7315
0000100

7316
0000010

7317
0000001

7318
0000010

7319
0001000

7320
0000001

7321
0010000

7322
0000010

7323
0001010

7324
0000010

7325
0001000

7326
0100000

7327
1100000

7328
0000100

7329
0000100

7330
0001000

7331
0010010

7332
1000000

7333
0000100

7334
0100000

7335
0001000

7336
0000100

7337
0000110

7338
0000010

7339
0000100

7340
1000000

7341
0000010

7342
1000000

7343
0000001

7344
0001000

7345
0000100

7346
1000000

7347
0100000

7348
0000010

7349
0010000

7350
0001000

7351
0000001

7352
0100000

7353
0000010

7354
0100000

7355
0000001

7356
0000001

7357
0000010

7358
0001000

7359
0000100

7360
0001000

7361
0000001

7362
0101000

7363
0100000

7364
1000000

7365
0000001

7366
0100000

7367
0000100

7368
0001000

7369
0001000

7370
0000100

7371
0000010

7372
0100000

7373
0001001

7374
0000100

7375
1000000

7376
0110000

7377
0100000

7378
0000010

7379
0001000

7380
1000000

7381
0001000

7382
0000001

7383
0000011

7384
0001000

7385
0000001

7386
0000001

7387
0000010

7388
0000001

7389
0000001

7390
0000010

7391
0000001

7392
0100000

7393
0010001

7394
0100000

7395
0001000

7396
0000001

7397
0010000

7398
0000100

7399
1000000

7400
0000010

7401
0000100

7402
0000100

7403
0001000

7404
0001000

7405
1010000

7406
0001000

7407
0011000

7408
1000000

7409
0000001

7410
1000000

7411
0000001

7412
0000010

7413
0000001

7414
0000001

7415
1000000

7416
0000100

7417
0001000

7418
0100000

7419
0100000

7420
0010000

7421
0010000

7422
0100000

7423
0010000

7424
0000100

7425
0010000

7426
1000000

7427
0000010

7428
0010000

7429
1000000

7430
1001000

7431
0000100

7432
0000010

7433
0000001

7434
0001000

7435
1000000

7436
0000001

7437
0001000

7438
0010000

7439
1001000

7440
0100000

7441
0010000

7442
0100000

7443
0000100

7444
1000100

7445
1000000

7446
0000101

7447
0001000

7448
0100000

7449
0100000

7450
0001000

7451
0000010

7452
0001000

7453
0000010

7454
0000100

7455
0000100

7456
0010001

7457
0000001

7458
0000100

7459
0000100

7460
1001001

7461
0000100

7462
0010000

7463
1000000

7464
0001000

7465
0000001

7466
0010000

7467
0000001

7468
0000010

7469
0000010

7470
0000100

7471
0001000

7472
0000100

7473
0100000

7474
0010000

7475
0000010

7476
0010000

7477
1000000

7478
0100000

7479
0000001

7480
0100000

7481
0001000

7482
0001000

7483
0000010

7484
0000010

7485
0010000

7486
0000110

7487
0100000

7488
0010000

7489
0000100

7490
0000001

7491
0100000

7492
0010000

7493
1000000

7494
0000010

7495
0010000

7496
0000001

7497
0000100

7498
0001000

7499
0100000

7500
1000000

7501
0000100

7502
0100000

7503
1000000

7504
0000001

7505
0100000

7506
0100000

7507
1000000

7508
0010011

7509
1000000

7510
0010000

7511
0010000

7512
0000010

7513
0000010

7514
0000100

7515
0000001

7516
0100000

7517
0000010

7518
0000001

7519
0010000

7520
0000010

7521
1000000

7522
0010010

7523
1000001

7524
0010010

7525
0000100

7526
0100000

7527
0000001

7528
1010000

7529
0000100

7530
0001000

7531
0000100

7532
0000001

7533
0000010

7534
0001000

7535
1000000

7536
0001000

7537
0001001

7538
0000100

7539
0010000

7540
0000100

7541
1000000

7542
0000001

7543
0001000

7544
0001000

7545
1000000

7546
0100000

7547
0000011

7548
0000010

7549
0001000

7550
1000000

7551
1000000

7552
0000100

7553
0000010

7554
0001000

7555
0010000

7556
1000000

7557
0000100

7558
0001000

7559
1000000

7560
0001000

7561
0100000

7562
0000100

7563
0001000

7564
1000000

7565
0010000

7566
0000100

7567
0000010

7568
0001000

7569
0000010

7570
0000100

7571
0000001

7572
1000000

7573
0000100

7574
0001000

7575
0001000

7576
0001000

7577
0001000

7578
0001000

7579
1000000

7580
0000010

7581
1000010

7582
0000001

7583
0000100

7584
0000010

7585
0000001

7586
0000001

7587
0000001

7588
0000100

7589
0001000

7590
0100000

7591
0100000

7592
0010000

7593
0000010

7594
0000010

7595
0000100

7596
1000000

7597
0010000

7598
1000000

7599
0001001

7600
0010001

7601
0001010

7602
0010000

7603
0001000

7604
0100000

7605
0010001

7606
0100100

7607
0100000

7608
1000000

7609
0000100

7610
0100000

7611
0000100

7612
1000000

7613
0100000

7614
0000010

7615
0000100

7616
0000100

7617
0001000

7618
0010000

7619
0000001

7620
0000001

7621
0000001

7622
1000000

7623
0010000

7624
0100000

7625
0100000

7626
1000000

7627
0001000

7628
0100000

7629
0000001

7630
1000000

7631
1000000

7632
0001001

7633
0010000

7634
0010000

7635
0000100

7636
0010000

7637
0001000

7638
0000100

7639
0000001

7640
0010000

7641
1000000

7642
1000000

7643
0001000

7644
0000100

7645
0000001

7646
0001000

7647
0100000

7648
1000000

7649
0000010

7650
0001000

7651
0010000

7652
0000001

7653
0000001

7654
0000100

7655
0001000

7656
0000010

7657
0010001

7658
0000100

7659
0100000

7660
0000100

7661
0000001

7662
0001000

7663
0000001

7664
0100001

7665
0001000

7666
1000000

7667
0000010

7668
0000010

7669
0001000

7670
1000010

7671
0100000

7672
0000100

7673
1000000

7674
0000010

7675
0000100

7676
0000011

7677
0001000

7678
0010000

7679
0000100

7680
0000010

7681
0000010

7682
0000100

7683
0010000

7684
1000000

7685
0000100

7686
0010000

7687
0000001

7688
0000001

7689
0000101

7690
0000100

7691
0000010

7692
0000001

7693
0000001

7694
0100000

7695
0001000

7696
0010000

7697
1000000

7698
0000100

7699
0000010

7700
0010010

7701
0000101

7702
0000100

7703
0010000

7704
0000100

7705
0000010

7706
0000001

7707
0100000

7708
0000100

7709
0000100

7710
0000001

7711
0000001

7712
0110100

7713
0010000

7714
0001000

7715
1000000

7716
0000001

7717
1000000

7718
0000011

7719
0100000

7720
0000100

7721
0000001

7722
0010000

7723
0100000

7724
0000001

7725
0100000

7726
0001000

7727
0100000

7728
1000000

7729
0100000

7730
0000001

7731
0100001

7732
1000000

7733
0000010

7734
0000100

7735
0001000

7736
1000000

7737
0000001

7738
0010000

7739
0001000

7740
0000001

7741
0010000

7742
1100000

7743
0001000

7744
0000010

7745
1000000

7746
0100000

7747
0000100

7748
0000001

7749
0000001

7750
0100000

7751
0001000

7752
0000100

7753
0000010

7754
0000100

7755
0100000

7756
0001000

7757
0000001

7758
0010000

7759
0000010

7760
0000100

7761
0000010

7762
0100000

7763
0010000

7764
1100010

7765
0000001

7766
0100000

7767
0001000

7768
1000000

7769
0000010

7770
0000100

7771
1000000

7772
0000010

7773
0000001

7774
0000010

7775
0000010

7776
0001000

7777
0000001

7778
0000001

7779
0000001

7780
0100000

7781
0000100

7782
0000010

7783
0000001

7784
0000001

7785
0000010

7786
0000001

7787
0001000

7788
0100000

7789
0000001

7790
1000000

7791
0001000

7792
0000010

7793
0100000

7794
0000001

7795
0000100

7796
0100000

7797
0001000

7798
0100000

7799
0000010

7800
0000001

7801
0010000

7802
0000010

7803
1100000

7804
0000001

7805
0010000

7806
0010000

7807
0000100

7808
0001000

7809
0000010

7810
0100000

7811
0000010

7812
0010000

7813
0100000

7814
0000001

7815
0100000

7816
0100000

7817
0000001

7818
0000100

7819
0000001

7820
0000100

7821
0100000

7822
0000001

7823
1000000

7824
0000001

7825
0010000

7826
0010000

7827
0000010

7828
0001000

7829
1000000

7830
0010000

7831
0100000

7832
0000001

7833
0010000

7834
0001000

7835
0000010

7836
1000000

7837
0010000

7838
0000011

7839
1000000

7840
0010000

7841
0000100

7842
0011000

7843
0000100

7844
0000100

7845
0100000

7846
0100000

7847
0001000

7848
0000001

7849
0000001

7850
1011000

7851
0001000

7852
1000000

7853
1100000

7854
0000100

7855
0001000

7856
1000000

7857
0001000

7858
0010000

7859
0010000

7860
0000100

7861
0100000

7862
0000010

7863
0010000

7864
0000001

7865
0000100

7866
0100000

7867
1000000

7868
0000010

7869
1000000

7870
1000000

7871
0001000

7872
1000000

7873
1000000

7874
0000100

7875
0001000

7876
0000100

7877
1000100

7878
0000100

7879
1000000

7880
1000000

7881
0100000

7882
0000010

7883
1000100

7884
0010000

7885
0000100

7886
0010000

7887
0001000

7888
0101000

7889
0000001

7890
0010000

7891
0000100

7892
0000100

7893
0100000

7894
0101000

7895
1000000

7896
0010000

7897
0001000

7898
0001001

7899
0000010

7900
0001000

7901
0010000

7902
0010000

7903
0000010

7904
0001000

7905
0000010

7906
0000001

7907
1000000

7908
0000010

7909
0010000

7910
0000001

7911
0000010

7912
0000001

7913
1000000

7914
0100000

7915
0000001

7916
0000001

7917
0000001

7918
1000000

7919
0001000

7920
0000010

7921
0000100

7922
0000001

7923
0000001

7924
0000010

7925
0100000

7926
0001000

7927
0000010

7928
0010000

7929
0000100

7930
0000100

7931
1000110

7932
0010000

7933
0000010

7934
0000010

7935
0001000

7936
1000000

7937
1010000

7938
0000100

7939
0000001

7940
1000000

7941
1000001

7942
0100000

7943
0001000

7944
0100000

7945
0100000

7946
1000000

7947
0000100

7948
0001000

7949
0011000

7950
0000001

7951
0001000

7952
0001000

7953
0001000

7954
0100000

7955
0010000

7956
0000010

7957
1000000

7958
0001000

7959
0001001

7960
1000000

7961
0100000

7962
0001000

7963
0000010

7964
1000000

7965
1000000

7966
0100000

7967
0000100

7968
0000100

7969
0000100

7970
0000100

7971
0001000

7972
0000101

7973
0000001

7974
0000001

7975
0100000

7976
0110000

7977
0000010

7978
0000001

7979
0000001

7980
0001000

7981
0000100

7982
0000010

7983
0000001

7984
0100000

7985
0000010

7986
0001000

7987
1111111

7988
0000010

7989
0000001

7990
0000010

7991
0010101

7992
0000010

7993
0001000

7994
0000010

7995
0000100

7996
0010000

7997
0010001

7998
0000001

7999
0100000

8000
0001000

8001
0000010

8002
0000001

8003
1000000

8004
0001010

8005
0000100

8006
1000000

8007
0000100

8008
0000001

8009
0000100

8010
0010000

8011
0000001

8012
0010000

8013
0000001

8014
0000100

8015
0001000

8016
0100000

8017
0001000

8018
0000001

8019
0000100

8020
0000001

8021
0000100

8022
0001000

8023
1000001

8024
1000000

8025
0000100

8026
0000001

8027
1000100

8028
0000100

8029
0100000

8030
1000000

8031
0000100

8032
0000010

8033
0001000

8034
0010000

8035
0000010

8036
0000001

8037
0100000

8038
0001000

8039
0000100

8040
0000100

8041
0000001

8042
0000001

8043
0001000

8044
1000000

8045
0000100

8046
0100000

8047
0000001

8048
0000001

8049
0000010

8050
0000001

8051
0000100

8052
0000001

8053
0100000

8054
0000100

8055
0000001

8056
0001001

8057
0000100

8058
0001000

8059
0001000

8060
0010000

8061
0000010

8062
0000010

8063
0001000

8064
0001000

8065
0000100

8066
0100000

8067
0010001

8068
0000100

8069
0000001

8070
0001010

8071
0100000

8072
0001100

8073
0100000

8074
0100000

8075
0100010

8076
0000100

8077
0000100

8078
0000010

8079
0001000

8080
1000000

8081
0000001

8082
0000100

8083
0100000

8084
1000000

8085
0000010

8086
0000010

8087
0001000

8088
1111111

8089
1010000

8090
0001000

8091
0000001

8092
0000100

8093
0010000

8094
1000000

8095
0000010

8096
0000001

8097
0100000

8098
1000000

8099
0000001

8100
0001000

8101
0000100

8102
0010000

8103
0010000

8104
0000001

8105
0000100

8106
1000000

8107
1000000

8108
0010000

8109
0100000

8110
0000100

8111
0000100

8112
0100000

8113
0000001

8114
1000000

8115
0001000

8116
1000000

8117
0100000

8118
0000001

8119
0110000

8120
1000000

8121
0100000

8122
0000100

8123
0010000

8124
0000010

8125
0000010

8126
0000001

8127
0000001

8128
0011000

8129
0010000

8130
0010000

8131
0000010

8132
0000010

8133
0100000

8134
0000100

8135
0001000

8136
0001000

8137
0000100

8138
0010000

8139
0010000

8140
1000000

8141
1000001

8142
0000001

8143
1000000

8144
0001000

8145
0001000

8146
0000100

8147
0000001

8148
1000000

8149
0000010

8150
0000001

8151
0001000

8152
0000100

8153
0100000

8154
0000001

8155
0001000

8156
0000010

8157
0000010

8158
0001000

8159
0001000

8160
0100000

8161
0010000

8162
0010000

8163
1000000

8164
0000100

8165
0100000

8166
0001000

8167
1000000

8168
0000100

8169
0010000

8170
0001000

8171
1000000

8172
1000000

8173
0000001

8174
0000100

8175
0100000

8176
0001000

8177
0001000

8178
1000000

8179
0011000

8180
1000000

8181
0000001

8182
0000010

8183
1000000

8184
0000010

8185
0000010

8186
0000001

8187
0001000

8188
1000000

8189
0001000

8190
0000011

8191
0100000

8192
0000100

8193
0010000

8194
0000100

8195
0000010

8196
0000100

8197
0000010

8198
0100000

8199
0000010

8200
0010000

8201
1000000

8202
0010000

8203
0100000

8204
0100000

8205
0010000

8206
0100000

8207
0000100

8208
0100000

8209
0000100

8210
0000010

8211
0000010

8212
0000010

8213
0000010

8214
0001000

8215
0000010

8216
0100000

8217
1000000

8218
0000001

8219
1000000

8220
0000010

8221
0000100

8222
1000000

8223
0000100

8224
0000001

8225
0100000

8226
0010000

8227
0000100

8228
0010000

8229
1001000

8230
0000100

8231
0000100

8232
0000010

8233
1000000

8234
0010000

8235
0000010

8236
0000100

8237
0000100

8238
1100000

8239
0010000

8240
0100000

8241
0000001

8242
0000001

8243
0001100

8244
0001000

8245
0000010

8246
1000000

8247
0100000

8248
0100000

8249
0000100

8250
0000100

8251
0000001

8252
0001000

8253
0000001

8254
0000100

8255
0001000

8256
0010000

8257
0001000

8258
0000001

8259
0000001

8260
0000011

8261
0100000

8262
0100000

8263
0000001

8264
1000000

8265
0000010

8266
0100000

8267
1000000

8268
0000100

8269
0000001

8270
0000010

8271
0001000

8272
0000100

8273
0010000

8274
0000001

8275
0000001

8276
1000000

8277
0000001

8278
0100000

8279
1000000

8280
0001000

8281
0000010

8282
0010000

8283
0100000

8284
0001000

8285
0000100

8286
0000100

8287
0100000

8288
0000110

8289
0000100

8290
0000001

8291
0001000

8292
0000010

8293
1000000

8294
0000001

8295
0000001

8296
0100000

8297
1000000

8298
1000000

8299
0000010

8300
0001000

8301
0000100

8302
0000100

8303
1000000

8304
1000000

8305
0100000

8306
0100100

8307
0000010

8308
0000101

8309
0001000

8310
0000010

8311
0011010

8312
0001000

8313
0010000

8314
1000000

8315
0010000

8316
0000100

8317
0001000

8318
0100000

8319
0010000

8320
1000100

8321
0000001

8322
0001000

8323
0001000

8324
1000000

8325
0001000

8326
0000010

8327
0010000

8328
0100010

8329
1000000

8330
0000001

8331
0100001

8332
1000000

8333
0000100

8334
0100000

8335
1000000

8336
0010000

8337
0100000

8338
0001000

8339
1000000

8340
0001000

8341
0010000

8342
0000001

8343
0000001

8344
0001000

8345
0000010

8346
0010000

8347
0000010

8348
0000001

8349
1000000

8350
0001000

8351
0100000

8352
1000000

8353
0001000

8354
1000000

8355
0000100

8356
0000010

8357
0000010

8358
0000010

8359
1000000

8360
0100000

8361
1000000

8362
0001000

8363
0000001

8364
0000010

8365
0000001

8366
0000100

8367
0010100

8368
1000000

8369
0100000

8370
0000100

8371
0100000

8372
0000011

8373
0010000

8374
0000001

8375
0010000

8376
0001000

8377
0000010

8378
0000001

8379
1000000

8380
0001000

8381
0000010

8382
0001000

8383
1000000

8384
0100000

8385
0010000

8386
0000010

8387
0010000

8388
1000000

8389
0010001

8390
0000100

8391
0001000

8392
0100000

8393
0000010

8394
0001000

8395
1000010

8396
0010000

8397
0010000

8398
0000001

8399
1000010

8400
1000000

8401
0000100

8402
0000010

8403
1000000

8404
0000001

8405
1000000

8406
0000010

8407
0001000

8408
0000001

8409
0010000

8410
0000010

8411
0011000

8412
0010000

8413
0101000

8414
0000010

8415
0010000

8416
0000100

8417
1000000

8418
0100000

8419
0100000

8420
0001000

8421
0000010

8422
0000010

8423
0100000

8424
0000001

8425
0010000

8426
0001000

8427
0000001

8428
0100000

8429
0001000

8430
0000100

8431
1000000

8432
0100000

8433
0100000

8434
0100000

8435
0000010

8436
0000100

8437
0000010

8438
0000010

8439
1000000

8440
0000010

8441
0000010

8442
0000001

8443
0001010

8444
1000100

8445
1000000

8446
0000100

8447
0010000

8448
0000100

8449
1010000

8450
0001000

8451
0001000

8452
0000001

8453
1000000

8454
0000100

8455
0001000

8456
1000000

8457
0000001

8458
0100000

8459
0100000

8460
0001000

8461
0100000

8462
0010000

8463
0100000

8464
0000010

8465
0000100

8466
0000010

8467
0010100

8468
0000001

8469
0100000

8470
0000010

8471
0000001

8472
0000001

8473
0000001

8474
0000010

8475
0100010

8476
0000010

8477
0010001

8478
0011000

8479
0000010

8480
0000010

8481
0000001

8482
0101010

8483
0010000

8484
0000100

8485
0001000

8486
0000100

8487
0000001

8488
0100000

8489
0001000

8490
0000010

8491
1000000

8492
0010000

8493
0010000

8494
1111111

8495
0011000

8496
0000010

8497
0000010

8498
0100000

8499
0000100

8500
1000000

8501
1000000

8502
0000010

8503
0000010

8504
0010000

8505
0010000

8506
1000000

8507
0000001

8508
0010000

8509
0000100

8510
0100000

8511
0100000

8512
0001000

8513
0100000

8514
0000001

8515
0000010

8516
0000001

8517
0001000

8518
0001000

8519
0100000

8520
0001000

8521
0000010

8522
0010000

8523
0010000

8524
0000001

8525
0000001

8526
0001000

8527
0000001

8528
1000000

8529
0010000

8530
0001000

8531
0000010

8532
0000010

8533
0001100

8534
0100000

8535
0100001

8536
0100000

8537
1000000

8538
0000100

8539
0001000

8540
1000000

8541
1000000

8542
0100000

8543
0000010

8544
0010000

8545
0000010

8546
0000001

8547
0000100

8548
0000100

8549
0000100

8550
0000001

8551
0100000

8552
0010000

8553
1000000

8554
0010000

8555
0100000

8556
0001000

8557
1000000

8558
0000001

8559
1000000

8560
0010000

8561
0010000

8562
0110101

8563
0000001

8564
0100000

8565
0000010

8566
0001000

8567
0000100

8568
1000000

8569
0000010

8570
0000001

8571
0100000

8572
1000000

8573
0000100

8574
0001000

8575
0001000

8576
0000001

8577
1000000

8578
0000001

8579
0000100

8580
0010000

8581
1000000

8582
0100000

8583
0000010

8584
0100000

8585
0000010

8586
0010100

8587
0000001

8588
0001000

8589
0000001

8590
0010010

8591
0000010

8592
0000010

8593
1000000

8594
0100000

8595
0100000

8596
0000100

8597
0010000

8598
0000001

8599
0000010

8600
1001000

8601
0000001

8602
1000001

8603
0100000

8604
0000001

8605
0001000

8606
0000100

8607
0001100

8608
1000000

8609
0000100

8610
0010000

8611
0001000

8612
0000001

8613
1000001

8614
0001000

8615
0001000

8616
1000000

8617
0100000

8618
1000000

8619
1000100

8620
1000000

8621
0010000

8622
0001000

8623
0000001

8624
0000010

8625
1000000

8626
0000010

8627
0000001

8628
0010000

8629
0010000

8630
0000010

8631
1000000

8632
0010000

8633
0010000

8634
1000000

8635
0100000

8636
0000010

8637
1000000

8638
1000000

8639
0000100

8640
0000010

8641
0000001

8642
0100000

8643
0000010

8644
0000001

8645
0001000

8646
0100000

8647
0000100

8648
0000001

8649
0000010

8650
0010000

8651
1000000

8652
0010000

8653
1000000

8654
0000001

8655
0001000

8656
0000100

8657
0001000

8658
0100000

8659
0000001

8660
0000001

8661
0010000

8662
0000001

8663
0000100

8664
0010000

8665
0000001

8666
0001000

8667
0001000

8668
0001000

8669
0010000

8670
0000100

8671
0010100

8672
0000001

8673
0000010

8674
0000001

8675
0000100

8676
0000001

8677
0000100

8678
0010000

8679
0000001

8680
0001100

8681
1000000

8682
0000100

8683
0010000

8684
0000010

8685
0000001

8686
0000001

8687
0100000

8688
0010000

8689
0000010

8690
1000000

8691
0001000

8692
0000010

8693
0000001

8694
0001000

8695
0000100

8696
0001000

8697
0010000

8698
0000100

8699
0000010

8700
0010100

8701
0000100

8702
0010000

8703
0010000

8704
0000010

8705
0100000

8706
0000100

8707
0000001

8708
0100000

8709
0001000

8710
1000000

8711
0000001

8712
0001000

8713
0000001

8714
0000100

8715
0100000

8716
0100000

8717
1000000

8718
0000001

8719
0000010

8720
0010000

8721
1000001

8722
1000001

8723
0100000

8724
0010000

8725
0010000

8726
1111111

8727
0101000

8728
0010000

8729
0000001

8730
0001000

8731
0001000

8732
1000001

8733
0000010

8734
0001000

8735
0100000

8736
0000100

8737
0001000

8738
0010000

8739
0001000

8740
0100000

8741
0001000

8742
0000100

8743
1000000

8744
0100000

8745
0000100

8746
0000001

8747
0100010

8748
0100000

8749
0001100

8750
0010000

8751
0000010

8752
0000100

8753
0000001

8754
1000000

8755
0001000

8756
0000001

8757
0001000

8758
0100000

8759
0000010

8760
0010000

8761
0000001

8762
0000100

8763
0000100

8764
0001000

8765
0000100

8766
0000001

8767
0000100

8768
0000100

8769
1000010

8770
0000010

8771
0100001

8772
0000001

8773
0000010

8774
0100000

8775
1000000

8776
0000001

8777
0100000

8778
0100000

8779
1000000

8780
1000001

8781
0000100

8782
0100000

8783
0000001

8784
0010000

8785
0100000

8786
0000001

8787
0010000

8788
0000001

8789
0010001

8790
0010000

8791
0010000

8792
0100000

8793
1000000

8794
0100000

8795
0010000

8796
1000000

8797
0000101

8798
0000100

8799
0000001

8800
0000001

8801
0010000

8802
0010000

8803
0000001

8804
0000100

8805
0100000

8806
0010000

8807
1000000

8808
1000000

8809
0000001

8810
0000100

8811
1000000

8812
1001000

8813
0001000

8814
0010000

8815
0010000

8816
0000001

8817
0000001

8818
0010000

8819
0000001

8820
0000010

8821
1000000

8822
0000001

8823
0010000

8824
0001010

8825
0000100

8826
0010000

8827
0010010

8828
0001000

8829
0010000

8830
0000010

8831
0000010

8832
0000010

8833
0100000

8834
0000010

8835
0000100

8836
0000100

8837
1000000

8838
1000100

8839
0000100

8840
0001000

8841
0001000

8842
0000010

8843
1000000

8844
0000100

8845
0000001

8846
0001000

8847
0110000

8848
1000000

8849
0010000

8850
0000010

8851
0000010

8852
1000000

8853
0001000

8854
0010000

8855
0000100

8856
0001010

8857
0000001

8858
0110010

8859
0000100

8860
0000100

8861
0001000

8862
0000001

8863
0000001

8864
0000100

8865
1000000

8866
0000100

8867
0010000

8868
1000000

8869
0001000

8870
0000100

8871
0000010

8872
0000100

8873
0010000

8874
0100000

8875
0000010

8876
1000000

8877
0000001

8878
0000111

8879
0000001

8880
0000001

8881
0100000

8882
1000000

8883
0100000

8884
1000000

8885
0000100

8886
0000010

8887
0000010

8888
0000100

8889
0010001

8890
0000001

8891
0001000

8892
0000100

8893
0010000

8894
0000001

8895
0010001

8896
0011000

8897
1000000

8898
0000010

8899
0000001

8900
1000000

8901
0010000

8902
0010000

8903
1000000

8904
0010000

8905
0010000

8906
1000000

8907
0001000

8908
0100000

8909
1000000

8910
0001000

8911
0000100

8912
0000010

8913
0000010

8914
0000010

8915
0000100

8916
0000010

8917
0000100

8918
0100000

8919
0000100

8920
0000001

8921
0000001

8922
0100000

8923
0010000

8924
0000001

8925
1000000

8926
0010000

8927
0010000

8928
1000010

8929
1000000

8930
0000010

8931
0100000

8932
0010000

8933
0000001

8934
1000000

8935
0001000

8936
0001000

8937
0000001

8938
0100000

8939
0100000

8940
0000010

8941
0010000

8942
1000000

8943
0010000

8944
1000000

8945
0010000

8946
0000100

8947
0100000

8948
0000010

8949
0001000

8950
0000010

8951
0000010

8952
0001000

8953
0010001

8954
0001010

8955
0000100

8956
0010000

8957
0000001

8958
0000010

8959
0000100

8960
0001000

8961
0010000

8962
0010011

8963
0000001

8964
0100000

8965
0100000

8966
0001000

8967
0110000

8968
0001001

8969
0100000

8970
0001000

8971
1000000

8972
0001000

8973
0001001

8974
0000100

8975
1000000

8976
0000010

8977
1000000

8978
0000010

8979
0100110

8980
0000001

8981
0010000

8982
0010000

8983
1000000

8984
0000010

8985
0000001

8986
0000010

8987
1000000

8988
1000000

8989
0010000

8990
0000001

8991
1000000

8992
1000000

8993
0000001

8994
0010000

8995
0010000

8996
0010000

8997
0100000

8998
0000010

8999
0001000

9000
0010000

9001
0100000

9002
0010000

9003
0100000

9004
1000000

9005
0000001

9006
1000000

9007
1000000

9008
0000100

9009
0000100

9010
0000100

9011
1000000

9012
0001000

9013
1000000

9014
1000000

9015
1000000

9016
0100000

9017
0000100

9018
0010000

9019
0000100

9020
0000001

9021
0000010

9022
0100000

9023
0010000

9024
0010000

9025
0100000

9026
0100000

9027
0001000

9028
0000100

9029
0000100

9030
1000000

9031
0100000

9032
1000000

9033
0000100

9034
0001000

9035
0010000

9036
0001010

9037
1000000

9038
1000010

9039
0001000

9040
1000001

9041
0010000

9042
0000100

9043
0000100

9044
0000100

9045
0001000

9046
1000000

9047
0100000

9048
0000100

9049
1000000

9050
0000100

9051
0001000

9052
0000100

9053
0001000

9054
0000010

9055
0010000

9056
1000000

9057
0010000

9058
0000010

9059
0010000

9060
1000000

9061
0000001

9062
0000001

9063
0000010

9064
0010000

9065
0000100

9066
0010000

9067
0000010

9068
0100000

9069
1000000

9070
0000010

9071
0000001

9072
0000100

9073
0000001

9074
0001000

9075
0010000

9076
0000001

9077
0010000

9078
1000000

9079
0000001

9080
1000000

9081
0000100

9082
0010000

9083
0010000

9084
0000010

9085
0000010

9086
0000100

9087
1000000

9088
0010000

9089
0100000

9090
1000100

9091
0001000

9092
0001000

9093
0001000

9094
0000010

9095
1000000

9096
0100000

9097
0000001

9098
0100000

9099
0010000

9100
0100000

9101
0010000

9102
1000000

9103
0010000

9104
0000100

9105
1000000

9106
0000001

9107
0000100

9108
0000010

9109
0010010

9110
0000010

9111
0000001

9112
0010000

9113
1000000

9114
0100000

9115
0000100

9116
0000010

9117
0010000

9118
1000000

9119
1000000

9120
0001000

9121
0001000

9122
0010000

9123
0000001

9124
0000100

9125
0100000

9126
0000010

9127
1000100

9128
0000010

9129
0100000

9130
1000000

9131
0010000

9132
0000100

9133
0001000

9134
0001000

9135
0100000

9136
0000010

9137
0000001

9138
0100000

9139
0001000

9140
0010000

9141
0000001

9142
0000010

9143
0100000

9144
0100000

9145
0001000

9146
0010000

9147
0010010

9148
0100000

9149
0001000

9150
0100000

9151
0010000

9152
0000001

9153
0000001

9154
0000010

9155
0000010

9156
1000100

9157
0001000

9158
1000100

9159
1000000

9160
0001000

9161
1000000

9162
0001000

9163
1000100

9164
0000100

9165
0000001

9166
0001000

9167
0001000

9168
0001000

9169
0100000

9170
0100000

9171
1000000

9172
0001000

9173
0000010

9174
1000000

9175
0010000

9176
0100000

9177
0000001

9178
1000000

9179
0001000

9180
0001000

9181
1000000

9182
0001000

9183
0000010

9184
0000100

9185
1000000

9186
0000010

9187
1000000

9188
0000010

9189
1100000

9190
0000010

9191
0000001

9192
0000010

9193
0010000

9194
0010000

9195
0000010

9196
0000100

9197
0000001

9198
0000100

9199
0000001

9200
0100000

9201
0100000

9202
0100100

9203
0001000

9204
0000001

9205
0000010

9206
0000001

9207
0000100

9208
0001101

9209
1000100

9210
0100000

9211
0100000

9212
0001000

9213
0001000

9214
0000010

9215
0001000

9216
0001000

9217
0000001

9218
0000010

9219
0000001

9220
0010000

9221
0000001

9222
0000010

9223
0000001

9224
1000000

9225
0100000

9226
0001000

9227
0000010

9228
1001000

9229
0010000

9230
0100000

9231
0000010

9232
0001000

9233
0000001

9234
0010000

9235
0100000

9236
0000100

9237
0010000

9238
0000010

9239
0010000

9240
0000001

9241
0000001

9242
1000000

9243
0000001

9244
0000010

9245
0100000

9246
0100000

9247
0001000

9248
0000010

9249
0100000

9250
0010000

9251
1000000

9252
0100000

9253
0000100

9254
0000100

9255
0001000

9256
0000100

9257
0010000

9258
0000010

9259
0000001

9260
0000001

9261
0100000

9262
0000100

9263
0010000

9264
0000011

9265
1000010

9266
1010000

9267
0001000

9268
0000010

9269
0001000

9270
0000010

9271
0001000

9272
1000000

9273
0000001

9274
1000000

9275
0000010

9276
0000100

9277
1100000

9278
1010100

9279
0001000

9280
0100000

9281
0000010

9282
0000100

9283
0000100

9284
0000100

9285
0000010

9286
0000001

9287
0001000

9288
0001000

9289
0010000

9290
0010000

9291
1000000

9292
0001000

9293
0000100

9294
1000100

9295
0000011

9296
0000100

9297
0100000

9298
0110001

9299
0000001

9300
0100100

9301
1000000

9302
0001000

9303
1000000

9304
0001000

9305
0000100

9306
0010000

9307
0000100

9308
0100001

9309
0100000

9310
0001000

9311
0001000

9312
0100000

9313
1100001

9314
1000000

9315
0100000

9316
0000010

9317
0101000

9318
0010000

9319
1000000

9320
1000000

9321
0000001

9322
0001000

9323
0000100

9324
0000001

9325
0010000

9326
1000000

9327
0010000

9328
0000001

9329
1000000

9330
0000010

9331
0100000

9332
1000000

9333
0010000

9334
0000100

9335
1000000

9336
0000001

9337
0010000

9338
0000001

9339
0000010

9340
0000001

9341
0010000

9342
0100000

9343
0000010

9344
1000000

9345
0000001

9346
0000001

9347
1000000

9348
0100000

9349
0000010

9350
1000000

9351
0100000

9352
0000010

9353
0010000

9354
0100000

9355
0001000

9356
0000100

9357
0100000

9358
1000000

9359
0010000

9360
0001000

9361
1000000

9362
0001000

9363
0000100

9364
0000100

9365
0000010

9366
0100000

9367
1000000

9368
0001000

9369
0010000

9370
0000001

9371
0000001

9372
0010000

9373
1000000

9374
0000010

9375
0000001

9376
0000010

9377
1000000

9378
0000010

9379
0000100

9380
0000100

9381
1000000

9382
0000100

9383
1000001

9384
0000010

9385
0000001

9386
1000000

9387
0000100

9388
1000000

9389
0010000

9390
0000100

9391
0000100

9392
0001000

9393
0100000

9394
1000000

9395
0000010

9396
0000010

9397
0001000

9398
0000001

9399
0000001

9400
1000000

9401
0000010

9402
0000001

9403
1000000

9404
0000100

9405
0100000

9406
0000001

9407
0000001

9408
0000100

9409
0001000

9410
0000010

9411
0010000

9412
0010000

9413
0000001

9414
0001000

9415
0010000

9416
1000000

9417
0000001

9418
0000010

9419
1000000

9420
0001000

9421
0010000

9422
0100000

9423
0000101

9424
0000100

9425
0010000

9426
0100000

9427
0001000

9428
0100100

9429
1000000

9430
0000100

9431
1100000

9432
1000000

9433
0000100

9434
0000010

9435
0000100

9436
0001000

9437
0000100

9438
0000010

9439
0000001

9440
1000000

9441
0000100

9442
0000001

9443
0010000

9444
0000001

9445
0010000

9446
1000000

9447
1000000

9448
1000000

9449
0000001

9450
0000010

9451
0000100

9452
0010000

9453
0000001

9454
0000100

9455
0000100

9456
0001000

9457
1000100

9458
0000010

9459
0100000

9460
0100000

9461
1001010

9462
0000010

9463
0000001

9464
0000010

9465
0001000

9466
0001000

9467
0001000

9468
0100000

9469
1001000

9470
0000001

9471
0000001

9472
1000000

9473
0000001

9474
0000001

9475
0100000

9476
1000000

9477
0000001

9478
0000010

9479
0100000

9480
0000100

9481
0000001

9482
0000100

9483
0000100

9484
0001000

9485
1000000

9486
1010000

9487
0010110

9488
0100000

9489
0000001

9490
0001000

9491
0010100

9492
0010000

9493
0000010

9494
0000100

9495
0100000

9496
0001000

9497
0010000

9498
0000010

9499
1000000

9500
0000100

9501
1000000

9502
1000000

9503
0000100

9504
0000001

9505
0100010

9506
0001010

9507
0001000

9508
0000001

9509
0100000

9510
1000000

9511
0001000

9512
0000001

9513
1000000

9514
0000100

9515
0001010

9516
0000100

9517
0000001

9518
0000010

9519
1000000

9520
0000100

9521
1000000

9522
0000001

9523
0000010

9524
0000010

9525
0001000

9526
0001000

9527
0000100

9528
0000010

9529
1000000

9530
0100000

9531
0000010

9532
0100000

9533
1000000

9534
0000010

9535
0100000

9536
0001000

9537
0100000

9538
0000001

9539
1000000

9540
0000010

9541
1100000

9542
1000000

9543
0000100

9544
0000100

9545
0001000

9546
0000001

9547
0001000

9548
0010000

9549
0000010

9550
0100000

9551
0000110

9552
1000000

9553
0000100

9554
0001000

9555
0000100

9556
0010010

9557
1111111

9558
0000010

9559
0010000

9560
0100000

9561
0001000

9562
0000010

9563
0010000

9564
0100000

9565
0000010

9566
0001000

9567
0000001

9568
0001000

9569
0000001

9570
0000001

9571
0000100

9572
0010000

9573
0010011

9574
0100000

9575
0010000

9576
0100000

9577
1000000

9578
0000001

9579
0000100

9580
0100000

9581
0100000

9582
0010001

9583
0000011

9584
0000001

9585
0100000

9586
0000100

9587
1000000

9588
0100000

9589
0001000

9590
0000100

9591
1000000

9592
0001000

9593
0100000

9594
0100000

9595
1000000

9596
0001010

9597
0010001

9598
0100000

9599
0000010

9600
0000100

9601
0001000

9602
0100000

9603
0001000

9604
0100000

9605
0000001

9606
0000010

9607
0000001

9608
1000000

9609
0000010

9610
1000000

9611
0000100

9612
0001000

9613
0000010

9614
1000000

9615
0000100

9616
0100000

9617
0000100

9618
1000000

9619
0001000

9620
0010000

9621
0010000

9622
0000001

9623
0001000

9624
1000000

9625
0000010

9626
0001000

9627
0010000

9628
0001000

9629
0000010

9630
0001000

9631
0100000

9632
0000010

9633
0001000

9634
0000001

9635
0001000

9636
0001010

9637
0000100

9638
0000010

9639
0000001

9640
0000100

9641
0000001

9642
1000000

9643
1000000

9644
0000100

9645
0100000

9646
0001000

9647
0010000

9648
0000010

9649
0001000

9650
1001000

9651
1001000

9652
1000000

9653
0000001

9654
0000010

9655
0010000

9656
0100000

9657
0000011

9658
0000001

9659
0000100

9660
0000010

9661
0010000

9662
0001000

9663
0000100

9664
0010000

9665
0000100

9666
0001000

9667
0001100

9668
0100000

9669
0000001

9670
1000001

9671
0000100

9672
1000000

9673
0010000

9674
0000001

9675
0010000

9676
0000010

9677
0100000

9678
0001001

9679
0100001

9680
0001000

9681
1000000

9682
0010000

9683
0000100

9684
0000100

9685
1000000

9686
0000100

9687
0011000

9688
1000000

9689
0010000

9690
0001000

9691
0000100

9692
1000000

9693
0100000

9694
0000001

9695
0000011

9696
0100000

9697
0010000

9698
1000000

9699
0000100

9700
0001000

9701
0000100

9702
0001000

9703
1000000

9704
0000010

9705
0010000

9706
0010000

9707
0100000

9708
0000100

9709
0100100

9710
1000000

9711
0100000

9712
0001000

9713
0001000

9714
0000100

9715
0000010

9716
0100000

9717
0000010

9718
0010000

9719
0100000

9720
0000010

9721
1000000

9722
0100000

9723
0001000

9724
1000010

9725
0010000

9726
0010001

9727
0000010

9728
0100000

9729
0000001

9730
0000001

9731
0001000

9732
0000001

9733
0000100

9734
0000010

9735
0000001

9736
0010011

9737
0010000

9738
0100000

9739
0001000

9740
0100000

9741
0000010

9742
0010000

9743
0000001

9744
0100000

9745
1111111

9746
0010000

9747
0000100

9748
1000000

9749
0110000

9750
1000000

9751
0000010

9752
1000000

9753
0100000

9754
1111111

9755
0000001

9756
0000010

9757
0000100

9758
0000100

9759
0000010

9760
0000010

9761
0000100

9762
0100000

9763
0000010

9764
0000100

9765
0010000

9766
0000100

9767
0000010

9768
1000000

9769
0000100

9770
0001000

9771
0000100

9772
0000010

9773
1000000

9774
1000000

9775
0100000

9776
1000000

9777
0000001

9778
0001000

9779
0100000

9780
0010000

9781
0000010

9782
0000010

9783
0010000

9784
0000001

9785
0010000

9786
0001000

9787
0010000

9788
0010000

9789
0000001

9790
0000100

9791
0000100

9792
0000001

9793
0000010

9794
1000000

9795
0001000

9796
0000010

9797
0010000

9798
0010000

9799
0100000

9800
0010000

9801
0001000

9802
0001000

9803
1111111

9804
0000100

9805
0100000

9806
0010000

9807
1000000

9808
0010000

9809
1000000

9810
0000100

9811
0010000

9812
0001000

9813
1000000

9814
1110000

9815
0000100

9816
0100000

9817
0010000

9818
0000001

9819
1000000

9820
0000100

9821
0100000

9822
0000010

9823
0010000

9824
0000001

9825
0000010

9826
0000010

9827
0000001

9828
0000010

9829
0001000

9830
1000000

9831
0000100

9832
0100000

9833
0000100

9834
0100000

9835
0000001

9836
0100000

9837
0000010

9838
1000000

9839
0010000

9840
1000000

9841
1000000

9842
0010000

9843
0010000

9844
0010000

9845
0000100

9846
1000000

9847
1000000

9848
0010000

9849
0101000

9850
0000001

9851
0000001

9852
0100000

9853
0100000

9854
0100000

9855
0010000

9856
0010000

9857
1000100

9858
0000001

9859
0000100

9860
0000010

9861
0010000

9862
0000100

9863
0001000

9864
0000100

9865
0000100

9866
0001010

9867
0000010

9868
0000001

9869
0010000

9870
0000010

9871
0000100

9872
0001000

9873
0010000

9874
0010000

9875
0000001

9876
1000000

9877
0001000

9878
0000100

9879
1000000

9880
0001000

9881
0100000

9882
0100000

9883
0000010

9884
0100000

9885
0100000

9886
0000010

9887
0000001

9888
0000010

9889
0010000

9890
0000100

9891
0001000

9892
0001000

9893
0001000

9894
0000010

9895
0010000

9896
0000001

9897
0100000

9898
0001000

9899
0000100

9900
0100001

9901
0010000

9902
0000010

9903
0001000

9904
0010001

9905
0001000

9906
0000100

9907
0100000

9908
0000100

9909
0000010

9910
1000000

9911
0001000

9912
0000100

9913
0100000

9914
0000001

9915
0000010

9916
1000000

9917
0000100

9918
1000000

9919
1000010

9920
1000000

9921
1000000

9922
0000100

9923
1000000

9924
0000100

9925
0001000

9926
1000000

9927
0100000

9928
0000001

9929
0010000

9930
0000001

9931
0000001

9932
0000100

9933
0001000

9934
0100000

9935
0000100

9936
0001000

9937
0010000

9938
0010000

9939
1000000

9940
1000000

9941
0001000

9942
0000100

9943
1000000

9944
0000001

9945
1000000

9946
0000101

9947
0001000

9948
0001000

9949
0010010

9950
0001000

9951
1000000

9952
0000100

9953
1000000

9954
0001000

9955
1111111

9956
0100000

9957
0001000

9958
0010000

9959
0110000

9960
0100000

9961
0100000

9962
0000010

9963
0001000

9964
0100000

9965
0000001

9966
0000001

9967
0100000

9968
0010000

9969
1000000

9970
0000100

9971
0010000

9972
0001000

9973
0001000

9974
0100010

9975
0010000

9976
0001000

9977
0000010

9978
0100000

9979
0000010

9980
0001000

9981
0001000

9982
1000000

9983
0000010

9984
0000100

9985
1000000

9986
0000001

9987
0000100

9988
0010000

9989
0000001

9990
0001000

9991
0000010

9992
0001000

9993
0000010

9994
0000010

9995
1000000

9996
0001000

9997
0001000

9998
0010000

9999
0100000

