10000

0
0100

1
0001

2
0100

3
0100

4
0001

5
1000

6
0001

7
0100

8
0001

9
0100

10
0100

11
0010

12
0001

13
0100

14
0001

15
0100

16
1000

17
0001

18
0010

19
0010

20
1000

21
0010

22
1000

23
0100

24
1000

25
1000

26
1000

27
0010

28
0100

29
0010

30
0100

31
1000

32
0010

33
0001

34
0001

35
0100

36
0100

37
0100

38
0010

39
0100

40
0010

41
0010

42
0001

43
0010

44
0101

45
0010

46
1000

47
1000

48
0001

49
1000

50
1000

51
1000

52
1000

53
1000

54
0010

55
0010

56
0001

57
0001

58
0010

59
0010

60
0010

61
0010

62
0010

63
0001

64
0010

65
0010

66
0001

67
0010

68
0001

69
0010

70
1000

71
0010

72
0001

73
0010

74
1000

75
0010

76
0010

77
0100

78
1000

79
0100

80
0001

81
0100

82
0010

83
0100

84
0010

85
1000

86
1000

87
0010

88
0100

89
0010

90
0001

91
1000

92
0010

93
1000

94
1000

95
0001

96
1000

97
0010

98
0100

99
0100

100
1010

101
0100

102
0001

103
0001

104
1000

105
0010

106
1111

107
0100

108
1000

109
1000

110
1000

111
0001

112
0001

113
0010

114
0010

115
0010

116
1000

117
0001

118
0010

119
0010

120
0010

121
1000

122
1010

123
1000

124
0010

125
1000

126
0100

127
1000

128
0100

129
0001

130
1000

131
0010

132
1000

133
0110

134
0001

135
0010

136
0110

137
0001

138
0100

139
0100

140
1000

141
0010

142
0010

143
1000

144
0100

145
0001

146
0010

147
1000

148
0001

149
0100

150
1000

151
0100

152
0100

153
0010

154
0001

155
0001

156
0011

157
0001

158
0100

159
1000

160
1000

161
1000

162
1000

163
0010

164
1000

165
0001

166
0001

167
1000

168
1000

169
0010

170
0001

171
1000

172
0001

173
0010

174
0010

175
0001

176
0001

177
1000

178
1000

179
1000

180
0001

181
1000

182
0011

183
0010

184
0010

185
1000

186
0011

187
1000

188
0010

189
0100

190
1000

191
0100

192
0010

193
0001

194
1001

195
0010

196
0010

197
0001

198
1000

199
0100

200
1001

201
0100

202
0011

203
0001

204
1000

205
0001

206
0100

207
0010

208
1000

209
0100

210
1000

211
0010

212
0010

213
0010

214
0100

215
0100

216
0001

217
0011

218
0001

219
1001

220
0101

221
1000

222
0100

223
1001

224
1000

225
0001

226
0010

227
0001

228
1000

229
0100

230
1000

231
0100

232
0010

233
0001

234
0010

235
0001

236
0010

237
0010

238
0100

239
1000

240
0010

241
0100

242
0100

243
0100

244
0100

245
0100

246
1000

247
0001

248
1000

249
0001

250
0010

251
0010

252
1000

253
1111

254
1000

255
0010

256
1000

257
0001

258
0100

259
0100

260
0100

261
0001

262
0100

263
0001

264
0100

265
0100

266
0001

267
1000

268
1000

269
1000

270
0010

271
0010

272
0010

273
0100

274
0100

275
0010

276
0001

277
0010

278
1000

279
0010

280
1000

281
0010

282
1111

283
0010

284
0100

285
0001

286
1000

287
1100

288
0001

289
1000

290
0011

291
0100

292
0001

293
0001

294
0001

295
0010

296
1000

297
0100

298
1000

299
1000

300
1000

301
1000

302
0010

303
1000

304
1000

305
0010

306
1000

307
1000

308
0001

309
1000

310
0010

311
0001

312
0100

313
0110

314
0100

315
0010

316
0100

317
0010

318
1000

319
1000

320
0100

321
0100

322
1000

323
0100

324
1000

325
1000

326
0101

327
0100

328
0001

329
1000

330
1000

331
0100

332
1000

333
0100

334
0010

335
1000

336
1000

337
0010

338
1000

339
0001

340
0100

341
0001

342
1000

343
1000

344
1000

345
1000

346
0001

347
0001

348
0001

349
1111

350
1000

351
0001

352
1000

353
0001

354
0001

355
0001

356
0100

357
0100

358
0010

359
0010

360
0100

361
0100

362
0001

363
0100

364
0010

365
1000

366
0001

367
0001

368
1000

369
0001

370
0100

371
0001

372
1000

373
0100

374
0100

375
0001

376
0001

377
1000

378
1000

379
0100

380
0100

381
1000

382
0001

383
0001

384
1000

385
0010

386
0001

387
0001

388
1010

389
0100

390
0100

391
0100

392
0010

393
1000

394
0010

395
1001

396
0010

397
0010

398
0010

399
0010

400
0001

401
0001

402
0100

403
0100

404
0001

405
0001

406
0010

407
0100

408
0100

409
0100

410
1000

411
0001

412
0100

413
0010

414
0010

415
1000

416
0100

417
1000

418
0011

419
0001

420
0001

421
0010

422
0100

423
0001

424
0100

425
0001

426
0001

427
0100

428
1000

429
1000

430
0010

431
0010

432
0100

433
1101

434
0001

435
1000

436
0100

437
1000

438
0010

439
1000

440
0010

441
0010

442
0010

443
0110

444
0001

445
0010

446
0010

447
0111

448
0100

449
0100

450
0100

451
0100

452
0100

453
0010

454
1000

455
0100

456
0001

457
1000

458
0010

459
0100

460
0001

461
1000

462
1000

463
1000

464
1000

465
0100

466
1000

467
1000

468
0110

469
0110

470
0001

471
1000

472
0100

473
0001

474
0100

475
1000

476
0001

477
1000

478
1000

479
0100

480
0010

481
0010

482
0001

483
1000

484
0101

485
0010

486
0100

487
1000

488
1000

489
1000

490
0100

491
0001

492
0010

493
0001

494
1100

495
1000

496
0100

497
1000

498
1000

499
0100

500
1000

501
1000

502
0001

503
0010

504
0001

505
1000

506
0010

507
0010

508
0100

509
0010

510
1010

511
0010

512
0001

513
0010

514
0010

515
0010

516
0010

517
0010

518
1000

519
0100

520
1000

521
1000

522
0100

523
0001

524
0010

525
0010

526
1000

527
1000

528
0001

529
0001

530
0001

531
0111

532
0010

533
1000

534
0010

535
0010

536
0001

537
0100

538
0001

539
0010

540
1000

541
1000

542
0001

543
1000

544
1000

545
1000

546
1100

547
0010

548
0010

549
0100

550
0010

551
0010

552
1000

553
0100

554
0100

555
0010

556
0001

557
0100

558
0001

559
0010

560
1000

561
1000

562
1000

563
0001

564
1000

565
0001

566
0100

567
1000

568
1000

569
0010

570
1000

571
1000

572
1000

573
1000

574
0010

575
0100

576
0100

577
0010

578
0100

579
0010

580
1000

581
0100

582
0010

583
1000

584
0010

585
1000

586
0010

587
0001

588
0100

589
0001

590
0001

591
0100

592
1000

593
0001

594
0001

595
0010

596
0001

597
0010

598
0010

599
0001

600
1000

601
0001

602
0001

603
0001

604
0100

605
0001

606
1000

607
0100

608
0001

609
0010

610
0100

611
1000

612
1000

613
0001

614
0001

615
0010

616
0010

617
0100

618
0001

619
0100

620
0010

621
0001

622
1000

623
0100

624
0100

625
0010

626
0001

627
0011

628
0010

629
0100

630
0100

631
1000

632
0001

633
0100

634
0010

635
1000

636
0001

637
0001

638
0010

639
0010

640
0001

641
1000

642
0100

643
0010

644
1000

645
0100

646
0100

647
0100

648
0010

649
0010

650
0010

651
0001

652
1000

653
0010

654
0011

655
0100

656
0010

657
0001

658
0100

659
1000

660
0100

661
0010

662
0100

663
0001

664
1000

665
0100

666
0100

667
0001

668
0001

669
0010

670
0100

671
0001

672
0001

673
1000

674
0100

675
0100

676
0001

677
0001

678
0001

679
0100

680
0010

681
0100

682
0100

683
0100

684
0100

685
0010

686
0001

687
0100

688
1000

689
1000

690
0010

691
0100

692
0001

693
0010

694
0010

695
0001

696
0011

697
0001

698
0010

699
1010

700
1000

701
0001

702
1000

703
0100

704
1000

705
0100

706
0010

707
0001

708
0001

709
0100

710
0010

711
1000

712
0001

713
1000

714
1000

715
0010

716
0100

717
0001

718
0100

719
1000

720
0010

721
0001

722
0001

723
0010

724
0010

725
1000

726
0100

727
1000

728
1000

729
0100

730
0100

731
0001

732
0010

733
0001

734
0001

735
0001

736
0001

737
1000

738
1000

739
0001

740
0010

741
1000

742
1000

743
1111

744
0010

745
0010

746
0100

747
0010

748
0001

749
1000

750
0001

751
0001

752
0100

753
0100

754
1000

755
0100

756
1000

757
1000

758
0010

759
0001

760
1000

761
0100

762
0010

763
1000

764
0010

765
1000

766
0010

767
0100

768
0010

769
1000

770
1000

771
0010

772
0010

773
0100

774
0001

775
0001

776
0010

777
0001

778
0100

779
0100

780
0001

781
1000

782
0100

783
0100

784
0010

785
0100

786
0010

787
0100

788
1000

789
1000

790
0010

791
0001

792
0010

793
0100

794
0001

795
0100

796
0010

797
0100

798
0010

799
0010

800
0010

801
1000

802
0001

803
0100

804
1000

805
1010

806
0001

807
0001

808
0100

809
0100

810
0010

811
1000

812
0100

813
0100

814
0001

815
0100

816
0001

817
0001

818
0100

819
1000

820
0001

821
1010

822
1000

823
0010

824
0010

825
0001

826
1000

827
1000

828
0010

829
0010

830
0010

831
0001

832
1000

833
0011

834
0110

835
0100

836
0001

837
0100

838
0001

839
1000

840
0010

841
0100

842
0100

843
0010

844
0010

845
1000

846
0100

847
0001

848
0001

849
1000

850
0001

851
0001

852
0010

853
0100

854
0001

855
0001

856
1000

857
1000

858
0100

859
0100

860
1000

861
0100

862
1000

863
1000

864
0100

865
0100

866
0010

867
0010

868
1000

869
1000

870
0001

871
1000

872
0001

873
1000

874
0010

875
1000

876
0100

877
0001

878
1000

879
0001

880
0010

881
0001

882
0001

883
0001

884
0100

885
0001

886
1111

887
0010

888
1000

889
0001

890
0001

891
1000

892
1100

893
0100

894
1000

895
1000

896
1000

897
0100

898
0110

899
1000

900
1000

901
1000

902
0001

903
0100

904
0100

905
0010

906
0011

907
0001

908
0100

909
0100

910
1000

911
0001

912
0100

913
0001

914
0100

915
0100

916
1000

917
0001

918
1000

919
0010

920
0001

921
0001

922
1000

923
1000

924
0100

925
0010

926
0010

927
0100

928
0100

929
0010

930
0010

931
0001

932
0010

933
0010

934
0001

935
0100

936
0010

937
0010

938
1000

939
0100

940
0001

941
1000

942
1000

943
1000

944
0010

945
0001

946
0001

947
0100

948
0110

949
0001

950
0100

951
0100

952
0100

953
1000

954
1000

955
0010

956
0110

957
0001

958
0001

959
0010

960
0100

961
0010

962
1000

963
1000

964
0010

965
0001

966
0001

967
0010

968
1000

969
0001

970
0010

971
0100

972
1010

973
0100

974
0001

975
0001

976
0010

977
0010

978
1000

979
1000

980
0010

981
0100

982
1110

983
1000

984
1000

985
1010

986
0011

987
1000

988
0001

989
0100

990
0100

991
0100

992
0100

993
0001

994
0001

995
0010

996
0010

997
1000

998
0010

999
0100

1000
1000

1001
0100

1002
0010

1003
1000

1004
1000

1005
0100

1006
0010

1007
0010

1008
0101

1009
0001

1010
0001

1011
0001

1012
0001

1013
1000

1014
0001

1015
1000

1016
0100

1017
1000

1018
0100

1019
0100

1020
0100

1021
0010

1022
0010

1023
1000

1024
0001

1025
1001

1026
1001

1027
0001

1028
0001

1029
0010

1030
0010

1031
0010

1032
0001

1033
1110

1034
0010

1035
1000

1036
0001

1037
0001

1038
0001

1039
0010

1040
1000

1041
1000

1042
1000

1043
0100

1044
0001

1045
0001

1046
0100

1047
0001

1048
0010

1049
0001

1050
0001

1051
0100

1052
0001

1053
0010

1054
0010

1055
0001

1056
1000

1057
0010

1058
1001

1059
1000

1060
0100

1061
0010

1062
0001

1063
1000

1064
1000

1065
0100

1066
0001

1067
0001

1068
0100

1069
0001

1070
1000

1071
0100

1072
1000

1073
0100

1074
1000

1075
0110

1076
1000

1077
0001

1078
0100

1079
0001

1080
0001

1081
0001

1082
1000

1083
1000

1084
0001

1085
1000

1086
0001

1087
0001

1088
0100

1089
0001

1090
0001

1091
0010

1092
1100

1093
0010

1094
0001

1095
1000

1096
0001

1097
0010

1098
1000

1099
1000

1100
0001

1101
0010

1102
0001

1103
0001

1104
0001

1105
0001

1106
0100

1107
0100

1108
0001

1109
1000

1110
0100

1111
0001

1112
1000

1113
0001

1114
0100

1115
0100

1116
0001

1117
0001

1118
0100

1119
0001

1120
1000

1121
1000

1122
0010

1123
1000

1124
0001

1125
1000

1126
1000

1127
1000

1128
0100

1129
1000

1130
1000

1131
0100

1132
0001

1133
1001

1134
0010

1135
0100

1136
0001

1137
0001

1138
0001

1139
0100

1140
0010

1141
0100

1142
1000

1143
0100

1144
0010

1145
1000

1146
0010

1147
0001

1148
0001

1149
0010

1150
0001

1151
0001

1152
0001

1153
0100

1154
0001

1155
0010

1156
0001

1157
0010

1158
0010

1159
0100

1160
0010

1161
1000

1162
0010

1163
1000

1164
0100

1165
0001

1166
0010

1167
0100

1168
0001

1169
0100

1170
0010

1171
0010

1172
0010

1173
0001

1174
0100

1175
0001

1176
0001

1177
0001

1178
0010

1179
0010

1180
0001

1181
0100

1182
0001

1183
0001

1184
1100

1185
0100

1186
0001

1187
0001

1188
1000

1189
0001

1190
0001

1191
1000

1192
0100

1193
1111

1194
0100

1195
0010

1196
1000

1197
0100

1198
0100

1199
0001

1200
0010

1201
0100

1202
0100

1203
0001

1204
1000

1205
1000

1206
0010

1207
0100

1208
1000

1209
0001

1210
0010

1211
0001

1212
0010

1213
0001

1214
1000

1215
1000

1216
0010

1217
0010

1218
1000

1219
0001

1220
0100

1221
1001

1222
0001

1223
0010

1224
0100

1225
1000

1226
0001

1227
1000

1228
0100

1229
0010

1230
0100

1231
0010

1232
0001

1233
0001

1234
1111

1235
0100

1236
1000

1237
1000

1238
0010

1239
0010

1240
0100

1241
1000

1242
0001

1243
1000

1244
0001

1245
0010

1246
0100

1247
1000

1248
0010

1249
1000

1250
0001

1251
0001

1252
0100

1253
0001

1254
1000

1255
0001

1256
1000

1257
0001

1258
0100

1259
0100

1260
0010

1261
0100

1262
1000

1263
0001

1264
0001

1265
1000

1266
0010

1267
1000

1268
0010

1269
0001

1270
0001

1271
0001

1272
1000

1273
0001

1274
0100

1275
0001

1276
0001

1277
1000

1278
1000

1279
0010

1280
0001

1281
0010

1282
1000

1283
0001

1284
0101

1285
0100

1286
0001

1287
1000

1288
0001

1289
0001

1290
1000

1291
0010

1292
0010

1293
0010

1294
0001

1295
1000

1296
0100

1297
0010

1298
0010

1299
0001

1300
0001

1301
0001

1302
1000

1303
0010

1304
0010

1305
1100

1306
0001

1307
0001

1308
0010

1309
1000

1310
0001

1311
1000

1312
1000

1313
1000

1314
0100

1315
0100

1316
0001

1317
0001

1318
1000

1319
1000

1320
0100

1321
0001

1322
0010

1323
0100

1324
0010

1325
1000

1326
0100

1327
0010

1328
1000

1329
1000

1330
1000

1331
0100

1332
0010

1333
0100

1334
0100

1335
0010

1336
1000

1337
1000

1338
0100

1339
0011

1340
0100

1341
1000

1342
0110

1343
1000

1344
0010

1345
1000

1346
0100

1347
0010

1348
1000

1349
1000

1350
0100

1351
0010

1352
0100

1353
0001

1354
0010

1355
0100

1356
0010

1357
0001

1358
0100

1359
1000

1360
0001

1361
0001

1362
0001

1363
0100

1364
0100

1365
0001

1366
1000

1367
0010

1368
1000

1369
0100

1370
1000

1371
0100

1372
0010

1373
1000

1374
0010

1375
0001

1376
1000

1377
0010

1378
0001

1379
0010

1380
0100

1381
0100

1382
1000

1383
1000

1384
0010

1385
1000

1386
0001

1387
0100

1388
1000

1389
1001

1390
0001

1391
0010

1392
0100

1393
0010

1394
0100

1395
0010

1396
1000

1397
0010

1398
0001

1399
0010

1400
0010

1401
0010

1402
0001

1403
1000

1404
0100

1405
0010

1406
0100

1407
0010

1408
0010

1409
0001

1410
0100

1411
0001

1412
0100

1413
1000

1414
0010

1415
0010

1416
0100

1417
0001

1418
1000

1419
0100

1420
0010

1421
0001

1422
1000

1423
0100

1424
0100

1425
0001

1426
0001

1427
0001

1428
0010

1429
0100

1430
0001

1431
0100

1432
1000

1433
0100

1434
0100

1435
0001

1436
0100

1437
1000

1438
1000

1439
0010

1440
0100

1441
1000

1442
0001

1443
1000

1444
0001

1445
0010

1446
1000

1447
1000

1448
0010

1449
0100

1450
0001

1451
0001

1452
0001

1453
1000

1454
0100

1455
0001

1456
0100

1457
1000

1458
0100

1459
1000

1460
0001

1461
0001

1462
0001

1463
1000

1464
1000

1465
0100

1466
0101

1467
0001

1468
0010

1469
1000

1470
0001

1471
0010

1472
1000

1473
0010

1474
0001

1475
0010

1476
0001

1477
1000

1478
0010

1479
1000

1480
0100

1481
0001

1482
0001

1483
0100

1484
0100

1485
1000

1486
0010

1487
0100

1488
0100

1489
1000

1490
0010

1491
0001

1492
1000

1493
0001

1494
1100

1495
0100

1496
1000

1497
0001

1498
0100

1499
0001

1500
0010

1501
0100

1502
0010

1503
0100

1504
1000

1505
0010

1506
0010

1507
1000

1508
0010

1509
0001

1510
0001

1511
0010

1512
0010

1513
1000

1514
1000

1515
0001

1516
1000

1517
1000

1518
0100

1519
1000

1520
0100

1521
1000

1522
0010

1523
0010

1524
0010

1525
0100

1526
0001

1527
1010

1528
0100

1529
0100

1530
1000

1531
0100

1532
1000

1533
0001

1534
0001

1535
0001

1536
0001

1537
0001

1538
0001

1539
0100

1540
0010

1541
0001

1542
0011

1543
0010

1544
0100

1545
1000

1546
0100

1547
0010

1548
0100

1549
0100

1550
0001

1551
1000

1552
0100

1553
0001

1554
0001

1555
0001

1556
0100

1557
1000

1558
1010

1559
0001

1560
0100

1561
0010

1562
1000

1563
0001

1564
0001

1565
0010

1566
0010

1567
0010

1568
1001

1569
0100

1570
0010

1571
0100

1572
0001

1573
0100

1574
0001

1575
0100

1576
1000

1577
1000

1578
0010

1579
0100

1580
0100

1581
0010

1582
0100

1583
0100

1584
1100

1585
1000

1586
0001

1587
0010

1588
0100

1589
1000

1590
0100

1591
1000

1592
0100

1593
0001

1594
1000

1595
0001

1596
0001

1597
1000

1598
0010

1599
0001

1600
0001

1601
0100

1602
0010

1603
0001

1604
0100

1605
0010

1606
0100

1607
1000

1608
0100

1609
1100

1610
0100

1611
0001

1612
1000

1613
0100

1614
0011

1615
1000

1616
1111

1617
0101

1618
0100

1619
1000

1620
0100

1621
0010

1622
1111

1623
0001

1624
0001

1625
0010

1626
0010

1627
0010

1628
1000

1629
0101

1630
1000

1631
0001

1632
0100

1633
0010

1634
0100

1635
1000

1636
0010

1637
0010

1638
1000

1639
0010

1640
0010

1641
1000

1642
1000

1643
0010

1644
0010

1645
0001

1646
1000

1647
1000

1648
0010

1649
0010

1650
0001

1651
1000

1652
0010

1653
0100

1654
1000

1655
0010

1656
0010

1657
1000

1658
0010

1659
0001

1660
1000

1661
0100

1662
0010

1663
0001

1664
0010

1665
0001

1666
0001

1667
1010

1668
1000

1669
1000

1670
1000

1671
0100

1672
0001

1673
0100

1674
1000

1675
0100

1676
0010

1677
1010

1678
1000

1679
1000

1680
0100

1681
0010

1682
1000

1683
0100

1684
0001

1685
1000

1686
0001

1687
0100

1688
1000

1689
0100

1690
0010

1691
0001

1692
0100

1693
1000

1694
0001

1695
0010

1696
0001

1697
0100

1698
0010

1699
1000

1700
0010

1701
0001

1702
0010

1703
0001

1704
0010

1705
0100

1706
0100

1707
0010

1708
0010

1709
0100

1710
0100

1711
1000

1712
0010

1713
1000

1714
0001

1715
0001

1716
0010

1717
0001

1718
0001

1719
0001

1720
0001

1721
0010

1722
0100

1723
0011

1724
0100

1725
0100

1726
1000

1727
0010

1728
0100

1729
0100

1730
0001

1731
0010

1732
0100

1733
0010

1734
0100

1735
1000

1736
1000

1737
0010

1738
0100

1739
1000

1740
0100

1741
1111

1742
1000

1743
1000

1744
0010

1745
0100

1746
0001

1747
0010

1748
0010

1749
0010

1750
0100

1751
0010

1752
1000

1753
1000

1754
0010

1755
0010

1756
0100

1757
0100

1758
0001

1759
1000

1760
1000

1761
1000

1762
0001

1763
1000

1764
1000

1765
1000

1766
1000

1767
0100

1768
0010

1769
0001

1770
0100

1771
0010

1772
0001

1773
0001

1774
0001

1775
0100

1776
0001

1777
1101

1778
0010

1779
1100

1780
0001

1781
0100

1782
0010

1783
1000

1784
1010

1785
1000

1786
0010

1787
0001

1788
0001

1789
0010

1790
1000

1791
0010

1792
0100

1793
0010

1794
0001

1795
0010

1796
0010

1797
0010

1798
1000

1799
0001

1800
0100

1801
1000

1802
1000

1803
0101

1804
0100

1805
0010

1806
0010

1807
0100

1808
0100

1809
1000

1810
0010

1811
0100

1812
0100

1813
0001

1814
1000

1815
0100

1816
0001

1817
0001

1818
0100

1819
0100

1820
0010

1821
0010

1822
0001

1823
0001

1824
0100

1825
0110

1826
1000

1827
0001

1828
0010

1829
0010

1830
0001

1831
1000

1832
0010

1833
0010

1834
0100

1835
0100

1836
0001

1837
0001

1838
0001

1839
1000

1840
0001

1841
0010

1842
0010

1843
0001

1844
0010

1845
1000

1846
0100

1847
0010

1848
0010

1849
1000

1850
0100

1851
1000

1852
0010

1853
0100

1854
0100

1855
0001

1856
0010

1857
0001

1858
0001

1859
0001

1860
0010

1861
0001

1862
0100

1863
0100

1864
0001

1865
1000

1866
1000

1867
0100

1868
0010

1869
1000

1870
0010

1871
0001

1872
1000

1873
0010

1874
0010

1875
0100

1876
0100

1877
0001

1878
0100

1879
1000

1880
0001

1881
1000

1882
0001

1883
0001

1884
0001

1885
0100

1886
1000

1887
1000

1888
0001

1889
0010

1890
0101

1891
1000

1892
0100

1893
0110

1894
0010

1895
1000

1896
0100

1897
0010

1898
0100

1899
0010

1900
0010

1901
0100

1902
0100

1903
0001

1904
1000

1905
1000

1906
0100

1907
0010

1908
0010

1909
0100

1910
0001

1911
0010

1912
0100

1913
1000

1914
1000

1915
1000

1916
0001

1917
1001

1918
0010

1919
1000

1920
1111

1921
0001

1922
0010

1923
1000

1924
1000

1925
0110

1926
0001

1927
1100

1928
1000

1929
0001

1930
0010

1931
1000

1932
1000

1933
0001

1934
0100

1935
1000

1936
0100

1937
0110

1938
1000

1939
1000

1940
1100

1941
0100

1942
1000

1943
0100

1944
0010

1945
1100

1946
0100

1947
0100

1948
1000

1949
0100

1950
1100

1951
0001

1952
0100

1953
0001

1954
0010

1955
0100

1956
1000

1957
1000

1958
0001

1959
1100

1960
1000

1961
1000

1962
0001

1963
0100

1964
0100

1965
0001

1966
0010

1967
0001

1968
0010

1969
1000

1970
0010

1971
1000

1972
0001

1973
1000

1974
0001

1975
0010

1976
1000

1977
1000

1978
0100

1979
0100

1980
0100

1981
0001

1982
0100

1983
0001

1984
0010

1985
0001

1986
0100

1987
1000

1988
1000

1989
0100

1990
1001

1991
1000

1992
0001

1993
1000

1994
0100

1995
0010

1996
1000

1997
1000

1998
0010

1999
0001

2000
0001

2001
1000

2002
1111

2003
0100

2004
1000

2005
0100

2006
0010

2007
0100

2008
0001

2009
0010

2010
0001

2011
1000

2012
0010

2013
0001

2014
0100

2015
0010

2016
0001

2017
0101

2018
0001

2019
1000

2020
0100

2021
0010

2022
0001

2023
0010

2024
1100

2025
0001

2026
0010

2027
1000

2028
0001

2029
1100

2030
0001

2031
1000

2032
0001

2033
0100

2034
1000

2035
0010

2036
0001

2037
1001

2038
0010

2039
0001

2040
0001

2041
1000

2042
0100

2043
1100

2044
0001

2045
0010

2046
0001

2047
1000

2048
0010

2049
1000

2050
0010

2051
0111

2052
0010

2053
1000

2054
1000

2055
0001

2056
1000

2057
0010

2058
0100

2059
1111

2060
1000

2061
0100

2062
0100

2063
0100

2064
0010

2065
0010

2066
0100

2067
0010

2068
0001

2069
0001

2070
0001

2071
0010

2072
0001

2073
0001

2074
0001

2075
0100

2076
0100

2077
1000

2078
0100

2079
0010

2080
0100

2081
0100

2082
0100

2083
0100

2084
0010

2085
0100

2086
1000

2087
0100

2088
0010

2089
1000

2090
0100

2091
1000

2092
0001

2093
1000

2094
0010

2095
0001

2096
0010

2097
0100

2098
1000

2099
0001

2100
0100

2101
0010

2102
0001

2103
0001

2104
0100

2105
0010

2106
0010

2107
0010

2108
0100

2109
0001

2110
0010

2111
0001

2112
0010

2113
0010

2114
1000

2115
0001

2116
1000

2117
0001

2118
0001

2119
1000

2120
1000

2121
0100

2122
0001

2123
0010

2124
0010

2125
0100

2126
0001

2127
1000

2128
0010

2129
1000

2130
0100

2131
0010

2132
0001

2133
0010

2134
0001

2135
0100

2136
1000

2137
0001

2138
0011

2139
0100

2140
0010

2141
0100

2142
0100

2143
0010

2144
0010

2145
0010

2146
0100

2147
0001

2148
0010

2149
0001

2150
0010

2151
0100

2152
0010

2153
0100

2154
1000

2155
0100

2156
0010

2157
0100

2158
0010

2159
0010

2160
1001

2161
1000

2162
0001

2163
0100

2164
0010

2165
0100

2166
0100

2167
0010

2168
0100

2169
0010

2170
1000

2171
1000

2172
0010

2173
1000

2174
1000

2175
1000

2176
1000

2177
1000

2178
1000

2179
0010

2180
0001

2181
1000

2182
0100

2183
0010

2184
0001

2185
1000

2186
0010

2187
0100

2188
0100

2189
0100

2190
0100

2191
0100

2192
1000

2193
1000

2194
0001

2195
0100

2196
0010

2197
0100

2198
0001

2199
0001

2200
0010

2201
1000

2202
0100

2203
0100

2204
0100

2205
0010

2206
0100

2207
0010

2208
1000

2209
0100

2210
1000

2211
0001

2212
0100

2213
0100

2214
0100

2215
0100

2216
0001

2217
0001

2218
0001

2219
0100

2220
0001

2221
0100

2222
0011

2223
0100

2224
0001

2225
0010

2226
0010

2227
0001

2228
0010

2229
0010

2230
0100

2231
0010

2232
0001

2233
0100

2234
0010

2235
0001

2236
1000

2237
0010

2238
0100

2239
0010

2240
1000

2241
1000

2242
0100

2243
0010

2244
0010

2245
1000

2246
0100

2247
0001

2248
0001

2249
0001

2250
1000

2251
0001

2252
0100

2253
1000

2254
0001

2255
1000

2256
0001

2257
0001

2258
0100

2259
0010

2260
0001

2261
1000

2262
0001

2263
0001

2264
0100

2265
0010

2266
1000

2267
1000

2268
1000

2269
0010

2270
0010

2271
0100

2272
0101

2273
0010

2274
0001

2275
0001

2276
0100

2277
1000

2278
0001

2279
0100

2280
0100

2281
1000

2282
0100

2283
0110

2284
0001

2285
0010

2286
0001

2287
1000

2288
0001

2289
1000

2290
1000

2291
1000

2292
1000

2293
1000

2294
1000

2295
1000

2296
0010

2297
0010

2298
0010

2299
1000

2300
0010

2301
0001

2302
0010

2303
1000

2304
1000

2305
1000

2306
0001

2307
1000

2308
1000

2309
0010

2310
0100

2311
0010

2312
0010

2313
1000

2314
0100

2315
0010

2316
1000

2317
0001

2318
0001

2319
0010

2320
1000

2321
1000

2322
0010

2323
0010

2324
0001

2325
1111

2326
0010

2327
0010

2328
0100

2329
0100

2330
0010

2331
1001

2332
0010

2333
1000

2334
0100

2335
1000

2336
0010

2337
0100

2338
0100

2339
0001

2340
0100

2341
0010

2342
1000

2343
0001

2344
0001

2345
0100

2346
0001

2347
0001

2348
1000

2349
0010

2350
0010

2351
0001

2352
0010

2353
0111

2354
0001

2355
0001

2356
0010

2357
0100

2358
0001

2359
0001

2360
1000

2361
0010

2362
0010

2363
0100

2364
1000

2365
0011

2366
0001

2367
0010

2368
0001

2369
1100

2370
0010

2371
0001

2372
0001

2373
1000

2374
0001

2375
0010

2376
0010

2377
0100

2378
0100

2379
0100

2380
0010

2381
0001

2382
0001

2383
0010

2384
0001

2385
0100

2386
1000

2387
1010

2388
0001

2389
0001

2390
1000

2391
0100

2392
0100

2393
0010

2394
0001

2395
0100

2396
1000

2397
0001

2398
0110

2399
0001

2400
0100

2401
0010

2402
0010

2403
0100

2404
1000

2405
0010

2406
0010

2407
0001

2408
0001

2409
1000

2410
0100

2411
1000

2412
0100

2413
0100

2414
0100

2415
0100

2416
0001

2417
0010

2418
0100

2419
1000

2420
0001

2421
1000

2422
1000

2423
1001

2424
0100

2425
0010

2426
1000

2427
0001

2428
0100

2429
0001

2430
1000

2431
1000

2432
0010

2433
0001

2434
1000

2435
0001

2436
0100

2437
0010

2438
0100

2439
1000

2440
0100

2441
0010

2442
0100

2443
1000

2444
0001

2445
0010

2446
0100

2447
0001

2448
1000

2449
1000

2450
0100

2451
0010

2452
1000

2453
1111

2454
0100

2455
0010

2456
0001

2457
1000

2458
1000

2459
0010

2460
0010

2461
0001

2462
0100

2463
0001

2464
0100

2465
0001

2466
0001

2467
0001

2468
0100

2469
1000

2470
0001

2471
0001

2472
0001

2473
0010

2474
0001

2475
0100

2476
0010

2477
0001

2478
0001

2479
0010

2480
0100

2481
0100

2482
0100

2483
0100

2484
1000

2485
0001

2486
1000

2487
0010

2488
0100

2489
1000

2490
1000

2491
0001

2492
0001

2493
1100

2494
0001

2495
0100

2496
0001

2497
0010

2498
0010

2499
0100

2500
1000

2501
0011

2502
0100

2503
0001

2504
1000

2505
1001

2506
0010

2507
0110

2508
0010

2509
0001

2510
0001

2511
0110

2512
0010

2513
0001

2514
0010

2515
0010

2516
0010

2517
1000

2518
0001

2519
0001

2520
0001

2521
0001

2522
0100

2523
0100

2524
1000

2525
1000

2526
0100

2527
0010

2528
1000

2529
0001

2530
0010

2531
0100

2532
0010

2533
1000

2534
0010

2535
0010

2536
1000

2537
0010

2538
0100

2539
0001

2540
1000

2541
1000

2542
0100

2543
0001

2544
0001

2545
0001

2546
0010

2547
0010

2548
0001

2549
0010

2550
0010

2551
0110

2552
0001

2553
1000

2554
0101

2555
0001

2556
0010

2557
0001

2558
1000

2559
0010

2560
1000

2561
0001

2562
0001

2563
0100

2564
0001

2565
0100

2566
1100

2567
1000

2568
1000

2569
0100

2570
1000

2571
0100

2572
1000

2573
0100

2574
0001

2575
0010

2576
0010

2577
1000

2578
1000

2579
0100

2580
0100

2581
0001

2582
0010

2583
0001

2584
0001

2585
0001

2586
0001

2587
0010

2588
1000

2589
0100

2590
1000

2591
1000

2592
0100

2593
0011

2594
0100

2595
0100

2596
0001

2597
0001

2598
0001

2599
0100

2600
0010

2601
0101

2602
0001

2603
0010

2604
0010

2605
0100

2606
0100

2607
0010

2608
1000

2609
0010

2610
0010

2611
0001

2612
0100

2613
0100

2614
0001

2615
0001

2616
0001

2617
0100

2618
1000

2619
0100

2620
0001

2621
0001

2622
0100

2623
0010

2624
0001

2625
0001

2626
1000

2627
0100

2628
0010

2629
0100

2630
0100

2631
0010

2632
1000

2633
1000

2634
0100

2635
0100

2636
0010

2637
1000

2638
0001

2639
0100

2640
0100

2641
0010

2642
1000

2643
1100

2644
0010

2645
0001

2646
0011

2647
0100

2648
1000

2649
0001

2650
0100

2651
0010

2652
0001

2653
0001

2654
1000

2655
0100

2656
0001

2657
0010

2658
0010

2659
0001

2660
0001

2661
1000

2662
0100

2663
0010

2664
1000

2665
0010

2666
0001

2667
1000

2668
0100

2669
1100

2670
0010

2671
1000

2672
1000

2673
1100

2674
0001

2675
0001

2676
0100

2677
0010

2678
0010

2679
1010

2680
1000

2681
1000

2682
0010

2683
0100

2684
0010

2685
0010

2686
0001

2687
0100

2688
0010

2689
1010

2690
0010

2691
1000

2692
0100

2693
0001

2694
0010

2695
1000

2696
0010

2697
0010

2698
0100

2699
1000

2700
1000

2701
0010

2702
0001

2703
0100

2704
1000

2705
1100

2706
0001

2707
0100

2708
0001

2709
0001

2710
1000

2711
0001

2712
0010

2713
0010

2714
1000

2715
1000

2716
1000

2717
0101

2718
0100

2719
0100

2720
0010

2721
1000

2722
0100

2723
1000

2724
1000

2725
1000

2726
0010

2727
0010

2728
0100

2729
0010

2730
0001

2731
0001

2732
0010

2733
0001

2734
1000

2735
1000

2736
0001

2737
1000

2738
0001

2739
0010

2740
0001

2741
1000

2742
0001

2743
0100

2744
1000

2745
1000

2746
0001

2747
0100

2748
0100

2749
0010

2750
0100

2751
1000

2752
1000

2753
0100

2754
0100

2755
0010

2756
1000

2757
0001

2758
0100

2759
0100

2760
0001

2761
0100

2762
1000

2763
1000

2764
0001

2765
1000

2766
1100

2767
0100

2768
0001

2769
1000

2770
1000

2771
0001

2772
0010

2773
0010

2774
0001

2775
0001

2776
0001

2777
0010

2778
0001

2779
0001

2780
0001

2781
0001

2782
1000

2783
0010

2784
0100

2785
0100

2786
0100

2787
1000

2788
0001

2789
0100

2790
0010

2791
0100

2792
0001

2793
0010

2794
0010

2795
1000

2796
0010

2797
0010

2798
0010

2799
0001

2800
0100

2801
0100

2802
0010

2803
0100

2804
1111

2805
1000

2806
1000

2807
0100

2808
0001

2809
1000

2810
0100

2811
0001

2812
0001

2813
1000

2814
1000

2815
1100

2816
1000

2817
0001

2818
0010

2819
1000

2820
0001

2821
0010

2822
0100

2823
0100

2824
1000

2825
0010

2826
0100

2827
0010

2828
0010

2829
0010

2830
0001

2831
0001

2832
1001

2833
0001

2834
0100

2835
0010

2836
0001

2837
1000

2838
1000

2839
0100

2840
0001

2841
0001

2842
1000

2843
1000

2844
0001

2845
1000

2846
0100

2847
1000

2848
0001

2849
0001

2850
1000

2851
1000

2852
1000

2853
1000

2854
1000

2855
0010

2856
1000

2857
1000

2858
0100

2859
0010

2860
1000

2861
1010

2862
0001

2863
0100

2864
1000

2865
0001

2866
0100

2867
0100

2868
0001

2869
1000

2870
0001

2871
0100

2872
0010

2873
1000

2874
1000

2875
0001

2876
0011

2877
1001

2878
0100

2879
0001

2880
1000

2881
0001

2882
0010

2883
0010

2884
0001

2885
0001

2886
0001

2887
0010

2888
0010

2889
0010

2890
0010

2891
1000

2892
0001

2893
0101

2894
0001

2895
1000

2896
0010

2897
0001

2898
1000

2899
1000

2900
1000

2901
0100

2902
1000

2903
1000

2904
0100

2905
1000

2906
0100

2907
1000

2908
0010

2909
0100

2910
1000

2911
0001

2912
0100

2913
0001

2914
1000

2915
0001

2916
1000

2917
0100

2918
1000

2919
0010

2920
0001

2921
0010

2922
0100

2923
0110

2924
1000

2925
0010

2926
0010

2927
0100

2928
0010

2929
0001

2930
1000

2931
0001

2932
0001

2933
0001

2934
0100

2935
0100

2936
0010

2937
0010

2938
0100

2939
1000

2940
0011

2941
1000

2942
0001

2943
0100

2944
1000

2945
1000

2946
0010

2947
1000

2948
0100

2949
0001

2950
0001

2951
0001

2952
0110

2953
1000

2954
1000

2955
1100

2956
0010

2957
0001

2958
0001

2959
1000

2960
0010

2961
0010

2962
1000

2963
1000

2964
0100

2965
0100

2966
0001

2967
1000

2968
0010

2969
0010

2970
0001

2971
0001

2972
0100

2973
1001

2974
0100

2975
0010

2976
1000

2977
1000

2978
0010

2979
0001

2980
0010

2981
0010

2982
0010

2983
1000

2984
0001

2985
0010

2986
1000

2987
0001

2988
0010

2989
0010

2990
0100

2991
1000

2992
0100

2993
0010

2994
0001

2995
0001

2996
0011

2997
0010

2998
0100

2999
0001

3000
1000

3001
0010

3002
0010

3003
0100

3004
1000

3005
1000

3006
0010

3007
0001

3008
0010

3009
0010

3010
1000

3011
0001

3012
0010

3013
0100

3014
0010

3015
0001

3016
0001

3017
0001

3018
1000

3019
1000

3020
0001

3021
0010

3022
1000

3023
1000

3024
0001

3025
0010

3026
0001

3027
0001

3028
1000

3029
0010

3030
0001

3031
0001

3032
0010

3033
1000

3034
1000

3035
0100

3036
1000

3037
0001

3038
0001

3039
1000

3040
0100

3041
1100

3042
0100

3043
0100

3044
0100

3045
0010

3046
0100

3047
0100

3048
1000

3049
0001

3050
0011

3051
0100

3052
0010

3053
1000

3054
0010

3055
0100

3056
0010

3057
0100

3058
0010

3059
0010

3060
0100

3061
1000

3062
0100

3063
0001

3064
0100

3065
1000

3066
0100

3067
0010

3068
1010

3069
1000

3070
0001

3071
0010

3072
1000

3073
1000

3074
1000

3075
0001

3076
0001

3077
0001

3078
0010

3079
0010

3080
1000

3081
0010

3082
1000

3083
0010

3084
1000

3085
0010

3086
1100

3087
0010

3088
0001

3089
0010

3090
1000

3091
0100

3092
1000

3093
0100

3094
0100

3095
0001

3096
1000

3097
1000

3098
1000

3099
0001

3100
0001

3101
0001

3102
1000

3103
0011

3104
0001

3105
0100

3106
1010

3107
0100

3108
1000

3109
0001

3110
0100

3111
1000

3112
0100

3113
0001

3114
0001

3115
0100

3116
0100

3117
0100

3118
0100

3119
0001

3120
0010

3121
0010

3122
0100

3123
0100

3124
1000

3125
0100

3126
1000

3127
0001

3128
1000

3129
0100

3130
0100

3131
0100

3132
0010

3133
1000

3134
0001

3135
0010

3136
0001

3137
0001

3138
1100

3139
1000

3140
1000

3141
1000

3142
0001

3143
0001

3144
1000

3145
0010

3146
0001

3147
0100

3148
0010

3149
0010

3150
0010

3151
0001

3152
0100

3153
0010

3154
0010

3155
1000

3156
1000

3157
0100

3158
0100

3159
0001

3160
0100

3161
1000

3162
1000

3163
0001

3164
0001

3165
0010

3166
0100

3167
0100

3168
0010

3169
0001

3170
0100

3171
1000

3172
0010

3173
0100

3174
1000

3175
0100

3176
0100

3177
1000

3178
0010

3179
1000

3180
0100

3181
0010

3182
0001

3183
0001

3184
1000

3185
0011

3186
0010

3187
0100

3188
0001

3189
0010

3190
0010

3191
0010

3192
0010

3193
0010

3194
0010

3195
0001

3196
0001

3197
1100

3198
1000

3199
0100

3200
0100

3201
0001

3202
0010

3203
0010

3204
1010

3205
0001

3206
1000

3207
0001

3208
0100

3209
0010

3210
0001

3211
0100

3212
0100

3213
0010

3214
0100

3215
0001

3216
0010

3217
0001

3218
1000

3219
1000

3220
0100

3221
0001

3222
0100

3223
0001

3224
0100

3225
1000

3226
0100

3227
0001

3228
0100

3229
0001

3230
1000

3231
0100

3232
1000

3233
0001

3234
1000

3235
0001

3236
0010

3237
0100

3238
1000

3239
0100

3240
0100

3241
0010

3242
0001

3243
1000

3244
0001

3245
0001

3246
0100

3247
0100

3248
0001

3249
0010

3250
0100

3251
0010

3252
0010

3253
0001

3254
0010

3255
0010

3256
0100

3257
0001

3258
0100

3259
0010

3260
1000

3261
0010

3262
1000

3263
0010

3264
0001

3265
0010

3266
0010

3267
0100

3268
0001

3269
1001

3270
1000

3271
0100

3272
0100

3273
0010

3274
0010

3275
0010

3276
0001

3277
0010

3278
0010

3279
0001

3280
0010

3281
0101

3282
0001

3283
0100

3284
1000

3285
0001

3286
0001

3287
1000

3288
0001

3289
0001

3290
0010

3291
0010

3292
1111

3293
0010

3294
0010

3295
1000

3296
1000

3297
0100

3298
1000

3299
0100

3300
0100

3301
0100

3302
0010

3303
0010

3304
0001

3305
0001

3306
0010

3307
0001

3308
0100

3309
0010

3310
0001

3311
0100

3312
0100

3313
1100

3314
0010

3315
0010

3316
0001

3317
0001

3318
0010

3319
0001

3320
0001

3321
0010

3322
0010

3323
0110

3324
0010

3325
1000

3326
1000

3327
0001

3328
0010

3329
0100

3330
0100

3331
0001

3332
0100

3333
0100

3334
0010

3335
0010

3336
0010

3337
0100

3338
0010

3339
0001

3340
1000

3341
0001

3342
0100

3343
1000

3344
0100

3345
0010

3346
0010

3347
0100

3348
1000

3349
0010

3350
1000

3351
0001

3352
0010

3353
0010

3354
0010

3355
0100

3356
0001

3357
0011

3358
1000

3359
0100

3360
0010

3361
0010

3362
1000

3363
1000

3364
0010

3365
1000

3366
0110

3367
0010

3368
0100

3369
0100

3370
0001

3371
1000

3372
0001

3373
0100

3374
1000

3375
0010

3376
0001

3377
0001

3378
1000

3379
1000

3380
1000

3381
1000

3382
1000

3383
0010

3384
0100

3385
0100

3386
0100

3387
0100

3388
1000

3389
1000

3390
0001

3391
0010

3392
0001

3393
0010

3394
1000

3395
0010

3396
1000

3397
0011

3398
0100

3399
1000

3400
0100

3401
0100

3402
0001

3403
0010

3404
0100

3405
0100

3406
0010

3407
0100

3408
0010

3409
0001

3410
0100

3411
0010

3412
0100

3413
0100

3414
1000

3415
0100

3416
0010

3417
0100

3418
1001

3419
0001

3420
0100

3421
0001

3422
0100

3423
1000

3424
0001

3425
0001

3426
0100

3427
1000

3428
0110

3429
0001

3430
0001

3431
0010

3432
1000

3433
0110

3434
1000

3435
0001

3436
1000

3437
0001

3438
0010

3439
0010

3440
0001

3441
0001

3442
0100

3443
0010

3444
0001

3445
0010

3446
0010

3447
0001

3448
1000

3449
0010

3450
0001

3451
0001

3452
0010

3453
0100

3454
0011

3455
0100

3456
0001

3457
0100

3458
0001

3459
0100

3460
0001

3461
0001

3462
1000

3463
0010

3464
0010

3465
0100

3466
1000

3467
1000

3468
1000

3469
1000

3470
1000

3471
0010

3472
0001

3473
0100

3474
0010

3475
0010

3476
0010

3477
1000

3478
0100

3479
0001

3480
0001

3481
1000

3482
0010

3483
1000

3484
0100

3485
0100

3486
0010

3487
1000

3488
0010

3489
0100

3490
0010

3491
1000

3492
1000

3493
0010

3494
0100

3495
0001

3496
1000

3497
0001

3498
0010

3499
0010

3500
1000

3501
1111

3502
0010

3503
0001

3504
0010

3505
0110

3506
1000

3507
0001

3508
0010

3509
0010

3510
1000

3511
0100

3512
1000

3513
0010

3514
1000

3515
0001

3516
0100

3517
1000

3518
1000

3519
0001

3520
0100

3521
0010

3522
0001

3523
0100

3524
0100

3525
0010

3526
0001

3527
0010

3528
0100

3529
0001

3530
0100

3531
0001

3532
1000

3533
0010

3534
1000

3535
0100

3536
0100

3537
0110

3538
0001

3539
0010

3540
1010

3541
0010

3542
0001

3543
0001

3544
0100

3545
1100

3546
0010

3547
0100

3548
1000

3549
0010

3550
0010

3551
0001

3552
1000

3553
0001

3554
0001

3555
1000

3556
0001

3557
0100

3558
0100

3559
0010

3560
0010

3561
0001

3562
1000

3563
0100

3564
0010

3565
0001

3566
0100

3567
0100

3568
0010

3569
1000

3570
1000

3571
1000

3572
1000

3573
0100

3574
0010

3575
1000

3576
1000

3577
0010

3578
1000

3579
0100

3580
0100

3581
1000

3582
1000

3583
0010

3584
0001

3585
0010

3586
0100

3587
0100

3588
0010

3589
0010

3590
0001

3591
0100

3592
0010

3593
0001

3594
1000

3595
1000

3596
1000

3597
0100

3598
0001

3599
1000

3600
1000

3601
0001

3602
1000

3603
0010

3604
0001

3605
0010

3606
1000

3607
0100

3608
0100

3609
0001

3610
1000

3611
0100

3612
0001

3613
0001

3614
1000

3615
0010

3616
1000

3617
0001

3618
0001

3619
0100

3620
0011

3621
0100

3622
1000

3623
1000

3624
0010

3625
0001

3626
0010

3627
1111

3628
1000

3629
1000

3630
1000

3631
0001

3632
1000

3633
0100

3634
0010

3635
0100

3636
1111

3637
1000

3638
0011

3639
0010

3640
0001

3641
0110

3642
1000

3643
0010

3644
0100

3645
1000

3646
0001

3647
0010

3648
0001

3649
1000

3650
0010

3651
0100

3652
0001

3653
1000

3654
0010

3655
0001

3656
1000

3657
1000

3658
1000

3659
1000

3660
0001

3661
0100

3662
0100

3663
1000

3664
0001

3665
0010

3666
0001

3667
0100

3668
0100

3669
0010

3670
0100

3671
0010

3672
0100

3673
0010

3674
0001

3675
0100

3676
0100

3677
0100

3678
0010

3679
0100

3680
0001

3681
0001

3682
0010

3683
0001

3684
0010

3685
0010

3686
0010

3687
0100

3688
0100

3689
0100

3690
0100

3691
0001

3692
0100

3693
0001

3694
0001

3695
0100

3696
0010

3697
0001

3698
1100

3699
1111

3700
0100

3701
0001

3702
0001

3703
0001

3704
0100

3705
1000

3706
0001

3707
0010

3708
1000

3709
0001

3710
0010

3711
0010

3712
1000

3713
0010

3714
0001

3715
0100

3716
1000

3717
0010

3718
0001

3719
1000

3720
0010

3721
0001

3722
0100

3723
0010

3724
1000

3725
1000

3726
0001

3727
0001

3728
1000

3729
1000

3730
0001

3731
1000

3732
1000

3733
0010

3734
0010

3735
0100

3736
0100

3737
1000

3738
0001

3739
1000

3740
0010

3741
0001

3742
0001

3743
1000

3744
0001

3745
0001

3746
0010

3747
0010

3748
0100

3749
0010

3750
0001

3751
1000

3752
0010

3753
0100

3754
0100

3755
0010

3756
0001

3757
1000

3758
0001

3759
0001

3760
0100

3761
0001

3762
0100

3763
0010

3764
0001

3765
0100

3766
1000

3767
0001

3768
1000

3769
0100

3770
0010

3771
0010

3772
1000

3773
0001

3774
0100

3775
0100

3776
0100

3777
1000

3778
1000

3779
0100

3780
0001

3781
0001

3782
0100

3783
0001

3784
0100

3785
1000

3786
0100

3787
1000

3788
0010

3789
0010

3790
0100

3791
0100

3792
1000

3793
0010

3794
0010

3795
0100

3796
1001

3797
1000

3798
1000

3799
0100

3800
0100

3801
1000

3802
0001

3803
0010

3804
0100

3805
0001

3806
1000

3807
0001

3808
0100

3809
1000

3810
0010

3811
0100

3812
0110

3813
1001

3814
0001

3815
0001

3816
0010

3817
0001

3818
0001

3819
1000

3820
0100

3821
0010

3822
1000

3823
0100

3824
1000

3825
0010

3826
0100

3827
0100

3828
0100

3829
1000

3830
1000

3831
1000

3832
0100

3833
1000

3834
0100

3835
0010

3836
0100

3837
1000

3838
0010

3839
0001

3840
1000

3841
0010

3842
0010

3843
0001

3844
0010

3845
1000

3846
0010

3847
0001

3848
1000

3849
1000

3850
1000

3851
1000

3852
0001

3853
1000

3854
0110

3855
0001

3856
0100

3857
0001

3858
0001

3859
1100

3860
0001

3861
0001

3862
0001

3863
0001

3864
0010

3865
0010

3866
1001

3867
0100

3868
0010

3869
0001

3870
1000

3871
0001

3872
1010

3873
0100

3874
0010

3875
0001

3876
1000

3877
0010

3878
1000

3879
1000

3880
0100

3881
0001

3882
0010

3883
1000

3884
0100

3885
0100

3886
0001

3887
0010

3888
0010

3889
0001

3890
0001

3891
0100

3892
0010

3893
0100

3894
0001

3895
0010

3896
0010

3897
0010

3898
0001

3899
0001

3900
0001

3901
1000

3902
0100

3903
0100

3904
0100

3905
0100

3906
1111

3907
1100

3908
0001

3909
1000

3910
1000

3911
0010

3912
1000

3913
1000

3914
0001

3915
0001

3916
1000

3917
0100

3918
1000

3919
0010

3920
1000

3921
1000

3922
0100

3923
1000

3924
0010

3925
1100

3926
0001

3927
1000

3928
1000

3929
0001

3930
1000

3931
1000

3932
0010

3933
0001

3934
0010

3935
0001

3936
0101

3937
1000

3938
1000

3939
0010

3940
0001

3941
1000

3942
1000

3943
0001

3944
0010

3945
0010

3946
0100

3947
0100

3948
0001

3949
0001

3950
0010

3951
0100

3952
0100

3953
1000

3954
0100

3955
0010

3956
0100

3957
0001

3958
1000

3959
0001

3960
0001

3961
1000

3962
1000

3963
0100

3964
1000

3965
1000

3966
1000

3967
0010

3968
0001

3969
1000

3970
0100

3971
0010

3972
1000

3973
0001

3974
0010

3975
0010

3976
0010

3977
1000

3978
0010

3979
0100

3980
0001

3981
0001

3982
0100

3983
1000

3984
1000

3985
0100

3986
0100

3987
1000

3988
0100

3989
0001

3990
0100

3991
0100

3992
0001

3993
1000

3994
0100

3995
0001

3996
1000

3997
0010

3998
0010

3999
0110

4000
0001

4001
0001

4002
1000

4003
0100

4004
0001

4005
1000

4006
1000

4007
0010

4008
0010

4009
0100

4010
0100

4011
0100

4012
0100

4013
1000

4014
0001

4015
0001

4016
0001

4017
0001

4018
1000

4019
0010

4020
1000

4021
0001

4022
0001

4023
0001

4024
0010

4025
0001

4026
0001

4027
1001

4028
0100

4029
0010

4030
0100

4031
0001

4032
0001

4033
0011

4034
0100

4035
1000

4036
0010

4037
0010

4038
1011

4039
0001

4040
0100

4041
0001

4042
0001

4043
0010

4044
0001

4045
0011

4046
0001

4047
1000

4048
0010

4049
0010

4050
1000

4051
0100

4052
0001

4053
0010

4054
0100

4055
1000

4056
0010

4057
1000

4058
0001

4059
0010

4060
1000

4061
0100

4062
1000

4063
0001

4064
1000

4065
1000

4066
0100

4067
0100

4068
0100

4069
1000

4070
0001

4071
0100

4072
0100

4073
0001

4074
0100

4075
0001

4076
0010

4077
0001

4078
0100

4079
0010

4080
1000

4081
0001

4082
1000

4083
0010

4084
1000

4085
0010

4086
0100

4087
0010

4088
0010

4089
0100

4090
0100

4091
1000

4092
1000

4093
0001

4094
0010

4095
0100

4096
1000

4097
1000

4098
0010

4099
1000

4100
0100

4101
0010

4102
1000

4103
1000

4104
1000

4105
0001

4106
0001

4107
0010

4108
0010

4109
0001

4110
0001

4111
0001

4112
1000

4113
0100

4114
0010

4115
1000

4116
0001

4117
1000

4118
0010

4119
0001

4120
0010

4121
0010

4122
0100

4123
0010

4124
0010

4125
0001

4126
0100

4127
0100

4128
0010

4129
1000

4130
0100

4131
0010

4132
0100

4133
0001

4134
1000

4135
0001

4136
0100

4137
1000

4138
0100

4139
0100

4140
1001

4141
1000

4142
0010

4143
0010

4144
1000

4145
1000

4146
0001

4147
0100

4148
0001

4149
1000

4150
0010

4151
0100

4152
0001

4153
0100

4154
0100

4155
0001

4156
1000

4157
0001

4158
1000

4159
1000

4160
0001

4161
0100

4162
0100

4163
1000

4164
0001

4165
0001

4166
0100

4167
0010

4168
0010

4169
1000

4170
0100

4171
0010

4172
1000

4173
0100

4174
1000

4175
0010

4176
0100

4177
0100

4178
0001

4179
1000

4180
1000

4181
0001

4182
0100

4183
0100

4184
1000

4185
0010

4186
0001

4187
1000

4188
1000

4189
0100

4190
0010

4191
0001

4192
1000

4193
0010

4194
0001

4195
0001

4196
0010

4197
0001

4198
0100

4199
1000

4200
0010

4201
0001

4202
1000

4203
0010

4204
1000

4205
1000

4206
1000

4207
1000

4208
0100

4209
0001

4210
1000

4211
0001

4212
0010

4213
0010

4214
0001

4215
0100

4216
0001

4217
0010

4218
0001

4219
0100

4220
0001

4221
0010

4222
1000

4223
1000

4224
0010

4225
0100

4226
0100

4227
0100

4228
0001

4229
0100

4230
0100

4231
0001

4232
0010

4233
0001

4234
0100

4235
1000

4236
1000

4237
0001

4238
1000

4239
0100

4240
0010

4241
1000

4242
0010

4243
0010

4244
1000

4245
0001

4246
0010

4247
1000

4248
0001

4249
0001

4250
0001

4251
1001

4252
0010

4253
0100

4254
0011

4255
0001

4256
1000

4257
0001

4258
1000

4259
1000

4260
0001

4261
0100

4262
0100

4263
0100

4264
0010

4265
0010

4266
1000

4267
0001

4268
0100

4269
1000

4270
1000

4271
0100

4272
1000

4273
0010

4274
1000

4275
1000

4276
1000

4277
0010

4278
0001

4279
0100

4280
1010

4281
0010

4282
1000

4283
0010

4284
1000

4285
0100

4286
1000

4287
0010

4288
0010

4289
1000

4290
0010

4291
0100

4292
0100

4293
0001

4294
0100

4295
0010

4296
0100

4297
1000

4298
0001

4299
0010

4300
0100

4301
0010

4302
0010

4303
0001

4304
0001

4305
0100

4306
0001

4307
0010

4308
0001

4309
0010

4310
1000

4311
0100

4312
0100

4313
1000

4314
0010

4315
0100

4316
0100

4317
0001

4318
1000

4319
0010

4320
0100

4321
1000

4322
0010

4323
0100

4324
0100

4325
0100

4326
0001

4327
1001

4328
1000

4329
1000

4330
1000

4331
0001

4332
1001

4333
0100

4334
1000

4335
0010

4336
1000

4337
0010

4338
0001

4339
0001

4340
0001

4341
1000

4342
0100

4343
0001

4344
0100

4345
0010

4346
0100

4347
0001

4348
0100

4349
0001

4350
0001

4351
0100

4352
0010

4353
0100

4354
0001

4355
0001

4356
0001

4357
0001

4358
0010

4359
0100

4360
0100

4361
0001

4362
1000

4363
0001

4364
0100

4365
0010

4366
1000

4367
1000

4368
0100

4369
0001

4370
0100

4371
1000

4372
0100

4373
1000

4374
0100

4375
0100

4376
0001

4377
0001

4378
1000

4379
0100

4380
0010

4381
0001

4382
1000

4383
0001

4384
0100

4385
1000

4386
1000

4387
0001

4388
1000

4389
0001

4390
0100

4391
1000

4392
0001

4393
0010

4394
0010

4395
1000

4396
1000

4397
0010

4398
0010

4399
0001

4400
0010

4401
0001

4402
1000

4403
0001

4404
0001

4405
0001

4406
1000

4407
0100

4408
0001

4409
0001

4410
1000

4411
0100

4412
0001

4413
0100

4414
0010

4415
0100

4416
0100

4417
0001

4418
0001

4419
0010

4420
0010

4421
0100

4422
1000

4423
0010

4424
0001

4425
0100

4426
1000

4427
0010

4428
1000

4429
0100

4430
0001

4431
0010

4432
0010

4433
1000

4434
1000

4435
0010

4436
0011

4437
0100

4438
0001

4439
0100

4440
0001

4441
1000

4442
0001

4443
0010

4444
0100

4445
0001

4446
0100

4447
1000

4448
0010

4449
0001

4450
0001

4451
0010

4452
0001

4453
1000

4454
0010

4455
0100

4456
0100

4457
1000

4458
1000

4459
0010

4460
0100

4461
0001

4462
0001

4463
0010

4464
1000

4465
1000

4466
0001

4467
0010

4468
1000

4469
0010

4470
0010

4471
0001

4472
0010

4473
1000

4474
0100

4475
0001

4476
0010

4477
1000

4478
0010

4479
1000

4480
0100

4481
0010

4482
0100

4483
1000

4484
0001

4485
0010

4486
1100

4487
0100

4488
0001

4489
0001

4490
0010

4491
0100

4492
0100

4493
0001

4494
1111

4495
0001

4496
0001

4497
0001

4498
0100

4499
0001

4500
0001

4501
1000

4502
0001

4503
0001

4504
0110

4505
0010

4506
0001

4507
1001

4508
0100

4509
0100

4510
1000

4511
0010

4512
0010

4513
1000

4514
1000

4515
0010

4516
1000

4517
0010

4518
0010

4519
0001

4520
0010

4521
0010

4522
1000

4523
0001

4524
0100

4525
1111

4526
0100

4527
0001

4528
1000

4529
0001

4530
0010

4531
1000

4532
0010

4533
0010

4534
0010

4535
0010

4536
1000

4537
0010

4538
1000

4539
0100

4540
1000

4541
0010

4542
0100

4543
0010

4544
0010

4545
0010

4546
0010

4547
1111

4548
0100

4549
0100

4550
0001

4551
0100

4552
0010

4553
0010

4554
0001

4555
0010

4556
0001

4557
0010

4558
0100

4559
0100

4560
0100

4561
0001

4562
1000

4563
0001

4564
0100

4565
0010

4566
0001

4567
1000

4568
0010

4569
0001

4570
1100

4571
0010

4572
0100

4573
1000

4574
1000

4575
1000

4576
1000

4577
1000

4578
0001

4579
0010

4580
0001

4581
1000

4582
0010

4583
0001

4584
0100

4585
1000

4586
0010

4587
0100

4588
1000

4589
0110

4590
1000

4591
1000

4592
0001

4593
0001

4594
1000

4595
0010

4596
1000

4597
1000

4598
0010

4599
0100

4600
1000

4601
0100

4602
0001

4603
0100

4604
1000

4605
0001

4606
0100

4607
1000

4608
0010

4609
0010

4610
0010

4611
0011

4612
1000

4613
1000

4614
0100

4615
0010

4616
0010

4617
0100

4618
1000

4619
1000

4620
0010

4621
0100

4622
0100

4623
0001

4624
0100

4625
1000

4626
0010

4627
0001

4628
1000

4629
0001

4630
0010

4631
0001

4632
0001

4633
0100

4634
0100

4635
0001

4636
0100

4637
1000

4638
1000

4639
0100

4640
0100

4641
0100

4642
0100

4643
0010

4644
0001

4645
0100

4646
0100

4647
0100

4648
0010

4649
0100

4650
0100

4651
0010

4652
1000

4653
1000

4654
0100

4655
0100

4656
1000

4657
0001

4658
0001

4659
0001

4660
0010

4661
0010

4662
0010

4663
1000

4664
0100

4665
1000

4666
1000

4667
0010

4668
0100

4669
1000

4670
1000

4671
0100

4672
0100

4673
0100

4674
0100

4675
1000

4676
0001

4677
1000

4678
0110

4679
0010

4680
1000

4681
1000

4682
1000

4683
0001

4684
0010

4685
1000

4686
0011

4687
0010

4688
0001

4689
1000

4690
0001

4691
0010

4692
0100

4693
0001

4694
0001

4695
0100

4696
0100

4697
1000

4698
1000

4699
1000

4700
1000

4701
0001

4702
1000

4703
0001

4704
0100

4705
0100

4706
0100

4707
0001

4708
1000

4709
0001

4710
0001

4711
0010

4712
1000

4713
0001

4714
0001

4715
0100

4716
0100

4717
0100

4718
0100

4719
0010

4720
0100

4721
0100

4722
0100

4723
1000

4724
0100

4725
0001

4726
1000

4727
1000

4728
0001

4729
0100

4730
0001

4731
1000

4732
1000

4733
0100

4734
0001

4735
0001

4736
0010

4737
1000

4738
0100

4739
1000

4740
1000

4741
1000

4742
0001

4743
0001

4744
0001

4745
0100

4746
0001

4747
0001

4748
1000

4749
0010

4750
1000

4751
0001

4752
0010

4753
0001

4754
1000

4755
1000

4756
1000

4757
1100

4758
0001

4759
0001

4760
0001

4761
0101

4762
0001

4763
0100

4764
0100

4765
0100

4766
0010

4767
0001

4768
0010

4769
1000

4770
0010

4771
0010

4772
0100

4773
1000

4774
0001

4775
0001

4776
0010

4777
0001

4778
1000

4779
0010

4780
0010

4781
0001

4782
1100

4783
0100

4784
0001

4785
1000

4786
0100

4787
1000

4788
1111

4789
0101

4790
0001

4791
1000

4792
1000

4793
0010

4794
0001

4795
0100

4796
0100

4797
1000

4798
0001

4799
0001

4800
0001

4801
0010

4802
1010

4803
0100

4804
0001

4805
0001

4806
0010

4807
0100

4808
1010

4809
0100

4810
1000

4811
1000

4812
0010

4813
0100

4814
1000

4815
0100

4816
0001

4817
1000

4818
0010

4819
0100

4820
0100

4821
1000

4822
1000

4823
0110

4824
1000

4825
0001

4826
1000

4827
0010

4828
0110

4829
0010

4830
0100

4831
1100

4832
1000

4833
0001

4834
1000

4835
0100

4836
0100

4837
1000

4838
0100

4839
1000

4840
0100

4841
0001

4842
0010

4843
0001

4844
0001

4845
0010

4846
0010

4847
0001

4848
0100

4849
1000

4850
1000

4851
1000

4852
0010

4853
0010

4854
0010

4855
0100

4856
0010

4857
0100

4858
0001

4859
1000

4860
0001

4861
0100

4862
1000

4863
0001

4864
1000

4865
0100

4866
0001

4867
0100

4868
0010

4869
0100

4870
1000

4871
1000

4872
1000

4873
0001

4874
0001

4875
0010

4876
0001

4877
0010

4878
1000

4879
0001

4880
0001

4881
0010

4882
1000

4883
0100

4884
1000

4885
1100

4886
1000

4887
0010

4888
0001

4889
1000

4890
0010

4891
1000

4892
0001

4893
1000

4894
0100

4895
1000

4896
0100

4897
0100

4898
0100

4899
0100

4900
0001

4901
0001

4902
0100

4903
0001

4904
1000

4905
1000

4906
0100

4907
0100

4908
0010

4909
0001

4910
0100

4911
0001

4912
0001

4913
0010

4914
0001

4915
0001

4916
1000

4917
1000

4918
0100

4919
1000

4920
1000

4921
1000

4922
1000

4923
0100

4924
1000

4925
0001

4926
1000

4927
0100

4928
0100

4929
0100

4930
0001

4931
1000

4932
1000

4933
0010

4934
0010

4935
0001

4936
0010

4937
1000

4938
0011

4939
0010

4940
1001

4941
0001

4942
0001

4943
0100

4944
0001

4945
0100

4946
0100

4947
1000

4948
0010

4949
0100

4950
0010

4951
1000

4952
1000

4953
0001

4954
0010

4955
0100

4956
1100

4957
1000

4958
0110

4959
0100

4960
0001

4961
0001

4962
0100

4963
0010

4964
0001

4965
1000

4966
1000

4967
0001

4968
0010

4969
1000

4970
0100

4971
0100

4972
0100

4973
1000

4974
0110

4975
1000

4976
0100

4977
1000

4978
0001

4979
1000

4980
1000

4981
0100

4982
0100

4983
1000

4984
0001

4985
1000

4986
0100

4987
1000

4988
0010

4989
0100

4990
1000

4991
0001

4992
0010

4993
0100

4994
0100

4995
0010

4996
0100

4997
0010

4998
1000

4999
0100

5000
0100

5001
0100

5002
0100

5003
0100

5004
0100

5005
1000

5006
0100

5007
0100

5008
0100

5009
1000

5010
1000

5011
1000

5012
1100

5013
0001

5014
1000

5015
0001

5016
1000

5017
0101

5018
1000

5019
0010

5020
0001

5021
0001

5022
0001

5023
0010

5024
0001

5025
0001

5026
0001

5027
0100

5028
1000

5029
0001

5030
0010

5031
1100

5032
1000

5033
0100

5034
1100

5035
0100

5036
1000

5037
0010

5038
0100

5039
0001

5040
0001

5041
1000

5042
0001

5043
1000

5044
0001

5045
1000

5046
1000

5047
1000

5048
0001

5049
0100

5050
0100

5051
0010

5052
0010

5053
0100

5054
0100

5055
0001

5056
0010

5057
0100

5058
0001

5059
0100

5060
0001

5061
0010

5062
1000

5063
0010

5064
0010

5065
0100

5066
0010

5067
0001

5068
0100

5069
0001

5070
0001

5071
0101

5072
0010

5073
0001

5074
0001

5075
0010

5076
1000

5077
0010

5078
0010

5079
1000

5080
0100

5081
0100

5082
0001

5083
0001

5084
1000

5085
1000

5086
1000

5087
1000

5088
1000

5089
1001

5090
0001

5091
0010

5092
1000

5093
0010

5094
0001

5095
0001

5096
0100

5097
0010

5098
1000

5099
0001

5100
1000

5101
0100

5102
1000

5103
0010

5104
0010

5105
0010

5106
0100

5107
0010

5108
0010

5109
1000

5110
0001

5111
0001

5112
0100

5113
0100

5114
0011

5115
1000

5116
0010

5117
0100

5118
1000

5119
0010

5120
0001

5121
0010

5122
0010

5123
0100

5124
1000

5125
1000

5126
0001

5127
0001

5128
0100

5129
0100

5130
0010

5131
0001

5132
1000

5133
0001

5134
0001

5135
0010

5136
0100

5137
0100

5138
0100

5139
1000

5140
1000

5141
0010

5142
0001

5143
0100

5144
1010

5145
0010

5146
1000

5147
1000

5148
1000

5149
1000

5150
0001

5151
0011

5152
0100

5153
0100

5154
1001

5155
0100

5156
1000

5157
0110

5158
0100

5159
1000

5160
0110

5161
0001

5162
0100

5163
0010

5164
1000

5165
0100

5166
0010

5167
0100

5168
0001

5169
1100

5170
0001

5171
0010

5172
0010

5173
1000

5174
0001

5175
0010

5176
0001

5177
0010

5178
0001

5179
1000

5180
0010

5181
0001

5182
0100

5183
0100

5184
0001

5185
1000

5186
1000

5187
0010

5188
1000

5189
1100

5190
0100

5191
1000

5192
0001

5193
0001

5194
1000

5195
0100

5196
0010

5197
0010

5198
1000

5199
0001

5200
0001

5201
0010

5202
0001

5203
0001

5204
0001

5205
0001

5206
0001

5207
0001

5208
1000

5209
1000

5210
1000

5211
0100

5212
0100

5213
0100

5214
1000

5215
0001

5216
0010

5217
0001

5218
0001

5219
0001

5220
0110

5221
1000

5222
0001

5223
0100

5224
0100

5225
0001

5226
0100

5227
1000

5228
0010

5229
0001

5230
0100

5231
1000

5232
0010

5233
0010

5234
0010

5235
0100

5236
1000

5237
0001

5238
0001

5239
0001

5240
1000

5241
1100

5242
1010

5243
0100

5244
1000

5245
0010

5246
0100

5247
0100

5248
0001

5249
1000

5250
0100

5251
0010

5252
1000

5253
0110

5254
0001

5255
0001

5256
1010

5257
0100

5258
0010

5259
0100

5260
0100

5261
0010

5262
1000

5263
0010

5264
0010

5265
0010

5266
0001

5267
0101

5268
1000

5269
0001

5270
0100

5271
0010

5272
1000

5273
1000

5274
1010

5275
0010

5276
0100

5277
0010

5278
0010

5279
0100

5280
1000

5281
1000

5282
0010

5283
0010

5284
0010

5285
1000

5286
1000

5287
0001

5288
0100

5289
0100

5290
0010

5291
0010

5292
0001

5293
0100

5294
0010

5295
0100

5296
0010

5297
0001

5298
0001

5299
0100

5300
0001

5301
0010

5302
1000

5303
1111

5304
0001

5305
0100

5306
1000

5307
0010

5308
1000

5309
0100

5310
0001

5311
0010

5312
0010

5313
1000

5314
0001

5315
1000

5316
0001

5317
0100

5318
1000

5319
0001

5320
0100

5321
0011

5322
0100

5323
1000

5324
0001

5325
1000

5326
0001

5327
0010

5328
1000

5329
0100

5330
0001

5331
1100

5332
1000

5333
0100

5334
0001

5335
1000

5336
0001

5337
1001

5338
0001

5339
0010

5340
0100

5341
0011

5342
0100

5343
1111

5344
0001

5345
1000

5346
0001

5347
1000

5348
1000

5349
0100

5350
0100

5351
0010

5352
1000

5353
1000

5354
1000

5355
0010

5356
0100

5357
1000

5358
1001

5359
1000

5360
0010

5361
0010

5362
0100

5363
0001

5364
1000

5365
0010

5366
1000

5367
0010

5368
1000

5369
0001

5370
0101

5371
1000

5372
0010

5373
1000

5374
0010

5375
1000

5376
0001

5377
1000

5378
0001

5379
0010

5380
1000

5381
1000

5382
0010

5383
1000

5384
0100

5385
0001

5386
0011

5387
1000

5388
0100

5389
0100

5390
0001

5391
0001

5392
1000

5393
1000

5394
0100

5395
0100

5396
0100

5397
0001

5398
0010

5399
0100

5400
1000

5401
1000

5402
1000

5403
1000

5404
1000

5405
0010

5406
0001

5407
0100

5408
0011

5409
0001

5410
1100

5411
0001

5412
1000

5413
0010

5414
0100

5415
0001

5416
0001

5417
0100

5418
0010

5419
0010

5420
0100

5421
0100

5422
0001

5423
0010

5424
0100

5425
1000

5426
0001

5427
0001

5428
1000

5429
1000

5430
0100

5431
0001

5432
0100

5433
0100

5434
0100

5435
0010

5436
0010

5437
0010

5438
0100

5439
0010

5440
0001

5441
0110

5442
1000

5443
0010

5444
0001

5445
0001

5446
0010

5447
0100

5448
0010

5449
1010

5450
0001

5451
0100

5452
0100

5453
0010

5454
0001

5455
0001

5456
0100

5457
0100

5458
1000

5459
1000

5460
1000

5461
0100

5462
0010

5463
0001

5464
0100

5465
1000

5466
1000

5467
1000

5468
1000

5469
0010

5470
0001

5471
0010

5472
1000

5473
0100

5474
0100

5475
0100

5476
0001

5477
0010

5478
0010

5479
0100

5480
0100

5481
0100

5482
1000

5483
1000

5484
1000

5485
1000

5486
0001

5487
0001

5488
0001

5489
0010

5490
1000

5491
0100

5492
0001

5493
1001

5494
0100

5495
0001

5496
0010

5497
0001

5498
1000

5499
0001

5500
0100

5501
0001

5502
1000

5503
0001

5504
0001

5505
0001

5506
0010

5507
1000

5508
0001

5509
1000

5510
0100

5511
0001

5512
0010

5513
1001

5514
0001

5515
0001

5516
1000

5517
0011

5518
0010

5519
0001

5520
0100

5521
0001

5522
0001

5523
0100

5524
0010

5525
0001

5526
1000

5527
0010

5528
0001

5529
0001

5530
1000

5531
0100

5532
0001

5533
0001

5534
1000

5535
0001

5536
1000

5537
1000

5538
0100

5539
1000

5540
0100

5541
1000

5542
0001

5543
0010

5544
0001

5545
0100

5546
1000

5547
0010

5548
1000

5549
0100

5550
0001

5551
1000

5552
0010

5553
0010

5554
0010

5555
0010

5556
0001

5557
0010

5558
0010

5559
1000

5560
0010

5561
1000

5562
0001

5563
0100

5564
0100

5565
0100

5566
0010

5567
0010

5568
1000

5569
1000

5570
0010

5571
0001

5572
0010

5573
0001

5574
0010

5575
0010

5576
0010

5577
0010

5578
1100

5579
1000

5580
0100

5581
0010

5582
0100

5583
0100

5584
0010

5585
1000

5586
0001

5587
1111

5588
0011

5589
1000

5590
0010

5591
1100

5592
0100

5593
0001

5594
0001

5595
0100

5596
1000

5597
0001

5598
0010

5599
0001

5600
1000

5601
0100

5602
1000

5603
0010

5604
0100

5605
0010

5606
0010

5607
0010

5608
0001

5609
0001

5610
0001

5611
1000

5612
0010

5613
0001

5614
0010

5615
0010

5616
0001

5617
1000

5618
0010

5619
0001

5620
0101

5621
1000

5622
1000

5623
0001

5624
1000

5625
0001

5626
0001

5627
1000

5628
0010

5629
1000

5630
0010

5631
0010

5632
0010

5633
1000

5634
0001

5635
0001

5636
0001

5637
0100

5638
0010

5639
1000

5640
0001

5641
0001

5642
0001

5643
1000

5644
1000

5645
0100

5646
0010

5647
1000

5648
0001

5649
1000

5650
0100

5651
1000

5652
0001

5653
0100

5654
0010

5655
0100

5656
0001

5657
0010

5658
0100

5659
0010

5660
0101

5661
1000

5662
1000

5663
1000

5664
0100

5665
0001

5666
0100

5667
0100

5668
0100

5669
0100

5670
0100

5671
0010

5672
0001

5673
0010

5674
0100

5675
1001

5676
1000

5677
0001

5678
1000

5679
0100

5680
1000

5681
1000

5682
0001

5683
0001

5684
1000

5685
0100

5686
0100

5687
0001

5688
0010

5689
0010

5690
0100

5691
0010

5692
0100

5693
0100

5694
1000

5695
0100

5696
0010

5697
1000

5698
0010

5699
0001

5700
0100

5701
0100

5702
0010

5703
0100

5704
0010

5705
1000

5706
0100

5707
0001

5708
1000

5709
1000

5710
0100

5711
0001

5712
1000

5713
0100

5714
0010

5715
0010

5716
0100

5717
0100

5718
0001

5719
1000

5720
1000

5721
1000

5722
0001

5723
0100

5724
0100

5725
0100

5726
0001

5727
0011

5728
0001

5729
1000

5730
0100

5731
0100

5732
0100

5733
0001

5734
0100

5735
0001

5736
1000

5737
0010

5738
0010

5739
0001

5740
0010

5741
0101

5742
0001

5743
0001

5744
1000

5745
1000

5746
0001

5747
1000

5748
1000

5749
0100

5750
0001

5751
1000

5752
0100

5753
0001

5754
1000

5755
0010

5756
1001

5757
0100

5758
1000

5759
0100

5760
0010

5761
0001

5762
0110

5763
1000

5764
0100

5765
0101

5766
0100

5767
1000

5768
0100

5769
0100

5770
1000

5771
1000

5772
0010

5773
0010

5774
0100

5775
0100

5776
0001

5777
0010

5778
0001

5779
0100

5780
1000

5781
0100

5782
0100

5783
0001

5784
0001

5785
0100

5786
0100

5787
0100

5788
1000

5789
0100

5790
1000

5791
0010

5792
0010

5793
0010

5794
0010

5795
0100

5796
0010

5797
1111

5798
0010

5799
0010

5800
0010

5801
0100

5802
0010

5803
1000

5804
0100

5805
1001

5806
1000

5807
0010

5808
0100

5809
0010

5810
0001

5811
0001

5812
0100

5813
1000

5814
0100

5815
0100

5816
0001

5817
0010

5818
0001

5819
0001

5820
0010

5821
0010

5822
0100

5823
0010

5824
0010

5825
0100

5826
1000

5827
0001

5828
0100

5829
0010

5830
0001

5831
0100

5832
1000

5833
0011

5834
0010

5835
0001

5836
0001

5837
1000

5838
0001

5839
0100

5840
1000

5841
0010

5842
0010

5843
1100

5844
0100

5845
0010

5846
0001

5847
0010

5848
0001

5849
1000

5850
0100

5851
0100

5852
1000

5853
0001

5854
0001

5855
0001

5856
0100

5857
0010

5858
1000

5859
0100

5860
0010

5861
0001

5862
0010

5863
1000

5864
1000

5865
0100

5866
1000

5867
0100

5868
0010

5869
1000

5870
0100

5871
0100

5872
0100

5873
0100

5874
0001

5875
1000

5876
1000

5877
0001

5878
0010

5879
0100

5880
0010

5881
0010

5882
1000

5883
0100

5884
0011

5885
0100

5886
0101

5887
0100

5888
1000

5889
0001

5890
0010

5891
0001

5892
0010

5893
0001

5894
0010

5895
0100

5896
0001

5897
0001

5898
1000

5899
0100

5900
0001

5901
0010

5902
0100

5903
0010

5904
1000

5905
1100

5906
0010

5907
0100

5908
1000

5909
1100

5910
0001

5911
0001

5912
0010

5913
0100

5914
1000

5915
0010

5916
0001

5917
1100

5918
0001

5919
1000

5920
0001

5921
0001

5922
1000

5923
0001

5924
0001

5925
0100

5926
1000

5927
0001

5928
0001

5929
1000

5930
1000

5931
1000

5932
0001

5933
0100

5934
0100

5935
0010

5936
1000

5937
0100

5938
0010

5939
0001

5940
0001

5941
0010

5942
0100

5943
0010

5944
0100

5945
1001

5946
1000

5947
0100

5948
0100

5949
0100

5950
0010

5951
0100

5952
0100

5953
0100

5954
0001

5955
1000

5956
0010

5957
0100

5958
1000

5959
0010

5960
1000

5961
0011

5962
1000

5963
0001

5964
0100

5965
0110

5966
0001

5967
0100

5968
0010

5969
0100

5970
0100

5971
1000

5972
1000

5973
0010

5974
0100

5975
1000

5976
0100

5977
0100

5978
0001

5979
0001

5980
0001

5981
0100

5982
0001

5983
0001

5984
1000

5985
0100

5986
1000

5987
1000

5988
0001

5989
0100

5990
0001

5991
0001

5992
0010

5993
0100

5994
1000

5995
0100

5996
0010

5997
0010

5998
0100

5999
1000

6000
1000

6001
0101

6002
0100

6003
0001

6004
1000

6005
0010

6006
0001

6007
1000

6008
0100

6009
0010

6010
0001

6011
0001

6012
0100

6013
0100

6014
0010

6015
0100

6016
0100

6017
0001

6018
1000

6019
0010

6020
0100

6021
1000

6022
0010

6023
0001

6024
0001

6025
0001

6026
1000

6027
0100

6028
0010

6029
0001

6030
0100

6031
1000

6032
0100

6033
0100

6034
1000

6035
0010

6036
0010

6037
1000

6038
0001

6039
1000

6040
0010

6041
0100

6042
0100

6043
0010

6044
1000

6045
1000

6046
0100

6047
0010

6048
1000

6049
1000

6050
1000

6051
0001

6052
0001

6053
0100

6054
0010

6055
0100

6056
0100

6057
1000

6058
0001

6059
0001

6060
0001

6061
0001

6062
0001

6063
0100

6064
0001

6065
0010

6066
1000

6067
0100

6068
0100

6069
0001

6070
0010

6071
0100

6072
0001

6073
0001

6074
0001

6075
0010

6076
0010

6077
0100

6078
1000

6079
1000

6080
1000

6081
0100

6082
0100

6083
0001

6084
0010

6085
0001

6086
0100

6087
0001

6088
0001

6089
0010

6090
0010

6091
0010

6092
0001

6093
1000

6094
0100

6095
0001

6096
0100

6097
0100

6098
0001

6099
0010

6100
0001

6101
0010

6102
0100

6103
0100

6104
1000

6105
0011

6106
0100

6107
0010

6108
1000

6109
0100

6110
0100

6111
0001

6112
1000

6113
0100

6114
0001

6115
1000

6116
0010

6117
0100

6118
0001

6119
1000

6120
0010

6121
1000

6122
0010

6123
0010

6124
0001

6125
0100

6126
1000

6127
0100

6128
0010

6129
1000

6130
0001

6131
1000

6132
0010

6133
1000

6134
0001

6135
0010

6136
0001

6137
0100

6138
0001

6139
0001

6140
0100

6141
1000

6142
0010

6143
0001

6144
0001

6145
0010

6146
0010

6147
0100

6148
1000

6149
0010

6150
0100

6151
0001

6152
0001

6153
0010

6154
0100

6155
0100

6156
0100

6157
1001

6158
1001

6159
0100

6160
0001

6161
0100

6162
0010

6163
0001

6164
0010

6165
0010

6166
0001

6167
0100

6168
0001

6169
1000

6170
0110

6171
1000

6172
0010

6173
0001

6174
0001

6175
0001

6176
0001

6177
0001

6178
0001

6179
0001

6180
0010

6181
1000

6182
0010

6183
1000

6184
0010

6185
0100

6186
0001

6187
1000

6188
0001

6189
0001

6190
0110

6191
0010

6192
0010

6193
1000

6194
0010

6195
0010

6196
0001

6197
0001

6198
1000

6199
0010

6200
0001

6201
0100

6202
0100

6203
0001

6204
0010

6205
0100

6206
0001

6207
1000

6208
0001

6209
1000

6210
1000

6211
0001

6212
0100

6213
0100

6214
0001

6215
0001

6216
0010

6217
0001

6218
0010

6219
0010

6220
1000

6221
0100

6222
1000

6223
0001

6224
0100

6225
0010

6226
1000

6227
0001

6228
1001

6229
0100

6230
0001

6231
0100

6232
1000

6233
0010

6234
1000

6235
0001

6236
0010

6237
0100

6238
1000

6239
0010

6240
0100

6241
0010

6242
0001

6243
1000

6244
0010

6245
0010

6246
0001

6247
0001

6248
0100

6249
0001

6250
0001

6251
0100

6252
1000

6253
0100

6254
0010

6255
0010

6256
0001

6257
0010

6258
0001

6259
0010

6260
0100

6261
0100

6262
0100

6263
0100

6264
0001

6265
1000

6266
0100

6267
1000

6268
1000

6269
0100

6270
1000

6271
0010

6272
1000

6273
0001

6274
0001

6275
1000

6276
1000

6277
0010

6278
0100

6279
1000

6280
0110

6281
0010

6282
1000

6283
0010

6284
0001

6285
0010

6286
0100

6287
1100

6288
1000

6289
0110

6290
0010

6291
0100

6292
0001

6293
0010

6294
1000

6295
0010

6296
0100

6297
0100

6298
0010

6299
0100

6300
0100

6301
0001

6302
1000

6303
0010

6304
0010

6305
0100

6306
0010

6307
0100

6308
0010

6309
1000

6310
0101

6311
0100

6312
1000

6313
0100

6314
0010

6315
0010

6316
0100

6317
1000

6318
0010

6319
0001

6320
1000

6321
0100

6322
0100

6323
0010

6324
1000

6325
0100

6326
0100

6327
0001

6328
0001

6329
0100

6330
0010

6331
0010

6332
0001

6333
0100

6334
0010

6335
0001

6336
1000

6337
1000

6338
0011

6339
0010

6340
0010

6341
1000

6342
0001

6343
0001

6344
0010

6345
0010

6346
0010

6347
0001

6348
1000

6349
0100

6350
1000

6351
1000

6352
0001

6353
0010

6354
1001

6355
1000

6356
0001

6357
1000

6358
0001

6359
0100

6360
1000

6361
0010

6362
1000

6363
0001

6364
0010

6365
0100

6366
0010

6367
1111

6368
0100

6369
1000

6370
0010

6371
0001

6372
0010

6373
0100

6374
0100

6375
0010

6376
0100

6377
0001

6378
1000

6379
0100

6380
0010

6381
0100

6382
0001

6383
0001

6384
1000

6385
0100

6386
0100

6387
0010

6388
0100

6389
1000

6390
1000

6391
0001

6392
0010

6393
0010

6394
0001

6395
1000

6396
0001

6397
0001

6398
1000

6399
0001

6400
0100

6401
0001

6402
1000

6403
1000

6404
0001

6405
0010

6406
1000

6407
0010

6408
1000

6409
0100

6410
1000

6411
1000

6412
0010

6413
0100

6414
0001

6415
0100

6416
0001

6417
0010

6418
0001

6419
1000

6420
0001

6421
0100

6422
0001

6423
0100

6424
0001

6425
0100

6426
0100

6427
0001

6428
0100

6429
0010

6430
0001

6431
0100

6432
1000

6433
0010

6434
0001

6435
1000

6436
0100

6437
0010

6438
0100

6439
1000

6440
0001

6441
0010

6442
1000

6443
0010

6444
0010

6445
0100

6446
0100

6447
0100

6448
0001

6449
1001

6450
1000

6451
0010

6452
0100

6453
0001

6454
0100

6455
0100

6456
1000

6457
0100

6458
1000

6459
0100

6460
1000

6461
0010

6462
0010

6463
0001

6464
0100

6465
1000

6466
0010

6467
0100

6468
1000

6469
0100

6470
1000

6471
0001

6472
0001

6473
0100

6474
0001

6475
0100

6476
1000

6477
0100

6478
1000

6479
0001

6480
0010

6481
1000

6482
0100

6483
0100

6484
0100

6485
1000

6486
1000

6487
0100

6488
0001

6489
0010

6490
0100

6491
0010

6492
1000

6493
0001

6494
0011

6495
0010

6496
0010

6497
0100

6498
1000

6499
1000

6500
1000

6501
0100

6502
1000

6503
0100

6504
1111

6505
1000

6506
1000

6507
0100

6508
0100

6509
0010

6510
0100

6511
0100

6512
0001

6513
1100

6514
1000

6515
0010

6516
0100

6517
0001

6518
1000

6519
0010

6520
0100

6521
1000

6522
0001

6523
0100

6524
0100

6525
0010

6526
0010

6527
0100

6528
0001

6529
0100

6530
0001

6531
0100

6532
0010

6533
1000

6534
1000

6535
0010

6536
0001

6537
0001

6538
0001

6539
0001

6540
0100

6541
0010

6542
0100

6543
0100

6544
0100

6545
0100

6546
0001

6547
1000

6548
0010

6549
0100

6550
0100

6551
0100

6552
1000

6553
0010

6554
0001

6555
0010

6556
0100

6557
1000

6558
0001

6559
0010

6560
1000

6561
0001

6562
1000

6563
0110

6564
0001

6565
0001

6566
0010

6567
0001

6568
0001

6569
0011

6570
1001

6571
1000

6572
0100

6573
0100

6574
0001

6575
0010

6576
0010

6577
0010

6578
0101

6579
0001

6580
0010

6581
0010

6582
1000

6583
1000

6584
1000

6585
0001

6586
0100

6587
0001

6588
0001

6589
0100

6590
1000

6591
0110

6592
0100

6593
0001

6594
0010

6595
0010

6596
0010

6597
1000

6598
0010

6599
0001

6600
0010

6601
0100

6602
0001

6603
0010

6604
0100

6605
0100

6606
1000

6607
0010

6608
0010

6609
0010

6610
0001

6611
0100

6612
0001

6613
0010

6614
0010

6615
0100

6616
1001

6617
0100

6618
0010

6619
0100

6620
0001

6621
0010

6622
0001

6623
0100

6624
0100

6625
1000

6626
0010

6627
0001

6628
0100

6629
0100

6630
0001

6631
0010

6632
0001

6633
0001

6634
0010

6635
1000

6636
0001

6637
1000

6638
1010

6639
0001

6640
0001

6641
1000

6642
0001

6643
1000

6644
1000

6645
1000

6646
0100

6647
0101

6648
0010

6649
0100

6650
0100

6651
0001

6652
0010

6653
1000

6654
1000

6655
1000

6656
0100

6657
0100

6658
0100

6659
1000

6660
0100

6661
0010

6662
1100

6663
0010

6664
0001

6665
0001

6666
0001

6667
1011

6668
1000

6669
0100

6670
1000

6671
1000

6672
1000

6673
0010

6674
0001

6675
0100

6676
0010

6677
0100

6678
0001

6679
0001

6680
0100

6681
0100

6682
0010

6683
0010

6684
1000

6685
0100

6686
1000

6687
0100

6688
0100

6689
0010

6690
0001

6691
0011

6692
0100

6693
1000

6694
0100

6695
0100

6696
1000

6697
0100

6698
1000

6699
1000

6700
0010

6701
1000

6702
0100

6703
0100

6704
0010

6705
0001

6706
0010

6707
0010

6708
0100

6709
0001

6710
0100

6711
1000

6712
0010

6713
1000

6714
0100

6715
0001

6716
0100

6717
0010

6718
1000

6719
0010

6720
1000

6721
1000

6722
1000

6723
0010

6724
1000

6725
1000

6726
0100

6727
0100

6728
1000

6729
0001

6730
0001

6731
0001

6732
0100

6733
0100

6734
0100

6735
1000

6736
1000

6737
1000

6738
0001

6739
1010

6740
0010

6741
1000

6742
1000

6743
0001

6744
0100

6745
0001

6746
0100

6747
0100

6748
0001

6749
0100

6750
0001

6751
0001

6752
0001

6753
1000

6754
0010

6755
0001

6756
0100

6757
0001

6758
0010

6759
0001

6760
0001

6761
0001

6762
1000

6763
1000

6764
1000

6765
1000

6766
0100

6767
1000

6768
0001

6769
0100

6770
0001

6771
0100

6772
0010

6773
0001

6774
1000

6775
0001

6776
0100

6777
0010

6778
0100

6779
0001

6780
0001

6781
0010

6782
0100

6783
0010

6784
0001

6785
0001

6786
1000

6787
0100

6788
0010

6789
0100

6790
0001

6791
0100

6792
0001

6793
0100

6794
0100

6795
0100

6796
0100

6797
1000

6798
0010

6799
1000

6800
1000

6801
0100

6802
0001

6803
0010

6804
0010

6805
0100

6806
0010

6807
1000

6808
1000

6809
0001

6810
0010

6811
0100

6812
0010

6813
0100

6814
1000

6815
0001

6816
0001

6817
0010

6818
0100

6819
1000

6820
0001

6821
0010

6822
0001

6823
0001

6824
0001

6825
0100

6826
0001

6827
0001

6828
0010

6829
1000

6830
1000

6831
0001

6832
0100

6833
0001

6834
0001

6835
0001

6836
1000

6837
0011

6838
1000

6839
0001

6840
0001

6841
0010

6842
1000

6843
0100

6844
0100

6845
0100

6846
1000

6847
0010

6848
0100

6849
0010

6850
0001

6851
0010

6852
1000

6853
1000

6854
1000

6855
0100

6856
1000

6857
1000

6858
1000

6859
0100

6860
1000

6861
0010

6862
1000

6863
0001

6864
1000

6865
0001

6866
1000

6867
1000

6868
0100

6869
0010

6870
0010

6871
0100

6872
1000

6873
0100

6874
0100

6875
0010

6876
0010

6877
1000

6878
1000

6879
0001

6880
0100

6881
0001

6882
0010

6883
0010

6884
0010

6885
0001

6886
0010

6887
0010

6888
1000

6889
0001

6890
0100

6891
0001

6892
0100

6893
0010

6894
0010

6895
0100

6896
0001

6897
0010

6898
1000

6899
0010

6900
1000

6901
0001

6902
0001

6903
0100

6904
0110

6905
0100

6906
1000

6907
0100

6908
0110

6909
0001

6910
0001

6911
0100

6912
0001

6913
1000

6914
0010

6915
0001

6916
0001

6917
0110

6918
1100

6919
0100

6920
1000

6921
0010

6922
0010

6923
1000

6924
0100

6925
1000

6926
0100

6927
0100

6928
1000

6929
0001

6930
1000

6931
1000

6932
0010

6933
1000

6934
0100

6935
0100

6936
0010

6937
0001

6938
0010

6939
0100

6940
0001

6941
0001

6942
0011

6943
0010

6944
0010

6945
0100

6946
1011

6947
0001

6948
0001

6949
0010

6950
1111

6951
0100

6952
1000

6953
0010

6954
0100

6955
1000

6956
0001

6957
0001

6958
0001

6959
0010

6960
0001

6961
1000

6962
0100

6963
0001

6964
0010

6965
1000

6966
1000

6967
0010

6968
0001

6969
1000

6970
0001

6971
0010

6972
1000

6973
0010

6974
1000

6975
1000

6976
0010

6977
1001

6978
0010

6979
1000

6980
0001

6981
0010

6982
1000

6983
0010

6984
0100

6985
0001

6986
0010

6987
0100

6988
1000

6989
0010

6990
1010

6991
0001

6992
0001

6993
0100

6994
0001

6995
0100

6996
0001

6997
0100

6998
0001

6999
1000

7000
0010

7001
1000

7002
0010

7003
0010

7004
0100

7005
1000

7006
0010

7007
0100

7008
0100

7009
1000

7010
0001

7011
1000

7012
1000

7013
0001

7014
0010

7015
0100

7016
0010

7017
0010

7018
0010

7019
1000

7020
1000

7021
0100

7022
0100

7023
0001

7024
0001

7025
1000

7026
1000

7027
0100

7028
0001

7029
0100

7030
1000

7031
1000

7032
1001

7033
1000

7034
0100

7035
0010

7036
0100

7037
0100

7038
1000

7039
0001

7040
0100

7041
0100

7042
0100

7043
1000

7044
0100

7045
0100

7046
1000

7047
0001

7048
0010

7049
0001

7050
0010

7051
0001

7052
0001

7053
0001

7054
0010

7055
0010

7056
1000

7057
0001

7058
1000

7059
0001

7060
1000

7061
0100

7062
0001

7063
0010

7064
0100

7065
0001

7066
0001

7067
1000

7068
0001

7069
0100

7070
0001

7071
0001

7072
0100

7073
1000

7074
0010

7075
0010

7076
0001

7077
0100

7078
0100

7079
0001

7080
0010

7081
0010

7082
0010

7083
0010

7084
0100

7085
0001

7086
0100

7087
0001

7088
1000

7089
0001

7090
1000

7091
0001

7092
0010

7093
0111

7094
0100

7095
1000

7096
0100

7097
0001

7098
0100

7099
0010

7100
0100

7101
0001

7102
0100

7103
0001

7104
0001

7105
0001

7106
0010

7107
0001

7108
0010

7109
1000

7110
0100

7111
1000

7112
0001

7113
1000

7114
0100

7115
0010

7116
0100

7117
0100

7118
0010

7119
0001

7120
0010

7121
0001

7122
0100

7123
1000

7124
0100

7125
0100

7126
1001

7127
0010

7128
0001

7129
0100

7130
0010

7131
0010

7132
0010

7133
1000

7134
1000

7135
0001

7136
1000

7137
0001

7138
1000

7139
1000

7140
0100

7141
0010

7142
0001

7143
0101

7144
0001

7145
1000

7146
0001

7147
1000

7148
0001

7149
0010

7150
0001

7151
0001

7152
0010

7153
0010

7154
0010

7155
0001

7156
0100

7157
0010

7158
1000

7159
0100

7160
0010

7161
0010

7162
0100

7163
1000

7164
0100

7165
1000

7166
0001

7167
0001

7168
1000

7169
1000

7170
0010

7171
0100

7172
0001

7173
0001

7174
0010

7175
1000

7176
0001

7177
0010

7178
0010

7179
0001

7180
0100

7181
0010

7182
0001

7183
0010

7184
0001

7185
0100

7186
0010

7187
0010

7188
0001

7189
0010

7190
1001

7191
0001

7192
0010

7193
0001

7194
1010

7195
0100

7196
0010

7197
0010

7198
0010

7199
0100

7200
0001

7201
0001

7202
0100

7203
0001

7204
0001

7205
0010

7206
0010

7207
0010

7208
1001

7209
0010

7210
0010

7211
0100

7212
0010

7213
0001

7214
0001

7215
0001

7216
0100

7217
1000

7218
0010

7219
1000

7220
0001

7221
0110

7222
1010

7223
1111

7224
0010

7225
0010

7226
1000

7227
1000

7228
0001

7229
1000

7230
0001

7231
0010

7232
0100

7233
0100

7234
1000

7235
1000

7236
0100

7237
0001

7238
0100

7239
0100

7240
0100

7241
0100

7242
0100

7243
0010

7244
0100

7245
0010

7246
0010

7247
0010

7248
0010

7249
0010

7250
0001

7251
0001

7252
1000

7253
0100

7254
0001

7255
0100

7256
1000

7257
0001

7258
1000

7259
1000

7260
1000

7261
1000

7262
0001

7263
0100

7264
1000

7265
0100

7266
0001

7267
1000

7268
0010

7269
1000

7270
0001

7271
0001

7272
0011

7273
0010

7274
0001

7275
0100

7276
1100

7277
0010

7278
0100

7279
1000

7280
1000

7281
0001

7282
0001

7283
1000

7284
0001

7285
1000

7286
0010

7287
1000

7288
0010

7289
0010

7290
0010

7291
0010

7292
1000

7293
0010

7294
0100

7295
1000

7296
0010

7297
0100

7298
1001

7299
0100

7300
0001

7301
0001

7302
0100

7303
0100

7304
0001

7305
0001

7306
0100

7307
1111

7308
1000

7309
0001

7310
0010

7311
0010

7312
0100

7313
0100

7314
1100

7315
0100

7316
0100

7317
0001

7318
1000

7319
0001

7320
1000

7321
0100

7322
0001

7323
0001

7324
0010

7325
0001

7326
0100

7327
0100

7328
0100

7329
0010

7330
1000

7331
0010

7332
0100

7333
0001

7334
0010

7335
0010

7336
1000

7337
0010

7338
0001

7339
0010

7340
0100

7341
1000

7342
0100

7343
1000

7344
0100

7345
0001

7346
0100

7347
0001

7348
1000

7349
0100

7350
1000

7351
0010

7352
0010

7353
1000

7354
1000

7355
0001

7356
0001

7357
0001

7358
0001

7359
0100

7360
0100

7361
0100

7362
0100

7363
1000

7364
0100

7365
0010

7366
1000

7367
1000

7368
1000

7369
0010

7370
0010

7371
1000

7372
0100

7373
0100

7374
0010

7375
1000

7376
0010

7377
0100

7378
0010

7379
0100

7380
0010

7381
0100

7382
0001

7383
0100

7384
1000

7385
0010

7386
0001

7387
1000

7388
0001

7389
1000

7390
0100

7391
1000

7392
0001

7393
0100

7394
0010

7395
0010

7396
1000

7397
0001

7398
0001

7399
0010

7400
1000

7401
1000

7402
0010

7403
0001

7404
0010

7405
0110

7406
0010

7407
1000

7408
0001

7409
1000

7410
1000

7411
0101

7412
0100

7413
0010

7414
1001

7415
0100

7416
0001

7417
0100

7418
0010

7419
1000

7420
0010

7421
0001

7422
0100

7423
1000

7424
1000

7425
0010

7426
0001

7427
0100

7428
0100

7429
0010

7430
1000

7431
0010

7432
0100

7433
0100

7434
0100

7435
0001

7436
1000

7437
0001

7438
0010

7439
0010

7440
0100

7441
1000

7442
1000

7443
1000

7444
0001

7445
0001

7446
0100

7447
0001

7448
0001

7449
0100

7450
1000

7451
0010

7452
1000

7453
1000

7454
0010

7455
0010

7456
0100

7457
1000

7458
0100

7459
0100

7460
0010

7461
1000

7462
1000

7463
0001

7464
0010

7465
0010

7466
0001

7467
0100

7468
0100

7469
1000

7470
0100

7471
0100

7472
0001

7473
1000

7474
0001

7475
0100

7476
1000

7477
0100

7478
0001

7479
0100

7480
1000

7481
0001

7482
0100

7483
0001

7484
0010

7485
1000

7486
0100

7487
0100

7488
0010

7489
1000

7490
0100

7491
1000

7492
0010

7493
1000

7494
0100

7495
0010

7496
0010

7497
0010

7498
0010

7499
0010

7500
1000

7501
1000

7502
0010

7503
0100

7504
0010

7505
0001

7506
1000

7507
0010

7508
0010

7509
0001

7510
0010

7511
0001

7512
0001

7513
0010

7514
0001

7515
1000

7516
0001

7517
0010

7518
0001

7519
0100

7520
1000

7521
0100

7522
0100

7523
1000

7524
1100

7525
0100

7526
1000

7527
0100

7528
1000

7529
0100

7530
1000

7531
0100

7532
1000

7533
0010

7534
1000

7535
0001

7536
0010

7537
0010

7538
1000

7539
0100

7540
0010

7541
0001

7542
1000

7543
0100

7544
0001

7545
1010

7546
0100

7547
1000

7548
1000

7549
1010

7550
1111

7551
0001

7552
0001

7553
0001

7554
0010

7555
0100

7556
0001

7557
0001

7558
0010

7559
0100

7560
0100

7561
0010

7562
0001

7563
0010

7564
1000

7565
0010

7566
0100

7567
0010

7568
0001

7569
0010

7570
0001

7571
0100

7572
0010

7573
0100

7574
1000

7575
0100

7576
0001

7577
0010

7578
0100

7579
0001

7580
0010

7581
0010

7582
0100

7583
0100

7584
0001

7585
1000

7586
0010

7587
1000

7588
0010

7589
0100

7590
0001

7591
0100

7592
1000

7593
0010

7594
0010

7595
0010

7596
0100

7597
0010

7598
1000

7599
0101

7600
0100

7601
0001

7602
0001

7603
0100

7604
0100

7605
0100

7606
0010

7607
1000

7608
0011

7609
1000

7610
0110

7611
0001

7612
0010

7613
0110

7614
0100

7615
1000

7616
1000

7617
0100

7618
0001

7619
0100

7620
1000

7621
0100

7622
0010

7623
0001

7624
0001

7625
1000

7626
0010

7627
0001

7628
0100

7629
0010

7630
0100

7631
0100

7632
0010

7633
1000

7634
0010

7635
0100

7636
0100

7637
0001

7638
0100

7639
1000

7640
0010

7641
0001

7642
1000

7643
1000

7644
0010

7645
0010

7646
1000

7647
1000

7648
1000

7649
0001

7650
0001

7651
0100

7652
0010

7653
0001

7654
0001

7655
0010

7656
1000

7657
0001

7658
0100

7659
0001

7660
0100

7661
0010

7662
0100

7663
0010

7664
0100

7665
0100

7666
1000

7667
0001

7668
0100

7669
0100

7670
1000

7671
0010

7672
1000

7673
1000

7674
1000

7675
0100

7676
0010

7677
0001

7678
1000

7679
0100

7680
1000

7681
0111

7682
1000

7683
1000

7684
0100

7685
0001

7686
0100

7687
0100

7688
1000

7689
0001

7690
0001

7691
1000

7692
0010

7693
0010

7694
1000

7695
1000

7696
0010

7697
0100

7698
1000

7699
1000

7700
1111

7701
0010

7702
1100

7703
1000

7704
0100

7705
0001

7706
1000

7707
0100

7708
0011

7709
0001

7710
0010

7711
1100

7712
0010

7713
0001

7714
0010

7715
1000

7716
0010

7717
0010

7718
1000

7719
0010

7720
0010

7721
0100

7722
0100

7723
0100

7724
0001

7725
0100

7726
0001

7727
1000

7728
0100

7729
0100

7730
0100

7731
1000

7732
0001

7733
0010

7734
0010

7735
0010

7736
0100

7737
0010

7738
0001

7739
0010

7740
0100

7741
0010

7742
1000

7743
0001

7744
0001

7745
1000

7746
0001

7747
1000

7748
1000

7749
1000

7750
0100

7751
0001

7752
0001

7753
1000

7754
1000

7755
1000

7756
0001

7757
1000

7758
0001

7759
0010

7760
0001

7761
0001

7762
0001

7763
0100

7764
0010

7765
0001

7766
0100

7767
0100

7768
0010

7769
0001

7770
1000

7771
1000

7772
0001

7773
0010

7774
0001

7775
0010

7776
1000

7777
1000

7778
1000

7779
1111

7780
0110

7781
0010

7782
0001

7783
1000

7784
0100

7785
0100

7786
0010

7787
1000

7788
0001

7789
0010

7790
0001

7791
0100

7792
0100

7793
0100

7794
1000

7795
1000

7796
0100

7797
0010

7798
0010

7799
0010

7800
0100

7801
1000

7802
0001

7803
0010

7804
0001

7805
0100

7806
0010

7807
1000

7808
0001

7809
0100

7810
0001

7811
1000

7812
0001

7813
1000

7814
0001

7815
0100

7816
0001

7817
0001

7818
0001

7819
0100

7820
0100

7821
0010

7822
0010

7823
1000

7824
1000

7825
0001

7826
0001

7827
0001

7828
0010

7829
1000

7830
0100

7831
1000

7832
0001

7833
1000

7834
1000

7835
1000

7836
0100

7837
0001

7838
1000

7839
0100

7840
1000

7841
0100

7842
0001

7843
1000

7844
0001

7845
0100

7846
0010

7847
1000

7848
0010

7849
0100

7850
0001

7851
0010

7852
0010

7853
0100

7854
1100

7855
0001

7856
0100

7857
1000

7858
1100

7859
1000

7860
0100

7861
0100

7862
1000

7863
1000

7864
0001

7865
0010

7866
0010

7867
0001

7868
1000

7869
0010

7870
0010

7871
0100

7872
0101

7873
0010

7874
1000

7875
0001

7876
0100

7877
1000

7878
0011

7879
0100

7880
0001

7881
0110

7882
0001

7883
0010

7884
0100

7885
0001

7886
1000

7887
1000

7888
0010

7889
0100

7890
1000

7891
0001

7892
0001

7893
0001

7894
0001

7895
0010

7896
0001

7897
0100

7898
0100

7899
0100

7900
1000

7901
0010

7902
0001

7903
0001

7904
0100

7905
0100

7906
0001

7907
0010

7908
0001

7909
0001

7910
1000

7911
1000

7912
1000

7913
1000

7914
0100

7915
1000

7916
0001

7917
0100

7918
1000

7919
0001

7920
0010

7921
0100

7922
0110

7923
0001

7924
0100

7925
0101

7926
0010

7927
0010

7928
1000

7929
0100

7930
1000

7931
0010

7932
1111

7933
0001

7934
0100

7935
0001

7936
0010

7937
1000

7938
0100

7939
0010

7940
0001

7941
0010

7942
0100

7943
1000

7944
1000

7945
0001

7946
0100

7947
0010

7948
1000

7949
0001

7950
1000

7951
0010

7952
1000

7953
0001

7954
1000

7955
0100

7956
0010

7957
0100

7958
0100

7959
0001

7960
1000

7961
1000

7962
0001

7963
0100

7964
0010

7965
0010

7966
0001

7967
0010

7968
1000

7969
0001

7970
0001

7971
0001

7972
0110

7973
1000

7974
0001

7975
0100

7976
0001

7977
0010

7978
0100

7979
0100

7980
0010

7981
1000

7982
0100

7983
0001

7984
1000

7985
0010

7986
0010

7987
1000

7988
0010

7989
0001

7990
0010

7991
1000

7992
0010

7993
0100

7994
0001

7995
0100

7996
0010

7997
0100

7998
0010

7999
0100

8000
0100

8001
1000

8002
0001

8003
0010

8004
1100

8005
1000

8006
0001

8007
0100

8008
0001

8009
0010

8010
0001

8011
0100

8012
0100

8013
0010

8014
0010

8015
0001

8016
0010

8017
1000

8018
0001

8019
0010

8020
0010

8021
0001

8022
0100

8023
0010

8024
1000

8025
1000

8026
0100

8027
0001

8028
0001

8029
0110

8030
0001

8031
0010

8032
0001

8033
0010

8034
1000

8035
0001

8036
1000

8037
1000

8038
0100

8039
1000

8040
0010

8041
1000

8042
1000

8043
0100

8044
0001

8045
0001

8046
0100

8047
0010

8048
1000

8049
0100

8050
0001

8051
0010

8052
0010

8053
0100

8054
1000

8055
1000

8056
1000

8057
0001

8058
0100

8059
1000

8060
0001

8061
0010

8062
0010

8063
0010

8064
0001

8065
0010

8066
0001

8067
0100

8068
0001

8069
1000

8070
0010

8071
0011

8072
0010

8073
0010

8074
1010

8075
1000

8076
0100

8077
1111

8078
0010

8079
0100

8080
1000

8081
0010

8082
0010

8083
0100

8084
0010

8085
1000

8086
0100

8087
0100

8088
0100

8089
0010

8090
0001

8091
0010

8092
0001

8093
1000

8094
0010

8095
0100

8096
0100

8097
0001

8098
0010

8099
0001

8100
0001

8101
0001

8102
1000

8103
0100

8104
1000

8105
0010

8106
0001

8107
0100

8108
1000

8109
0010

8110
0100

8111
0100

8112
0010

8113
0010

8114
0001

8115
1000

8116
0010

8117
0100

8118
0010

8119
0010

8120
0010

8121
0010

8122
0001

8123
0010

8124
0100

8125
1000

8126
0010

8127
0010

8128
0001

8129
0001

8130
0100

8131
0100

8132
1000

8133
0010

8134
0001

8135
0010

8136
0010

8137
0001

8138
0001

8139
0001

8140
0100

8141
0010

8142
0001

8143
1010

8144
0100

8145
0001

8146
1000

8147
0100

8148
0100

8149
0100

8150
0011

8151
0010

8152
0100

8153
0100

8154
0100

8155
0010

8156
0001

8157
1000

8158
0001

8159
0100

8160
0010

8161
1000

8162
0101

8163
0100

8164
1000

8165
0100

8166
0100

8167
0100

8168
0001

8169
0010

8170
0001

8171
0001

8172
0010

8173
0001

8174
0001

8175
0010

8176
0001

8177
1000

8178
1000

8179
0001

8180
0100

8181
0001

8182
0010

8183
0001

8184
0010

8185
0100

8186
0010

8187
0010

8188
0010

8189
0100

8190
1000

8191
0010

8192
0001

8193
0100

8194
1000

8195
0010

8196
0010

8197
1000

8198
1000

8199
0001

8200
1000

8201
0001

8202
0010

8203
1000

8204
0100

8205
0001

8206
0011

8207
1000

8208
0100

8209
0001

8210
0110

8211
1000

8212
1000

8213
0011

8214
0101

8215
1000

8216
0001

8217
0001

8218
1000

8219
0100

8220
0010

8221
0001

8222
0010

8223
0100

8224
0010

8225
0010

8226
1000

8227
1000

8228
0001

8229
1000

8230
1000

8231
0010

8232
0010

8233
0100

8234
0010

8235
0010

8236
0001

8237
0100

8238
0100

8239
1100

8240
0010

8241
1000

8242
0100

8243
1000

8244
1000

8245
1100

8246
1000

8247
0001

8248
1000

8249
0001

8250
0100

8251
0100

8252
0010

8253
0010

8254
1000

8255
0100

8256
0010

8257
0001

8258
0010

8259
1000

8260
0001

8261
0001

8262
0010

8263
0010

8264
0100

8265
0010

8266
0100

8267
0001

8268
0010

8269
0010

8270
1000

8271
0001

8272
1000

8273
0001

8274
0100

8275
0100

8276
0001

8277
0001

8278
0100

8279
0100

8280
0001

8281
0001

8282
0011

8283
0100

8284
1000

8285
0010

8286
1000

8287
1111

8288
0001

8289
1000

8290
0100

8291
1000

8292
0010

8293
1000

8294
0100

8295
0010

8296
0100

8297
0001

8298
0001

8299
0100

8300
0010

8301
1000

8302
1000

8303
0001

8304
0001

8305
0100

8306
0010

8307
0010

8308
0001

8309
0010

8310
0010

8311
0100

8312
1000

8313
0001

8314
0001

8315
0010

8316
0100

8317
0010

8318
0010

8319
1000

8320
0100

8321
1000

8322
1000

8323
1000

8324
0010

8325
0001

8326
0010

8327
0010

8328
0011

8329
0100

8330
0010

8331
0001

8332
0100

8333
0001

8334
0010

8335
0010

8336
0010

8337
0001

8338
0100

8339
0101

8340
0100

8341
0100

8342
1000

8343
0100

8344
0100

8345
0010

8346
0100

8347
0010

8348
0010

8349
0100

8350
1000

8351
1000

8352
0100

8353
0100

8354
1000

8355
1000

8356
0100

8357
0100

8358
0010

8359
0100

8360
0010

8361
0010

8362
0100

8363
0001

8364
0010

8365
1000

8366
1000

8367
0001

8368
1000

8369
0001

8370
1000

8371
0010

8372
0010

8373
0001

8374
1000

8375
1000

8376
0100

8377
1000

8378
0010

8379
0100

8380
1000

8381
0010

8382
0010

8383
0001

8384
1000

8385
0001

8386
1010

8387
0001

8388
0010

8389
1000

8390
1000

8391
0100

8392
0010

8393
0010

8394
0001

8395
1000

8396
0001

8397
0001

8398
0100

8399
0001

8400
0010

8401
1000

8402
0001

8403
0001

8404
1100

8405
0100

8406
0001

8407
1000

8408
0010

8409
0100

8410
0001

8411
0010

8412
1000

8413
1000

8414
1000

8415
0001

8416
0100

8417
0100

8418
0100

8419
0010

8420
0011

8421
0001

8422
0100

8423
0001

8424
0001

8425
0001

8426
0001

8427
1000

8428
1000

8429
1000

8430
1000

8431
1000

8432
0010

8433
0110

8434
0100

8435
0010

8436
0100

8437
0100

8438
0001

8439
0100

8440
0010

8441
1000

8442
0010

8443
0100

8444
0010

8445
0001

8446
0010

8447
0100

8448
0001

8449
1100

8450
0100

8451
0100

8452
0001

8453
1010

8454
0100

8455
0100

8456
1000

8457
1000

8458
0001

8459
0010

8460
0001

8461
0001

8462
0001

8463
0001

8464
0100

8465
0100

8466
1000

8467
0001

8468
1000

8469
0100

8470
1000

8471
0010

8472
0010

8473
0100

8474
0010

8475
1000

8476
0100

8477
1000

8478
1000

8479
0001

8480
1000

8481
0100

8482
0010

8483
0010

8484
0010

8485
0010

8486
0001

8487
0011

8488
1000

8489
1000

8490
0010

8491
0010

8492
0100

8493
0001

8494
1000

8495
0010

8496
0100

8497
0100

8498
1000

8499
0100

8500
0001

8501
0010

8502
0100

8503
0100

8504
0010

8505
0100

8506
0100

8507
1000

8508
1000

8509
0010

8510
0001

8511
1000

8512
0010

8513
0001

8514
0100

8515
0110

8516
0010

8517
0001

8518
0001

8519
0001

8520
0100

8521
0001

8522
0100

8523
0010

8524
1000

8525
0001

8526
1000

8527
0001

8528
0001

8529
0001

8530
1000

8531
1000

8532
1010

8533
0001

8534
0100

8535
0001

8536
1000

8537
0001

8538
0010

8539
0010

8540
0001

8541
0001

8542
1000

8543
0001

8544
0100

8545
0001

8546
1000

8547
0001

8548
0100

8549
0100

8550
0001

8551
1000

8552
1000

8553
0100

8554
0100

8555
0001

8556
0100

8557
0001

8558
0010

8559
1000

8560
0011

8561
0001

8562
0010

8563
0010

8564
0100

8565
0100

8566
0010

8567
0010

8568
0100

8569
0001

8570
1000

8571
0010

8572
0100

8573
0001

8574
0100

8575
0010

8576
0001

8577
0010

8578
0001

8579
0010

8580
0100

8581
0010

8582
1000

8583
0100

8584
1000

8585
1000

8586
1000

8587
0100

8588
1000

8589
1000

8590
0100

8591
0010

8592
0010

8593
0001

8594
0010

8595
1000

8596
0001

8597
0100

8598
1000

8599
0010

8600
0100

8601
0010

8602
1000

8603
0100

8604
0100

8605
0011

8606
0100

8607
1000

8608
0010

8609
0100

8610
1010

8611
0100

8612
1010

8613
1000

8614
0010

8615
0001

8616
0001

8617
0100

8618
0010

8619
0010

8620
1001

8621
1000

8622
0001

8623
1000

8624
0001

8625
0010

8626
1000

8627
0010

8628
0010

8629
0001

8630
0010

8631
0010

8632
1000

8633
0010

8634
0010

8635
0010

8636
0010

8637
0001

8638
0001

8639
0001

8640
0001

8641
0001

8642
1000

8643
0010

8644
1000

8645
1000

8646
0011

8647
0001

8648
0010

8649
0100

8650
0100

8651
0001

8652
0010

8653
0010

8654
0011

8655
0001

8656
0001

8657
0100

8658
0100

8659
0001

8660
0010

8661
1000

8662
0001

8663
1010

8664
0001

8665
1000

8666
1000

8667
0001

8668
0010

8669
1000

8670
0100

8671
0010

8672
0100

8673
0001

8674
0001

8675
1000

8676
1000

8677
0010

8678
0010

8679
0001

8680
1000

8681
0001

8682
0010

8683
0001

8684
0100

8685
0001

8686
0010

8687
1000

8688
1000

8689
0001

8690
0001

8691
0100

8692
0010

8693
0100

8694
0100

8695
0100

8696
0100

8697
0001

8698
1000

8699
0001

8700
0100

8701
0001

8702
0100

8703
0001

8704
1000

8705
1000

8706
1000

8707
0010

8708
0001

8709
0100

8710
0100

8711
0001

8712
0010

8713
0101

8714
0001

8715
1000

8716
0100

8717
1000

8718
0010

8719
0010

8720
0010

8721
0010

8722
1000

8723
1000

8724
1110

8725
0001

8726
0101

8727
1000

8728
0100

8729
0100

8730
0100

8731
1000

8732
0010

8733
1000

8734
0100

8735
0010

8736
0110

8737
0010

8738
0100

8739
0001

8740
1000

8741
0010

8742
0010

8743
0100

8744
1000

8745
0010

8746
0001

8747
0100

8748
0010

8749
0010

8750
0010

8751
0010

8752
0010

8753
0001

8754
1000

8755
0010

8756
0100

8757
1000

8758
0100

8759
1000

8760
1000

8761
0001

8762
1000

8763
0100

8764
0100

8765
0001

8766
1001

8767
1000

8768
0010

8769
0100

8770
0110

8771
0001

8772
0100

8773
0010

8774
0001

8775
1010

8776
0001

8777
0001

8778
0001

8779
0001

8780
0100

8781
0001

8782
0010

8783
0100

8784
0010

8785
0100

8786
0010

8787
0001

8788
1000

8789
0010

8790
1000

8791
1000

8792
1000

8793
0001

8794
0001

8795
0100

8796
1000

8797
0010

8798
0100

8799
1000

8800
0010

8801
0001

8802
0010

8803
0001

8804
0010

8805
0010

8806
0010

8807
1000

8808
0100

8809
0100

8810
0001

8811
0100

8812
1000

8813
0100

8814
0010

8815
0010

8816
0001

8817
0010

8818
0001

8819
0001

8820
0100

8821
1000

8822
1000

8823
1001

8824
0100

8825
0010

8826
0001

8827
1000

8828
0001

8829
0010

8830
0100

8831
1101

8832
1000

8833
0010

8834
1000

8835
0100

8836
0001

8837
0001

8838
0100

8839
0100

8840
0010

8841
0100

8842
0010

8843
0010

8844
1000

8845
1001

8846
0010

8847
0001

8848
0010

8849
0010

8850
0001

8851
0001

8852
0001

8853
0001

8854
0001

8855
0100

8856
0100

8857
0100

8858
0001

8859
0100

8860
0001

8861
0010

8862
0010

8863
0100

8864
0100

8865
0001

8866
0010

8867
1000

8868
0100

8869
0010

8870
0010

8871
1000

8872
0010

8873
0010

8874
0010

8875
0011

8876
0001

8877
0001

8878
0100

8879
1000

8880
1000

8881
0100

8882
0001

8883
0100

8884
1000

8885
0001

8886
0001

8887
0100

8888
0001

8889
0001

8890
1000

8891
0010

8892
1000

8893
1000

8894
0010

8895
0010

8896
0100

8897
1000

8898
0001

8899
0001

8900
0100

8901
0010

8902
1000

8903
0100

8904
0001

8905
0010

8906
1000

8907
1000

8908
0001

8909
0100

8910
1000

8911
0010

8912
0100

8913
0010

8914
0100

8915
1000

8916
0100

8917
1000

8918
0100

8919
0001

8920
0010

8921
0010

8922
0010

8923
0100

8924
1000

8925
1000

8926
0001

8927
1000

8928
0010

8929
0010

8930
1000

8931
1000

8932
0010

8933
1000

8934
1000

8935
0001

8936
0001

8937
0010

8938
0001

8939
0001

8940
1000

8941
0100

8942
0010

8943
0001

8944
1000

8945
1000

8946
0010

8947
0001

8948
0010

8949
0001

8950
0110

8951
0100

8952
0001

8953
0010

8954
0100

8955
1000

8956
0010

8957
0100

8958
0001

8959
0010

8960
1000

8961
0001

8962
0100

8963
0010

8964
0001

8965
0100

8966
1000

8967
0010

8968
0101

8969
1000

8970
0010

8971
0100

8972
0010

8973
0010

8974
1000

8975
0010

8976
1000

8977
0100

8978
0101

8979
0010

8980
0010

8981
0001

8982
0100

8983
1000

8984
1000

8985
0001

8986
1000

8987
0011

8988
0001

8989
0100

8990
1000

8991
0001

8992
0010

8993
0100

8994
1000

8995
0100

8996
1000

8997
0100

8998
0010

8999
0001

9000
0010

9001
0001

9002
0001

9003
0001

9004
0001

9005
0100

9006
0001

9007
1000

9008
0010

9009
0001

9010
1000

9011
0100

9012
0010

9013
0001

9014
1000

9015
0010

9016
1000

9017
0100

9018
0100

9019
0001

9020
1000

9021
0001

9022
0001

9023
0010

9024
0100

9025
0010

9026
0100

9027
0010

9028
0100

9029
1000

9030
0101

9031
0001

9032
1000

9033
0001

9034
0100

9035
0100

9036
0001

9037
0100

9038
0010

9039
0010

9040
0100

9041
0010

9042
0010

9043
0001

9044
0100

9045
0100

9046
0001

9047
1000

9048
0001

9049
0100

9050
0010

9051
0001

9052
0001

9053
0001

9054
1000

9055
0010

9056
0100

9057
0100

9058
0100

9059
0010

9060
0010

9061
0010

9062
0010

9063
1100

9064
1000

9065
1001

9066
1000

9067
0010

9068
0001

9069
1000

9070
0001

9071
0010

9072
1111

9073
0010

9074
0100

9075
0100

9076
1000

9077
0001

9078
0100

9079
0001

9080
1000

9081
0001

9082
0100

9083
0100

9084
1000

9085
0100

9086
0010

9087
0100

9088
1000

9089
0001

9090
0010

9091
1000

9092
0100

9093
1000

9094
1000

9095
0100

9096
0100

9097
0010

9098
1000

9099
0100

9100
0100

9101
0100

9102
1000

9103
0001

9104
0100

9105
0100

9106
0100

9107
1000

9108
0001

9109
1000

9110
0001

9111
1000

9112
1000

9113
0001

9114
0001

9115
0001

9116
1000

9117
0100

9118
1000

9119
1000

9120
0100

9121
0100

9122
0001

9123
1000

9124
0010

9125
0100

9126
0100

9127
1000

9128
1000

9129
0100

9130
0001

9131
0010

9132
1000

9133
1000

9134
1000

9135
0100

9136
0010

9137
0010

9138
0010

9139
1000

9140
0001

9141
0010

9142
0010

9143
0010

9144
1000

9145
0100

9146
0100

9147
0100

9148
0011

9149
0001

9150
0100

9151
0100

9152
0010

9153
0100

9154
0001

9155
1000

9156
0100

9157
0100

9158
1000

9159
1000

9160
0001

9161
0010

9162
0001

9163
0001

9164
0010

9165
0010

9166
0010

9167
1000

9168
1000

9169
1000

9170
0011

9171
0001

9172
0010

9173
0100

9174
0001

9175
0001

9176
0100

9177
0010

9178
0001

9179
0010

9180
0100

9181
1000

9182
1000

9183
1000

9184
1000

9185
1000

9186
0001

9187
0001

9188
0010

9189
0100

9190
0100

9191
0010

9192
0100

9193
0100

9194
0100

9195
0010

9196
0010

9197
0001

9198
1000

9199
0010

9200
0010

9201
1000

9202
1000

9203
1000

9204
0001

9205
0001

9206
0100

9207
0100

9208
0100

9209
0100

9210
0101

9211
0010

9212
0100

9213
1000

9214
0100

9215
0010

9216
0100

9217
0100

9218
0001

9219
0001

9220
0100

9221
0001

9222
0001

9223
0001

9224
0010

9225
0100

9226
1000

9227
0001

9228
0010

9229
0010

9230
0100

9231
0010

9232
0001

9233
0010

9234
0010

9235
0001

9236
0100

9237
0001

9238
1000

9239
0010

9240
0100

9241
1000

9242
1000

9243
1100

9244
0110

9245
0001

9246
0010

9247
0100

9248
1000

9249
1000

9250
0010

9251
1000

9252
0100

9253
1000

9254
0001

9255
1010

9256
0100

9257
0010

9258
0010

9259
0100

9260
1000

9261
1000

9262
0001

9263
0010

9264
0100

9265
0010

9266
0001

9267
0100

9268
0010

9269
0010

9270
0001

9271
0001

9272
0001

9273
0010

9274
0001

9275
0001

9276
1000

9277
0100

9278
0010

9279
0010

9280
0001

9281
0010

9282
0001

9283
0010

9284
1000

9285
0001

9286
0100

9287
0001

9288
0100

9289
1000

9290
1000

9291
0010

9292
0001

9293
1111

9294
1000

9295
0100

9296
0100

9297
0001

9298
1000

9299
1000

9300
1010

9301
1000

9302
0001

9303
0001

9304
0010

9305
1000

9306
0010

9307
0001

9308
0100

9309
0001

9310
0100

9311
0011

9312
0001

9313
0010

9314
1111

9315
0001

9316
0001

9317
0100

9318
0100

9319
0100

9320
1010

9321
0010

9322
0100

9323
0010

9324
0010

9325
1000

9326
0100

9327
1000

9328
0100

9329
0100

9330
0001

9331
0010

9332
0100

9333
0110

9334
1000

9335
0010

9336
1000

9337
1000

9338
0100

9339
0001

9340
1000

9341
0001

9342
1000

9343
0001

9344
0101

9345
0100

9346
1000

9347
0001

9348
0001

9349
1000

9350
0010

9351
0001

9352
0001

9353
0010

9354
0100

9355
0001

9356
0001

9357
1000

9358
0010

9359
0001

9360
0010

9361
0001

9362
1000

9363
0100

9364
0010

9365
1000

9366
0001

9367
0001

9368
0100

9369
1000

9370
0010

9371
0100

9372
1100

9373
0100

9374
1000

9375
0101

9376
1000

9377
0010

9378
0100

9379
0100

9380
0010

9381
1000

9382
0100

9383
0100

9384
1000

9385
0001

9386
1000

9387
0001

9388
0100

9389
0001

9390
0010

9391
0001

9392
0010

9393
0010

9394
0100

9395
0100

9396
0001

9397
0100

9398
0011

9399
0001

9400
1000

9401
0100

9402
1000

9403
0010

9404
0100

9405
0001

9406
0010

9407
0010

9408
0001

9409
0010

9410
0100

9411
0010

9412
0010

9413
1000

9414
0100

9415
1100

9416
0010

9417
0100

9418
1000

9419
0001

9420
1100

9421
1000

9422
0100

9423
0001

9424
0010

9425
0010

9426
1000

9427
1000

9428
0100

9429
1001

9430
0100

9431
0010

9432
0010

9433
0001

9434
0001

9435
1000

9436
0100

9437
0001

9438
1000

9439
0100

9440
0001

9441
1000

9442
0001

9443
0100

9444
1000

9445
1000

9446
0100

9447
0001

9448
0001

9449
0010

9450
0100

9451
0100

9452
1000

9453
0011

9454
1000

9455
1100

9456
0100

9457
0010

9458
0100

9459
0001

9460
1000

9461
1000

9462
1000

9463
0100

9464
0010

9465
1111

9466
0001

9467
0001

9468
0100

9469
0001

9470
0001

9471
0001

9472
0010

9473
1000

9474
0010

9475
0001

9476
0001

9477
0100

9478
0010

9479
1000

9480
0010

9481
0001

9482
1000

9483
0010

9484
0001

9485
0001

9486
0010

9487
1000

9488
0010

9489
0010

9490
0001

9491
0010

9492
1000

9493
0100

9494
1000

9495
1000

9496
1000

9497
1000

9498
1000

9499
0001

9500
1000

9501
1000

9502
0001

9503
0010

9504
1000

9505
0010

9506
0100

9507
0001

9508
0100

9509
0010

9510
0100

9511
0010

9512
0001

9513
0010

9514
0100

9515
1000

9516
0001

9517
0001

9518
0110

9519
0001

9520
0001

9521
1000

9522
0001

9523
0011

9524
0001

9525
0010

9526
1010

9527
0100

9528
0010

9529
0001

9530
0010

9531
0010

9532
0010

9533
0100

9534
0100

9535
0100

9536
0110

9537
0010

9538
0001

9539
0100

9540
0001

9541
1000

9542
1000

9543
0010

9544
0100

9545
0010

9546
1000

9547
1000

9548
0010

9549
0001

9550
0100

9551
0010

9552
0001

9553
0001

9554
0001

9555
0001

9556
0001

9557
0010

9558
0010

9559
0001

9560
1000

9561
1100

9562
0001

9563
0010

9564
0001

9565
0001

9566
0010

9567
0011

9568
0010

9569
0001

9570
0010

9571
0100

9572
0001

9573
0001

9574
0001

9575
0010

9576
0100

9577
0010

9578
0010

9579
1000

9580
0001

9581
0100

9582
0100

9583
0100

9584
0010

9585
0001

9586
0100

9587
0001

9588
0100

9589
0001

9590
1000

9591
1000

9592
0100

9593
1000

9594
1000

9595
1010

9596
0100

9597
1010

9598
1100

9599
0001

9600
0010

9601
1000

9602
0001

9603
1111

9604
0010

9605
0100

9606
0100

9607
1000

9608
1010

9609
0100

9610
0100

9611
1000

9612
0100

9613
1000

9614
0011

9615
0001

9616
0001

9617
0010

9618
0011

9619
1000

9620
0001

9621
0100

9622
0010

9623
1000

9624
1000

9625
1000

9626
0010

9627
0010

9628
1000

9629
1000

9630
1111

9631
0001

9632
1000

9633
0001

9634
0001

9635
0010

9636
0001

9637
0010

9638
0010

9639
0001

9640
0100

9641
0001

9642
0100

9643
1000

9644
1000

9645
1000

9646
0100

9647
1000

9648
1000

9649
1000

9650
0001

9651
0100

9652
0010

9653
0010

9654
0100

9655
1000

9656
0100

9657
0010

9658
1000

9659
1000

9660
0010

9661
0100

9662
1000

9663
0100

9664
1000

9665
0100

9666
0001

9667
1000

9668
1000

9669
0010

9670
0100

9671
0001

9672
0001

9673
0001

9674
0010

9675
0100

9676
1000

9677
1000

9678
0100

9679
0100

9680
0010

9681
0010

9682
0010

9683
0100

9684
0001

9685
0100

9686
0001

9687
1000

9688
0001

9689
0100

9690
0001

9691
0010

9692
0001

9693
0001

9694
1000

9695
1000

9696
0010

9697
1000

9698
0001

9699
0100

9700
0100

9701
0001

9702
0010

9703
0001

9704
0101

9705
0001

9706
1001

9707
0010

9708
1100

9709
0001

9710
0010

9711
1000

9712
0001

9713
0001

9714
0100

9715
0110

9716
0100

9717
0100

9718
0001

9719
0010

9720
0100

9721
1001

9722
0010

9723
0001

9724
1000

9725
0010

9726
0001

9727
0001

9728
0100

9729
0100

9730
0010

9731
1000

9732
1000

9733
1000

9734
0001

9735
0010

9736
1000

9737
0010

9738
0001

9739
0100

9740
0100

9741
1000

9742
0010

9743
0100

9744
0001

9745
0100

9746
0010

9747
0011

9748
0100

9749
0100

9750
1000

9751
1000

9752
0001

9753
0100

9754
0010

9755
0001

9756
1000

9757
1000

9758
0100

9759
0001

9760
0010

9761
0001

9762
0010

9763
1000

9764
0001

9765
0100

9766
1000

9767
0100

9768
0010

9769
0100

9770
0001

9771
0001

9772
0100

9773
1000

9774
0100

9775
0100

9776
0001

9777
0001

9778
0010

9779
0100

9780
0001

9781
1000

9782
0010

9783
0001

9784
0001

9785
0010

9786
0001

9787
0100

9788
0010

9789
0001

9790
1000

9791
0100

9792
0101

9793
1000

9794
1000

9795
1000

9796
0100

9797
1000

9798
0001

9799
0001

9800
1000

9801
0100

9802
1000

9803
0001

9804
0001

9805
0100

9806
0110

9807
0100

9808
1100

9809
0001

9810
0001

9811
0100

9812
0010

9813
0010

9814
1000

9815
0001

9816
0010

9817
1000

9818
0010

9819
1000

9820
0100

9821
0100

9822
0001

9823
1000

9824
1001

9825
0100

9826
1000

9827
0100

9828
0100

9829
0001

9830
0001

9831
0100

9832
0100

9833
1000

9834
0010

9835
0001

9836
0100

9837
1000

9838
0001

9839
0100

9840
1000

9841
1000

9842
0100

9843
0010

9844
0001

9845
1000

9846
0100

9847
0100

9848
0001

9849
0100

9850
0001

9851
0100

9852
0010

9853
0100

9854
0100

9855
1000

9856
0011

9857
0100

9858
1000

9859
0001

9860
1000

9861
1000

9862
0100

9863
0001

9864
0100

9865
0001

9866
0010

9867
0001

9868
0100

9869
0100

9870
1011

9871
0001

9872
1000

9873
0010

9874
1000

9875
1100

9876
0001

9877
1000

9878
0010

9879
1000

9880
0100

9881
0001

9882
0010

9883
0010

9884
0010

9885
1000

9886
0100

9887
0100

9888
0010

9889
0100

9890
0100

9891
0010

9892
0010

9893
0010

9894
0100

9895
1000

9896
0001

9897
0100

9898
0010

9899
0010

9900
0001

9901
0101

9902
1000

9903
0001

9904
0010

9905
0010

9906
0001

9907
0010

9908
1000

9909
0010

9910
0001

9911
0100

9912
0001

9913
0001

9914
1000

9915
1000

9916
0001

9917
0010

9918
0010

9919
1000

9920
1000

9921
0010

9922
0010

9923
1000

9924
0001

9925
0001

9926
1000

9927
0010

9928
0001

9929
0010

9930
0100

9931
0010

9932
1000

9933
0100

9934
0001

9935
0100

9936
0001

9937
0001

9938
0001

9939
0010

9940
0001

9941
0100

9942
0001

9943
0100

9944
0001

9945
0001

9946
1000

9947
0001

9948
0001

9949
0010

9950
0010

9951
0001

9952
0001

9953
0010

9954
0010

9955
1000

9956
0001

9957
1000

9958
0100

9959
0100

9960
0001

9961
1000

9962
0010

9963
1000

9964
1000

9965
0010

9966
0100

9967
1000

9968
0100

9969
0010

9970
0001

9971
0100

9972
0100

9973
0100

9974
0010

9975
0001

9976
0001

9977
0100

9978
0100

9979
0001

9980
0010

9981
0100

9982
0001

9983
0001

9984
1010

9985
0010

9986
0100

9987
1000

9988
1000

9989
1111

9990
1000

9991
0100

9992
0001

9993
1000

9994
1000

9995
0001

9996
0100

9997
0001

9998
1000

9999
0010

